path,line,kind,owner,old_name,new_name,status
"src/main/java/xiaocaoawa/minecraft/mod/cobblebattle/account/AuthMode.java","21","PARAMETER","byOrdinal(int)","ordinal","ordinal","待命名"
"src/main/java/xiaocaoawa/minecraft/mod/cobblebattle/account/AuthMode.java","22","LOCAL_VARIABLE","byOrdinal(int)","all","all","待命名"
"src/main/java/xiaocaoawa/minecraft/mod/cobblebattle/account/AuthService.java","12","FIELD","xiaocaoawa.minecraft.mod.cobblebattle.account.AuthService","sessions","sessions","待命名"
"src/main/java/xiaocaoawa/minecraft/mod/cobblebattle/account/AuthService.java","13","PARAMETER","accountOf(java.util.UUID)","playerUuid","participantUuid","待验证"
"src/main/java/xiaocaoawa/minecraft/mod/cobblebattle/account/AuthService.java","14","PARAMETER","nicknameOf(java.util.UUID)","playerUuid","participantUuid","待验证"
"src/main/java/xiaocaoawa/minecraft/mod/cobblebattle/account/AuthService.java","15","PARAMETER","uidOf(java.util.UUID)","playerUuid","participantUuid","待验证"
"src/main/java/xiaocaoawa/minecraft/mod/cobblebattle/account/AuthService.java","16","PARAMETER","isSignedIn(java.util.UUID)","playerUuid","participantUuid","待验证"
"src/main/java/xiaocaoawa/minecraft/mod/cobblebattle/account/AuthService.java","19","PARAMETER","forget(java.util.UUID)","playerUuid","participantUuid","待验证"
"src/main/java/xiaocaoawa/minecraft/mod/cobblebattle/account/AuthService.java","20","PARAMETER","submit(xiaocaoawa.minecraft.mod.cobblebattle.net.BattleServerClient,net.minecraft.server.level.ServerPlayer,xiaocaoawa.minecraft.mod.cobblebattle.account.AuthMode,java.lang.String,java.lang.String,java.lang.String,java.lang.String,boolean)","client","client","待命名"
"src/main/java/xiaocaoawa/minecraft/mod/cobblebattle/account/AuthService.java","20","PARAMETER","submit(xiaocaoawa.minecraft.mod.cobblebattle.net.BattleServerClient,net.minecraft.server.level.ServerPlayer,xiaocaoawa.minecraft.mod.cobblebattle.account.AuthMode,java.lang.String,java.lang.String,java.lang.String,java.lang.String,boolean)","player","participant","待验证"
"src/main/java/xiaocaoawa/minecraft/mod/cobblebattle/account/AuthService.java","20","PARAMETER","submit(xiaocaoawa.minecraft.mod.cobblebattle.net.BattleServerClient,net.minecraft.server.level.ServerPlayer,xiaocaoawa.minecraft.mod.cobblebattle.account.AuthMode,java.lang.String,java.lang.String,java.lang.String,java.lang.String,boolean)","mode","mode","待命名"
"src/main/java/xiaocaoawa/minecraft/mod/cobblebattle/account/AuthService.java","20","PARAMETER","submit(xiaocaoawa.minecraft.mod.cobblebattle.net.BattleServerClient,net.minecraft.server.level.ServerPlayer,xiaocaoawa.minecraft.mod.cobblebattle.account.AuthMode,java.lang.String,java.lang.String,java.lang.String,java.lang.String,boolean)","accountId","accountId","待命名"
"src/main/java/xiaocaoawa/minecraft/mod/cobblebattle/account/AuthService.java","20","PARAMETER","submit(xiaocaoawa.minecraft.mod.cobblebattle.net.BattleServerClient,net.minecraft.server.level.ServerPlayer,xiaocaoawa.minecraft.mod.cobblebattle.account.AuthMode,java.lang.String,java.lang.String,java.lang.String,java.lang.String,boolean)","email","email","待命名"
"src/main/java/xiaocaoawa/minecraft/mod/cobblebattle/account/AuthService.java","20","PARAMETER","submit(xiaocaoawa.minecraft.mod.cobblebattle.net.BattleServerClient,net.minecraft.server.level.ServerPlayer,xiaocaoawa.minecraft.mod.cobblebattle.account.AuthMode,java.lang.String,java.lang.String,java.lang.String,java.lang.String,boolean)","password","password","待命名"
"src/main/java/xiaocaoawa/minecraft/mod/cobblebattle/account/AuthService.java","20","PARAMETER","submit(xiaocaoawa.minecraft.mod.cobblebattle.net.BattleServerClient,net.minecraft.server.level.ServerPlayer,xiaocaoawa.minecraft.mod.cobblebattle.account.AuthMode,java.lang.String,java.lang.String,java.lang.String,java.lang.String,boolean)","verificationCode","verificationCode","待命名"
"src/main/java/xiaocaoawa/minecraft/mod/cobblebattle/account/AuthService.java","20","PARAMETER","submit(xiaocaoawa.minecraft.mod.cobblebattle.net.BattleServerClient,net.minecraft.server.level.ServerPlayer,xiaocaoawa.minecraft.mod.cobblebattle.account.AuthMode,java.lang.String,java.lang.String,java.lang.String,java.lang.String,boolean)","emailEnabled","emailEnabled","待命名"
"src/main/java/xiaocaoawa/minecraft/mod/cobblebattle/account/AuthService.java","23","PARAMETER","signOut(xiaocaoawa.minecraft.mod.cobblebattle.net.BattleServerClient,net.minecraft.server.level.ServerPlayer)","client","client","待命名"
"src/main/java/xiaocaoawa/minecraft/mod/cobblebattle/account/AuthService.java","23","PARAMETER","signOut(xiaocaoawa.minecraft.mod.cobblebattle.net.BattleServerClient,net.minecraft.server.level.ServerPlayer)","player","participant","待验证"
"src/main/java/xiaocaoawa/minecraft/mod/cobblebattle/account/AuthService.java","24","PARAMETER","onAccountCodeOk(com.google.gson.JsonObject)","message","document","待验证"
"src/main/java/xiaocaoawa/minecraft/mod/cobblebattle/account/AuthService.java","25","PARAMETER","onAccountOk(com.google.gson.JsonObject)","message","document","待验证"
"src/main/java/xiaocaoawa/minecraft/mod/cobblebattle/account/AuthService.java","26","PARAMETER","onAccountError(com.google.gson.JsonObject)","message","document","待验证"
"src/main/java/xiaocaoawa/minecraft/mod/cobblebattle/account/AuthService.java","27","PARAMETER","isAwaiting(com.google.gson.JsonObject)","message","document","待验证"
"src/main/java/xiaocaoawa/minecraft/mod/cobblebattle/battle/ApiEvents.java","17","FIELD","xiaocaoawa.minecraft.mod.cobblebattle.battle.ApiEvents","LOGGER","LOGGER","待命名"
"src/main/java/xiaocaoawa/minecraft/mod/cobblebattle/battle/ApiEvents.java","22","PARAMETER","battleStarted(net.minecraft.server.level.ServerPlayer,xiaocaoawa.minecraft.mod.cobblebattle.api.BattleInfo)","player","participant","待验证"
"src/main/java/xiaocaoawa/minecraft/mod/cobblebattle/battle/ApiEvents.java","22","PARAMETER","battleStarted(net.minecraft.server.level.ServerPlayer,xiaocaoawa.minecraft.mod.cobblebattle.api.BattleInfo)","battle","battle","待命名"
"src/main/java/xiaocaoawa/minecraft/mod/cobblebattle/battle/ApiEvents.java","29","PARAMETER","battleEnded(net.minecraft.server.level.ServerPlayer,xiaocaoawa.minecraft.mod.cobblebattle.api.BattleInfo,xiaocaoawa.minecraft.mod.cobblebattle.api.BattleOutcome,java.lang.String,xiaocaoawa.minecraft.mod.cobblebattle.api.ScoreChange)","player","participant","待验证"
"src/main/java/xiaocaoawa/minecraft/mod/cobblebattle/battle/ApiEvents.java","29","PARAMETER","battleEnded(net.minecraft.server.level.ServerPlayer,xiaocaoawa.minecraft.mod.cobblebattle.api.BattleInfo,xiaocaoawa.minecraft.mod.cobblebattle.api.BattleOutcome,java.lang.String,xiaocaoawa.minecraft.mod.cobblebattle.api.ScoreChange)","battle","battle","待命名"
"src/main/java/xiaocaoawa/minecraft/mod/cobblebattle/battle/ApiEvents.java","29","PARAMETER","battleEnded(net.minecraft.server.level.ServerPlayer,xiaocaoawa.minecraft.mod.cobblebattle.api.BattleInfo,xiaocaoawa.minecraft.mod.cobblebattle.api.BattleOutcome,java.lang.String,xiaocaoawa.minecraft.mod.cobblebattle.api.ScoreChange)","outcome","outcome","待命名"
"src/main/java/xiaocaoawa/minecraft/mod/cobblebattle/battle/ApiEvents.java","29","PARAMETER","battleEnded(net.minecraft.server.level.ServerPlayer,xiaocaoawa.minecraft.mod.cobblebattle.api.BattleInfo,xiaocaoawa.minecraft.mod.cobblebattle.api.BattleOutcome,java.lang.String,xiaocaoawa.minecraft.mod.cobblebattle.api.ScoreChange)","reason","reason","待命名"
"src/main/java/xiaocaoawa/minecraft/mod/cobblebattle/battle/ApiEvents.java","29","PARAMETER","battleEnded(net.minecraft.server.level.ServerPlayer,xiaocaoawa.minecraft.mod.cobblebattle.api.BattleInfo,xiaocaoawa.minecraft.mod.cobblebattle.api.BattleOutcome,java.lang.String,xiaocaoawa.minecraft.mod.cobblebattle.api.ScoreChange)","score","score","待命名"
"src/main/java/xiaocaoawa/minecraft/mod/cobblebattle/battle/ApiEvents.java","37","PARAMETER","queueJoined(net.minecraft.server.level.ServerPlayer,java.lang.String,java.lang.String,int)","player","participant","待验证"
"src/main/java/xiaocaoawa/minecraft/mod/cobblebattle/battle/ApiEvents.java","37","PARAMETER","queueJoined(net.minecraft.server.level.ServerPlayer,java.lang.String,java.lang.String,int)","rankedId","rankedId","待命名"
"src/main/java/xiaocaoawa/minecraft/mod/cobblebattle/battle/ApiEvents.java","37","PARAMETER","queueJoined(net.minecraft.server.level.ServerPlayer,java.lang.String,java.lang.String,int)","rankedName","rankedName","待命名"
"src/main/java/xiaocaoawa/minecraft/mod/cobblebattle/battle/ApiEvents.java","37","PARAMETER","queueJoined(net.minecraft.server.level.ServerPlayer,java.lang.String,java.lang.String,int)","waiting","waiting","待命名"
"src/main/java/xiaocaoawa/minecraft/mod/cobblebattle/battle/ApiEvents.java","44","PARAMETER","queueLeft(net.minecraft.server.level.ServerPlayer,java.lang.String)","player","participant","待验证"
"src/main/java/xiaocaoawa/minecraft/mod/cobblebattle/battle/ApiEvents.java","44","PARAMETER","queueLeft(net.minecraft.server.level.ServerPlayer,java.lang.String)","reason","reason","待命名"
"src/main/java/xiaocaoawa/minecraft/mod/cobblebattle/battle/ApiEvents.java","48","PARAMETER","signedIn(net.minecraft.server.level.ServerPlayer,java.lang.String,java.lang.String,long,boolean)","player","participant","待验证"
"src/main/java/xiaocaoawa/minecraft/mod/cobblebattle/battle/ApiEvents.java","48","PARAMETER","signedIn(net.minecraft.server.level.ServerPlayer,java.lang.String,java.lang.String,long,boolean)","accountId","accountId","待命名"
"src/main/java/xiaocaoawa/minecraft/mod/cobblebattle/battle/ApiEvents.java","48","PARAMETER","signedIn(net.minecraft.server.level.ServerPlayer,java.lang.String,java.lang.String,long,boolean)","nickname","displayLabel","待验证"
"src/main/java/xiaocaoawa/minecraft/mod/cobblebattle/battle/ApiEvents.java","48","PARAMETER","signedIn(net.minecraft.server.level.ServerPlayer,java.lang.String,java.lang.String,long,boolean)","uid","accountNumber","待验证"
"src/main/java/xiaocaoawa/minecraft/mod/cobblebattle/battle/ApiEvents.java","48","PARAMETER","signedIn(net.minecraft.server.level.ServerPlayer,java.lang.String,java.lang.String,long,boolean)","registered","registered","待命名"
"src/main/java/xiaocaoawa/minecraft/mod/cobblebattle/battle/ApiEvents.java","55","PARAMETER","signedOut(net.minecraft.server.level.ServerPlayer,java.lang.String,java.lang.String,long)","player","participant","待验证"
"src/main/java/xiaocaoawa/minecraft/mod/cobblebattle/battle/ApiEvents.java","55","PARAMETER","signedOut(net.minecraft.server.level.ServerPlayer,java.lang.String,java.lang.String,long)","accountId","accountId","待命名"
"src/main/java/xiaocaoawa/minecraft/mod/cobblebattle/battle/ApiEvents.java","55","PARAMETER","signedOut(net.minecraft.server.level.ServerPlayer,java.lang.String,java.lang.String,long)","nickname","displayLabel","待验证"
"src/main/java/xiaocaoawa/minecraft/mod/cobblebattle/battle/ApiEvents.java","55","PARAMETER","signedOut(net.minecraft.server.level.ServerPlayer,java.lang.String,java.lang.String,long)","uid","accountNumber","待验证"
"src/main/java/xiaocaoawa/minecraft/mod/cobblebattle/battle/ApiEvents.java","62","PARAMETER","spectateStarted(net.minecraft.server.level.ServerPlayer,java.lang.String)","player","participant","待验证"
"src/main/java/xiaocaoawa/minecraft/mod/cobblebattle/battle/ApiEvents.java","62","PARAMETER","spectateStarted(net.minecraft.server.level.ServerPlayer,java.lang.String)","battleId","battleId","待命名"
"src/main/java/xiaocaoawa/minecraft/mod/cobblebattle/battle/ApiEvents.java","69","PARAMETER","spectateEnded(net.minecraft.server.level.ServerPlayer,java.lang.String)","player","participant","待验证"
"src/main/java/xiaocaoawa/minecraft/mod/cobblebattle/battle/ApiEvents.java","69","PARAMETER","spectateEnded(net.minecraft.server.level.ServerPlayer,java.lang.String)","battleId","battleId","待命名"
"src/main/java/xiaocaoawa/minecraft/mod/cobblebattle/battle/ApiEvents.java","75","METHOD","xiaocaoawa.minecraft.mod.cobblebattle.battle.ApiEvents","fire","fire","待命名"
"src/main/java/xiaocaoawa/minecraft/mod/cobblebattle/battle/ApiEvents.java","75","PARAMETER","fire(java.lang.String,java.lang.Runnable)","event","event","待命名"
"src/main/java/xiaocaoawa/minecraft/mod/cobblebattle/battle/ApiEvents.java","75","PARAMETER","fire(java.lang.String,java.lang.Runnable)","invoke","invoke","待命名"
"src/main/java/xiaocaoawa/minecraft/mod/cobblebattle/battle/ApiEvents.java","78","EXCEPTION_PARAMETER","fire(java.lang.String,java.lang.Runnable)","var3","failure","待验证"
"src/main/java/xiaocaoawa/minecraft/mod/cobblebattle/battle/BattleQueue.java","29","FIELD","xiaocaoawa.minecraft.mod.cobblebattle.battle.BattleQueue","service","service","待命名"
"src/main/java/xiaocaoawa/minecraft/mod/cobblebattle/battle/BattleQueue.java","30","FIELD","xiaocaoawa.minecraft.mod.cobblebattle.battle.BattleQueue","queued","waitingTeams","待验证"
"src/main/java/xiaocaoawa/minecraft/mod/cobblebattle/battle/BattleQueue.java","31","FIELD","xiaocaoawa.minecraft.mod.cobblebattle.battle.BattleQueue","refOwners","refOwners","待命名"
"src/main/java/xiaocaoawa/minecraft/mod/cobblebattle/battle/BattleQueue.java","32","FIELD","xiaocaoawa.minecraft.mod.cobblebattle.battle.BattleQueue","lookupRefs","lookupRefs","待命名"
"src/main/java/xiaocaoawa/minecraft/mod/cobblebattle/battle/BattleQueue.java","34","PARAMETER","BattleQueue(xiaocaoawa.minecraft.mod.cobblebattle.battle.CrossServerBattleService)","service","service","待命名"
"src/main/java/xiaocaoawa/minecraft/mod/cobblebattle/battle/BattleQueue.java","38","METHOD","xiaocaoawa.minecraft.mod.cobblebattle.battle.BattleQueue","contains","contains","待命名"
"src/main/java/xiaocaoawa/minecraft/mod/cobblebattle/battle/BattleQueue.java","38","PARAMETER","contains(java.util.UUID)","playerUuid","participantUuid","待验证"
"src/main/java/xiaocaoawa/minecraft/mod/cobblebattle/battle/BattleQueue.java","42","METHOD","xiaocaoawa.minecraft.mod.cobblebattle.battle.BattleQueue","claim","claim","待命名"
"src/main/java/xiaocaoawa/minecraft/mod/cobblebattle/battle/BattleQueue.java","42","PARAMETER","claim(java.util.UUID)","playerUuid","participantUuid","待验证"
"src/main/java/xiaocaoawa/minecraft/mod/cobblebattle/battle/BattleQueue.java","46","METHOD","xiaocaoawa.minecraft.mod.cobblebattle.battle.BattleQueue","drop","drop","待命名"
"src/main/java/xiaocaoawa/minecraft/mod/cobblebattle/battle/BattleQueue.java","46","PARAMETER","drop(java.util.UUID)","playerUuid","participantUuid","待验证"
"src/main/java/xiaocaoawa/minecraft/mod/cobblebattle/battle/BattleQueue.java","50","METHOD","xiaocaoawa.minecraft.mod.cobblebattle.battle.BattleQueue","clear","clear","待命名"
"src/main/java/xiaocaoawa/minecraft/mod/cobblebattle/battle/BattleQueue.java","56","METHOD","xiaocaoawa.minecraft.mod.cobblebattle.battle.BattleQueue","claimLookupRef","claimLookupRef","待命名"
"src/main/java/xiaocaoawa/minecraft/mod/cobblebattle/battle/BattleQueue.java","56","PARAMETER","claimLookupRef(com.google.gson.JsonElement)","ref","ref","待命名"
"src/main/java/xiaocaoawa/minecraft/mod/cobblebattle/battle/BattleQueue.java","60","METHOD","xiaocaoawa.minecraft.mod.cobblebattle.battle.BattleQueue","claimRefOwner","claimRefOwner","待命名"
"src/main/java/xiaocaoawa/minecraft/mod/cobblebattle/battle/BattleQueue.java","60","PARAMETER","claimRefOwner(com.google.gson.JsonElement)","ref","ref","待命名"
"src/main/java/xiaocaoawa/minecraft/mod/cobblebattle/battle/BattleQueue.java","64","METHOD","xiaocaoawa.minecraft.mod.cobblebattle.battle.BattleQueue","prepare","prepare","待命名"
"src/main/java/xiaocaoawa/minecraft/mod/cobblebattle/battle/BattleQueue.java","64","PARAMETER","prepare(net.minecraft.server.level.ServerPlayer)","player","participant","待验证"
"src/main/java/xiaocaoawa/minecraft/mod/cobblebattle/battle/BattleQueue.java","68","METHOD","xiaocaoawa.minecraft.mod.cobblebattle.battle.BattleQueue","prepare","prepare","待命名"
"src/main/java/xiaocaoawa/minecraft/mod/cobblebattle/battle/BattleQueue.java","68","PARAMETER","prepare(net.minecraft.server.level.ServerPlayer,boolean,boolean)","player","participant","待验证"
"src/main/java/xiaocaoawa/minecraft/mod/cobblebattle/battle/BattleQueue.java","68","PARAMETER","prepare(net.minecraft.server.level.ServerPlayer,boolean,boolean)","dexAuthority","dexAuthority","待命名"
"src/main/java/xiaocaoawa/minecraft/mod/cobblebattle/battle/BattleQueue.java","68","PARAMETER","prepare(net.minecraft.server.level.ServerPlayer,boolean,boolean)","legality","legality","待命名"
"src/main/java/xiaocaoawa/minecraft/mod/cobblebattle/battle/BattleQueue.java","69","LOCAL_VARIABLE","prepare(net.minecraft.server.level.ServerPlayer,boolean,boolean)","dex","dex","待命名"
"src/main/java/xiaocaoawa/minecraft/mod/cobblebattle/battle/BattleQueue.java","82","LOCAL_VARIABLE","prepare(net.minecraft.server.level.ServerPlayer,boolean,boolean)","party","party","待命名"
"src/main/java/xiaocaoawa/minecraft/mod/cobblebattle/battle/BattleQueue.java","83","LOCAL_VARIABLE","prepare(net.minecraft.server.level.ServerPlayer,boolean,boolean)","team","roster","待验证"
"src/main/java/xiaocaoawa/minecraft/mod/cobblebattle/battle/BattleQueue.java","87","LOCAL_VARIABLE","prepare(net.minecraft.server.level.ServerPlayer,boolean,boolean)","plain","plain","待命名"
"src/main/java/xiaocaoawa/minecraft/mod/cobblebattle/battle/BattleQueue.java","88","LOCAL_VARIABLE","prepare(net.minecraft.server.level.ServerPlayer,boolean,boolean)","rejections","violations","待验证"
"src/main/java/xiaocaoawa/minecraft/mod/cobblebattle/battle/BattleQueue.java","90","LOCAL_VARIABLE","prepare(net.minecraft.server.level.ServerPlayer,boolean,boolean)","i","i","待命名"
"src/main/java/xiaocaoawa/minecraft/mod/cobblebattle/battle/BattleQueue.java","91","LOCAL_VARIABLE","prepare(net.minecraft.server.level.ServerPlayer,boolean,boolean)","pokemon","creature","待验证"
"src/main/java/xiaocaoawa/minecraft/mod/cobblebattle/battle/BattleQueue.java","107","METHOD","xiaocaoawa.minecraft.mod.cobblebattle.battle.BattleQueue","slotsOf","slotsOf","待命名"
"src/main/java/xiaocaoawa/minecraft/mod/cobblebattle/battle/BattleQueue.java","107","PARAMETER","slotsOf(java.lang.String)","battleType","battleType","待命名"
"src/main/java/xiaocaoawa/minecraft/mod/cobblebattle/battle/BattleQueue.java","108","LOCAL_VARIABLE","slotsOf(java.lang.String)","var1","var1","待命名"
"src/main/java/xiaocaoawa/minecraft/mod/cobblebattle/battle/BattleQueue.java","117","METHOD","xiaocaoawa.minecraft.mod.cobblebattle.battle.BattleQueue","tooFewFor","tooFewFor","待命名"
"src/main/java/xiaocaoawa/minecraft/mod/cobblebattle/battle/BattleQueue.java","117","PARAMETER","tooFewFor(java.util.List<com.cobblemon.mod.common.battles.pokemon.BattlePokemon>,java.lang.String)","team","roster","待验证"
"src/main/java/xiaocaoawa/minecraft/mod/cobblebattle/battle/BattleQueue.java","117","PARAMETER","tooFewFor(java.util.List<com.cobblemon.mod.common.battles.pokemon.BattlePokemon>,java.lang.String)","battleType","battleType","待命名"
"src/main/java/xiaocaoawa/minecraft/mod/cobblebattle/battle/BattleQueue.java","119","LOCAL_VARIABLE","tooFewFor(java.util.List<com.cobblemon.mod.common.battles.pokemon.BattlePokemon>,java.lang.String)","slots","slots","待命名"
"src/main/java/xiaocaoawa/minecraft/mod/cobblebattle/battle/BattleQueue.java","128","METHOD","xiaocaoawa.minecraft.mod.cobblebattle.battle.BattleQueue","join","join","待命名"
"src/main/java/xiaocaoawa/minecraft/mod/cobblebattle/battle/BattleQueue.java","128","PARAMETER","join(net.minecraft.server.level.ServerPlayer,java.lang.String)","player","participant","待验证"
"src/main/java/xiaocaoawa/minecraft/mod/cobblebattle/battle/BattleQueue.java","128","PARAMETER","join(net.minecraft.server.level.ServerPlayer,java.lang.String)","rankedId","rankedId","待命名"
"src/main/java/xiaocaoawa/minecraft/mod/cobblebattle/battle/BattleQueue.java","129","LOCAL_VARIABLE","join(net.minecraft.server.level.ServerPlayer,java.lang.String)","prepared","preparedTeam","待验证"
"src/main/java/xiaocaoawa/minecraft/mod/cobblebattle/battle/BattleQueue.java","132","EXCEPTION_PARAMETER","join(net.minecraft.server.level.ServerPlayer,java.lang.String)","var6","failure","待验证"
"src/main/java/xiaocaoawa/minecraft/mod/cobblebattle/battle/BattleQueue.java","136","LOCAL_VARIABLE","join(net.minecraft.server.level.ServerPlayer,java.lang.String)","competition","competition","待命名"
"src/main/java/xiaocaoawa/minecraft/mod/cobblebattle/battle/BattleQueue.java","138","LOCAL_VARIABLE","join(net.minecraft.server.level.ServerPlayer,java.lang.String)","tooFew","tooFew","待命名"
"src/main/java/xiaocaoawa/minecraft/mod/cobblebattle/battle/BattleQueue.java","144","LOCAL_VARIABLE","join(net.minecraft.server.level.ServerPlayer,java.lang.String)","join","join","待命名"
"src/main/java/xiaocaoawa/minecraft/mod/cobblebattle/battle/BattleQueue.java","149","METHOD","xiaocaoawa.minecraft.mod.cobblebattle.battle.BattleQueue","createRoom","createRoom","待命名"
"src/main/java/xiaocaoawa/minecraft/mod/cobblebattle/battle/BattleQueue.java","150","PARAMETER","createRoom(net.minecraft.server.level.ServerPlayer,java.lang.String,java.lang.String,java.lang.String,int,int,boolean,boolean,boolean)","player","participant","待验证"
"src/main/java/xiaocaoawa/minecraft/mod/cobblebattle/battle/BattleQueue.java","150","PARAMETER","createRoom(net.minecraft.server.level.ServerPlayer,java.lang.String,java.lang.String,java.lang.String,int,int,boolean,boolean,boolean)","name","name","待命名"
"src/main/java/xiaocaoawa/minecraft/mod/cobblebattle/battle/BattleQueue.java","150","PARAMETER","createRoom(net.minecraft.server.level.ServerPlayer,java.lang.String,java.lang.String,java.lang.String,int,int,boolean,boolean,boolean)","password","password","待命名"
"src/main/java/xiaocaoawa/minecraft/mod/cobblebattle/battle/BattleQueue.java","150","PARAMETER","createRoom(net.minecraft.server.level.ServerPlayer,java.lang.String,java.lang.String,java.lang.String,int,int,boolean,boolean,boolean)","battleType","battleType","待命名"
"src/main/java/xiaocaoawa/minecraft/mod/cobblebattle/battle/BattleQueue.java","150","PARAMETER","createRoom(net.minecraft.server.level.ServerPlayer,java.lang.String,java.lang.String,java.lang.String,int,int,boolean,boolean,boolean)","level","level","待命名"
"src/main/java/xiaocaoawa/minecraft/mod/cobblebattle/battle/BattleQueue.java","150","PARAMETER","createRoom(net.minecraft.server.level.ServerPlayer,java.lang.String,java.lang.String,java.lang.String,int,int,boolean,boolean,boolean)","pick","pick","待命名"
"src/main/java/xiaocaoawa/minecraft/mod/cobblebattle/battle/BattleQueue.java","150","PARAMETER","createRoom(net.minecraft.server.level.ServerPlayer,java.lang.String,java.lang.String,java.lang.String,int,int,boolean,boolean,boolean)","fullHeal","fullHeal","待命名"
"src/main/java/xiaocaoawa/minecraft/mod/cobblebattle/battle/BattleQueue.java","150","PARAMETER","createRoom(net.minecraft.server.level.ServerPlayer,java.lang.String,java.lang.String,java.lang.String,int,int,boolean,boolean,boolean)","hostEngine","hostEngine","待命名"
"src/main/java/xiaocaoawa/minecraft/mod/cobblebattle/battle/BattleQueue.java","150","PARAMETER","createRoom(net.minecraft.server.level.ServerPlayer,java.lang.String,java.lang.String,java.lang.String,int,int,boolean,boolean,boolean)","legality","legality","待命名"
"src/main/java/xiaocaoawa/minecraft/mod/cobblebattle/battle/BattleQueue.java","152","LOCAL_VARIABLE","createRoom(net.minecraft.server.level.ServerPlayer,java.lang.String,java.lang.String,java.lang.String,int,int,boolean,boolean,boolean)","prepared","preparedTeam","待验证"
"src/main/java/xiaocaoawa/minecraft/mod/cobblebattle/battle/BattleQueue.java","155","EXCEPTION_PARAMETER","createRoom(net.minecraft.server.level.ServerPlayer,java.lang.String,java.lang.String,java.lang.String,int,int,boolean,boolean,boolean)","var13","failure","待验证"
"src/main/java/xiaocaoawa/minecraft/mod/cobblebattle/battle/BattleQueue.java","159","LOCAL_VARIABLE","createRoom(net.minecraft.server.level.ServerPlayer,java.lang.String,java.lang.String,java.lang.String,int,int,boolean,boolean,boolean)","tooFew","tooFew","待命名"
"src/main/java/xiaocaoawa/minecraft/mod/cobblebattle/battle/BattleQueue.java","163","LOCAL_VARIABLE","createRoom(net.minecraft.server.level.ServerPlayer,java.lang.String,java.lang.String,java.lang.String,int,int,boolean,boolean,boolean)","create","create","待命名"
"src/main/java/xiaocaoawa/minecraft/mod/cobblebattle/battle/BattleQueue.java","176","METHOD","xiaocaoawa.minecraft.mod.cobblebattle.battle.BattleQueue","joinRoom","joinRoom","待命名"
"src/main/java/xiaocaoawa/minecraft/mod/cobblebattle/battle/BattleQueue.java","176","PARAMETER","joinRoom(net.minecraft.server.level.ServerPlayer,java.lang.String,java.lang.String,java.lang.String,boolean,boolean,java.lang.String)","player","participant","待验证"
"src/main/java/xiaocaoawa/minecraft/mod/cobblebattle/battle/BattleQueue.java","176","PARAMETER","joinRoom(net.minecraft.server.level.ServerPlayer,java.lang.String,java.lang.String,java.lang.String,boolean,boolean,java.lang.String)","roomId","roomId","待命名"
"src/main/java/xiaocaoawa/minecraft/mod/cobblebattle/battle/BattleQueue.java","176","PARAMETER","joinRoom(net.minecraft.server.level.ServerPlayer,java.lang.String,java.lang.String,java.lang.String,boolean,boolean,java.lang.String)","password","password","待命名"
"src/main/java/xiaocaoawa/minecraft/mod/cobblebattle/battle/BattleQueue.java","176","PARAMETER","joinRoom(net.minecraft.server.level.ServerPlayer,java.lang.String,java.lang.String,java.lang.String,boolean,boolean,java.lang.String)","battleType","battleType","待命名"
"src/main/java/xiaocaoawa/minecraft/mod/cobblebattle/battle/BattleQueue.java","176","PARAMETER","joinRoom(net.minecraft.server.level.ServerPlayer,java.lang.String,java.lang.String,java.lang.String,boolean,boolean,java.lang.String)","hostEngine","hostEngine","待命名"
"src/main/java/xiaocaoawa/minecraft/mod/cobblebattle/battle/BattleQueue.java","176","PARAMETER","joinRoom(net.minecraft.server.level.ServerPlayer,java.lang.String,java.lang.String,java.lang.String,boolean,boolean,java.lang.String)","legality","legality","待命名"
"src/main/java/xiaocaoawa/minecraft/mod/cobblebattle/battle/BattleQueue.java","176","PARAMETER","joinRoom(net.minecraft.server.level.ServerPlayer,java.lang.String,java.lang.String,java.lang.String,boolean,boolean,java.lang.String)","inviteCode","inviteCode","待命名"
"src/main/java/xiaocaoawa/minecraft/mod/cobblebattle/battle/BattleQueue.java","177","LOCAL_VARIABLE","joinRoom(net.minecraft.server.level.ServerPlayer,java.lang.String,java.lang.String,java.lang.String,boolean,boolean,java.lang.String)","prepared","preparedTeam","待验证"
"src/main/java/xiaocaoawa/minecraft/mod/cobblebattle/battle/BattleQueue.java","180","EXCEPTION_PARAMETER","joinRoom(net.minecraft.server.level.ServerPlayer,java.lang.String,java.lang.String,java.lang.String,boolean,boolean,java.lang.String)","var11","failure","待验证"
"src/main/java/xiaocaoawa/minecraft/mod/cobblebattle/battle/BattleQueue.java","184","LOCAL_VARIABLE","joinRoom(net.minecraft.server.level.ServerPlayer,java.lang.String,java.lang.String,java.lang.String,boolean,boolean,java.lang.String)","tooFew","tooFew","待命名"
"src/main/java/xiaocaoawa/minecraft/mod/cobblebattle/battle/BattleQueue.java","188","LOCAL_VARIABLE","joinRoom(net.minecraft.server.level.ServerPlayer,java.lang.String,java.lang.String,java.lang.String,boolean,boolean,java.lang.String)","join","join","待命名"
"src/main/java/xiaocaoawa/minecraft/mod/cobblebattle/battle/BattleQueue.java","199","METHOD","xiaocaoawa.minecraft.mod.cobblebattle.battle.BattleQueue","lookupRoom","lookupRoom","待命名"
"src/main/java/xiaocaoawa/minecraft/mod/cobblebattle/battle/BattleQueue.java","199","PARAMETER","lookupRoom(net.minecraft.server.level.ServerPlayer,java.lang.String)","player","participant","待验证"
"src/main/java/xiaocaoawa/minecraft/mod/cobblebattle/battle/BattleQueue.java","199","PARAMETER","lookupRoom(net.minecraft.server.level.ServerPlayer,java.lang.String)","inviteCode","inviteCode","待命名"
"src/main/java/xiaocaoawa/minecraft/mod/cobblebattle/battle/BattleQueue.java","200","LOCAL_VARIABLE","lookupRoom(net.minecraft.server.level.ServerPlayer,java.lang.String)","code","code","待命名"
"src/main/java/xiaocaoawa/minecraft/mod/cobblebattle/battle/BattleQueue.java","208","LOCAL_VARIABLE","lookupRoom(net.minecraft.server.level.ServerPlayer,java.lang.String)","client","client","待命名"
"src/main/java/xiaocaoawa/minecraft/mod/cobblebattle/battle/BattleQueue.java","209","LOCAL_VARIABLE","lookupRoom(net.minecraft.server.level.ServerPlayer,java.lang.String)","ref","ref","待命名"
"src/main/java/xiaocaoawa/minecraft/mod/cobblebattle/battle/BattleQueue.java","210","LOCAL_VARIABLE","lookupRoom(net.minecraft.server.level.ServerPlayer,java.lang.String)","lookup","lookup","待命名"
"src/main/java/xiaocaoawa/minecraft/mod/cobblebattle/battle/BattleQueue.java","224","METHOD","xiaocaoawa.minecraft.mod.cobblebattle.battle.BattleQueue","onRoomInfo","onRoomBattleDetails","待验证"
"src/main/java/xiaocaoawa/minecraft/mod/cobblebattle/battle/BattleQueue.java","224","PARAMETER","onRoomInfo(com.google.gson.JsonObject)","message","document","待验证"
"src/main/java/xiaocaoawa/minecraft/mod/cobblebattle/battle/BattleQueue.java","225","LOCAL_VARIABLE","onRoomInfo(com.google.gson.JsonObject)","playerUuid","participantUuid","待验证"
"src/main/java/xiaocaoawa/minecraft/mod/cobblebattle/battle/BattleQueue.java","227","LOCAL_VARIABLE","onRoomInfo(com.google.gson.JsonObject)","roomId","roomId","待命名"
"src/main/java/xiaocaoawa/minecraft/mod/cobblebattle/battle/BattleQueue.java","228","LOCAL_VARIABLE","onRoomInfo(com.google.gson.JsonObject)","inviteCode","inviteCode","待命名"
"src/main/java/xiaocaoawa/minecraft/mod/cobblebattle/battle/BattleQueue.java","229","LOCAL_VARIABLE","onRoomInfo(com.google.gson.JsonObject)","battleType","battleType","待命名"
"src/main/java/xiaocaoawa/minecraft/mod/cobblebattle/battle/BattleQueue.java","230","LOCAL_VARIABLE","onRoomInfo(com.google.gson.JsonObject)","hostEngine","hostEngine","待命名"
"src/main/java/xiaocaoawa/minecraft/mod/cobblebattle/battle/BattleQueue.java","231","LOCAL_VARIABLE","onRoomInfo(com.google.gson.JsonObject)","legality","legality","待命名"
"src/main/java/xiaocaoawa/minecraft/mod/cobblebattle/battle/BattleQueue.java","232","PARAMETER","onRoomInfo(com.google.gson.JsonObject)","player","participant","待验证"
"src/main/java/xiaocaoawa/minecraft/mod/cobblebattle/battle/BattleQueue.java","233","LOCAL_VARIABLE","onRoomInfo(com.google.gson.JsonObject)","refusal","refusal","待命名"
"src/main/java/xiaocaoawa/minecraft/mod/cobblebattle/battle/BattleQueue.java","241","METHOD","xiaocaoawa.minecraft.mod.cobblebattle.battle.BattleQueue","leaveRoom","leaveRoom","待命名"
"src/main/java/xiaocaoawa/minecraft/mod/cobblebattle/battle/BattleQueue.java","241","PARAMETER","leaveRoom(net.minecraft.server.level.ServerPlayer)","player","participant","待验证"
"src/main/java/xiaocaoawa/minecraft/mod/cobblebattle/battle/BattleQueue.java","242","LOCAL_VARIABLE","leaveRoom(net.minecraft.server.level.ServerPlayer)","client","client","待命名"
"src/main/java/xiaocaoawa/minecraft/mod/cobblebattle/battle/BattleQueue.java","243","LOCAL_VARIABLE","leaveRoom(net.minecraft.server.level.ServerPlayer)","leave","leave","待命名"
"src/main/java/xiaocaoawa/minecraft/mod/cobblebattle/battle/BattleQueue.java","250","METHOD","xiaocaoawa.minecraft.mod.cobblebattle.battle.BattleQueue","startRoom","startRoom","待命名"
"src/main/java/xiaocaoawa/minecraft/mod/cobblebattle/battle/BattleQueue.java","250","PARAMETER","startRoom(net.minecraft.server.level.ServerPlayer)","player","participant","待验证"
"src/main/java/xiaocaoawa/minecraft/mod/cobblebattle/battle/BattleQueue.java","251","LOCAL_VARIABLE","startRoom(net.minecraft.server.level.ServerPlayer)","client","client","待命名"
"src/main/java/xiaocaoawa/minecraft/mod/cobblebattle/battle/BattleQueue.java","252","LOCAL_VARIABLE","startRoom(net.minecraft.server.level.ServerPlayer)","ref","ref","待命名"
"src/main/java/xiaocaoawa/minecraft/mod/cobblebattle/battle/BattleQueue.java","253","LOCAL_VARIABLE","startRoom(net.minecraft.server.level.ServerPlayer)","start","start","待命名"
"src/main/java/xiaocaoawa/minecraft/mod/cobblebattle/battle/BattleQueue.java","265","METHOD","xiaocaoawa.minecraft.mod.cobblebattle.battle.BattleQueue","onRoomClosed","onRoomClosed","待命名"
"src/main/java/xiaocaoawa/minecraft/mod/cobblebattle/battle/BattleQueue.java","265","PARAMETER","onRoomClosed(com.google.gson.JsonObject)","message","document","待验证"
"src/main/java/xiaocaoawa/minecraft/mod/cobblebattle/battle/BattleQueue.java","267","LOCAL_VARIABLE","onRoomClosed(com.google.gson.JsonObject)","playerUuid","participantUuid","待验证"
"src/main/java/xiaocaoawa/minecraft/mod/cobblebattle/battle/BattleQueue.java","269","LOCAL_VARIABLE","onRoomClosed(com.google.gson.JsonObject)","why","why","待命名"
"src/main/java/xiaocaoawa/minecraft/mod/cobblebattle/battle/BattleQueue.java","271","LOCAL_VARIABLE","onRoomClosed(com.google.gson.JsonObject)","key","key","待命名"
"src/main/java/xiaocaoawa/minecraft/mod/cobblebattle/battle/BattleQueue.java","284","METHOD","xiaocaoawa.minecraft.mod.cobblebattle.battle.BattleQueue","send","send","待命名"
"src/main/java/xiaocaoawa/minecraft/mod/cobblebattle/battle/BattleQueue.java","284","PARAMETER","send(net.minecraft.server.level.ServerPlayer,com.google.gson.JsonObject,xiaocaoawa.minecraft.mod.cobblebattle.battle.BattleQueue.Prepared,java.lang.String)","player","participant","待验证"
"src/main/java/xiaocaoawa/minecraft/mod/cobblebattle/battle/BattleQueue.java","284","PARAMETER","send(net.minecraft.server.level.ServerPlayer,com.google.gson.JsonObject,xiaocaoawa.minecraft.mod.cobblebattle.battle.BattleQueue.Prepared,java.lang.String)","request","request","待命名"
"src/main/java/xiaocaoawa/minecraft/mod/cobblebattle/battle/BattleQueue.java","284","PARAMETER","send(net.minecraft.server.level.ServerPlayer,com.google.gson.JsonObject,xiaocaoawa.minecraft.mod.cobblebattle.battle.BattleQueue.Prepared,java.lang.String)","prepared","preparedTeam","待验证"
"src/main/java/xiaocaoawa/minecraft/mod/cobblebattle/battle/BattleQueue.java","284","PARAMETER","send(net.minecraft.server.level.ServerPlayer,com.google.gson.JsonObject,xiaocaoawa.minecraft.mod.cobblebattle.battle.BattleQueue.Prepared,java.lang.String)","rankedId","rankedId","待命名"
"src/main/java/xiaocaoawa/minecraft/mod/cobblebattle/battle/BattleQueue.java","285","LOCAL_VARIABLE","send(net.minecraft.server.level.ServerPlayer,com.google.gson.JsonObject,xiaocaoawa.minecraft.mod.cobblebattle.battle.BattleQueue.Prepared,java.lang.String)","client","client","待命名"
"src/main/java/xiaocaoawa/minecraft/mod/cobblebattle/battle/BattleQueue.java","286","LOCAL_VARIABLE","send(net.minecraft.server.level.ServerPlayer,com.google.gson.JsonObject,xiaocaoawa.minecraft.mod.cobblebattle.battle.BattleQueue.Prepared,java.lang.String)","ref","ref","待命名"
"src/main/java/xiaocaoawa/minecraft/mod/cobblebattle/battle/BattleQueue.java","302","METHOD","xiaocaoawa.minecraft.mod.cobblebattle.battle.BattleQueue","onRoomCreated","onRoomCreated","待命名"
"src/main/java/xiaocaoawa/minecraft/mod/cobblebattle/battle/BattleQueue.java","302","PARAMETER","onRoomCreated(com.google.gson.JsonObject)","message","document","待验证"
"src/main/java/xiaocaoawa/minecraft/mod/cobblebattle/battle/BattleQueue.java","304","LOCAL_VARIABLE","onRoomCreated(com.google.gson.JsonObject)","playerUuid","participantUuid","待验证"
"src/main/java/xiaocaoawa/minecraft/mod/cobblebattle/battle/BattleQueue.java","305","LOCAL_VARIABLE","onRoomCreated(com.google.gson.JsonObject)","name","name","待命名"
"src/main/java/xiaocaoawa/minecraft/mod/cobblebattle/battle/BattleQueue.java","307","LOCAL_VARIABLE","onRoomCreated(com.google.gson.JsonObject)","inviteCode","inviteCode","待命名"
"src/main/java/xiaocaoawa/minecraft/mod/cobblebattle/battle/BattleQueue.java","314","PARAMETER","onRoomCreated(com.google.gson.JsonObject)","style","style","待命名"
"src/main/java/xiaocaoawa/minecraft/mod/cobblebattle/battle/BattleQueue.java","321","METHOD","xiaocaoawa.minecraft.mod.cobblebattle.battle.BattleQueue","leave","leave","待命名"
"src/main/java/xiaocaoawa/minecraft/mod/cobblebattle/battle/BattleQueue.java","321","PARAMETER","leave(net.minecraft.server.level.ServerPlayer)","player","participant","待验证"
"src/main/java/xiaocaoawa/minecraft/mod/cobblebattle/battle/BattleQueue.java","325","LOCAL_VARIABLE","leave(net.minecraft.server.level.ServerPlayer)","client","client","待命名"
"src/main/java/xiaocaoawa/minecraft/mod/cobblebattle/battle/BattleQueue.java","326","LOCAL_VARIABLE","leave(net.minecraft.server.level.ServerPlayer)","leave","leave","待命名"
"src/main/java/xiaocaoawa/minecraft/mod/cobblebattle/battle/BattleQueue.java","334","METHOD","xiaocaoawa.minecraft.mod.cobblebattle.battle.BattleQueue","onPlayerDisconnect","onParticipantDisconnect","待验证"
"src/main/java/xiaocaoawa/minecraft/mod/cobblebattle/battle/BattleQueue.java","334","PARAMETER","onPlayerDisconnect(net.minecraft.server.level.ServerPlayer)","player","participant","待验证"
"src/main/java/xiaocaoawa/minecraft/mod/cobblebattle/battle/BattleQueue.java","336","LOCAL_VARIABLE","onPlayerDisconnect(net.minecraft.server.level.ServerPlayer)","client","client","待命名"
"src/main/java/xiaocaoawa/minecraft/mod/cobblebattle/battle/BattleQueue.java","338","LOCAL_VARIABLE","onPlayerDisconnect(net.minecraft.server.level.ServerPlayer)","leave","leave","待命名"
"src/main/java/xiaocaoawa/minecraft/mod/cobblebattle/battle/BattleQueue.java","345","METHOD","xiaocaoawa.minecraft.mod.cobblebattle.battle.BattleQueue","describePartyCompatibility","describePartyCompatibility","待命名"
"src/main/java/xiaocaoawa/minecraft/mod/cobblebattle/battle/BattleQueue.java","345","PARAMETER","describePartyCompatibility(net.minecraft.server.level.ServerPlayer)","player","participant","待验证"
"src/main/java/xiaocaoawa/minecraft/mod/cobblebattle/battle/BattleQueue.java","346","LOCAL_VARIABLE","describePartyCompatibility(net.minecraft.server.level.ServerPlayer)","party","party","待命名"
"src/main/java/xiaocaoawa/minecraft/mod/cobblebattle/battle/BattleQueue.java","347","LOCAL_VARIABLE","describePartyCompatibility(net.minecraft.server.level.ServerPlayer)","team","roster","待验证"
"src/main/java/xiaocaoawa/minecraft/mod/cobblebattle/battle/BattleQueue.java","351","LOCAL_VARIABLE","describePartyCompatibility(net.minecraft.server.level.ServerPlayer)","rejections","violations","待验证"
"src/main/java/xiaocaoawa/minecraft/mod/cobblebattle/battle/BattleQueue.java","353","LOCAL_VARIABLE","describePartyCompatibility(net.minecraft.server.level.ServerPlayer)","i","i","待命名"
"src/main/java/xiaocaoawa/minecraft/mod/cobblebattle/battle/BattleQueue.java","361","METHOD","xiaocaoawa.minecraft.mod.cobblebattle.battle.BattleQueue","onQueueAck","onQueueAck","待命名"
"src/main/java/xiaocaoawa/minecraft/mod/cobblebattle/battle/BattleQueue.java","361","PARAMETER","onQueueAck(com.google.gson.JsonObject)","message","document","待验证"
"src/main/java/xiaocaoawa/minecraft/mod/cobblebattle/battle/BattleQueue.java","363","LOCAL_VARIABLE","onQueueAck(com.google.gson.JsonObject)","playerUuid","participantUuid","待验证"
"src/main/java/xiaocaoawa/minecraft/mod/cobblebattle/battle/BattleQueue.java","364","LOCAL_VARIABLE","onQueueAck(com.google.gson.JsonObject)","waiting","waiting","待命名"
"src/main/java/xiaocaoawa/minecraft/mod/cobblebattle/battle/BattleQueue.java","365","LOCAL_VARIABLE","onQueueAck(com.google.gson.JsonObject)","competition","competition","待命名"
"src/main/java/xiaocaoawa/minecraft/mod/cobblebattle/battle/BattleQueue.java","373","LOCAL_VARIABLE","onQueueAck(com.google.gson.JsonObject)","rankedId","rankedId","待命名"
"src/main/java/xiaocaoawa/minecraft/mod/cobblebattle/battle/BattleQueue.java","374","PARAMETER","onQueueAck(com.google.gson.JsonObject)","player","participant","待验证"
"src/main/java/xiaocaoawa/minecraft/mod/cobblebattle/battle/BattleQueue.java","377","METHOD","xiaocaoawa.minecraft.mod.cobblebattle.battle.BattleQueue","onQueueLeft","onQueueLeft","待命名"
"src/main/java/xiaocaoawa/minecraft/mod/cobblebattle/battle/BattleQueue.java","377","PARAMETER","onQueueLeft(com.google.gson.JsonObject)","message","document","待验证"
"src/main/java/xiaocaoawa/minecraft/mod/cobblebattle/battle/BattleQueue.java","378","LOCAL_VARIABLE","onQueueLeft(com.google.gson.JsonObject)","playerUuid","participantUuid","待验证"
"src/main/java/xiaocaoawa/minecraft/mod/cobblebattle/battle/BattleQueue.java","381","LOCAL_VARIABLE","onQueueLeft(com.google.gson.JsonObject)","why","why","待命名"
"src/main/java/xiaocaoawa/minecraft/mod/cobblebattle/battle/BattleQueue.java","383","LOCAL_VARIABLE","onQueueLeft(com.google.gson.JsonObject)","key","key","待命名"
"src/main/java/xiaocaoawa/minecraft/mod/cobblebattle/battle/BattleQueue.java","389","PARAMETER","onQueueLeft(com.google.gson.JsonObject)","player","participant","待验证"
"src/main/java/xiaocaoawa/minecraft/mod/cobblebattle/battle/BattleQueue.java","393","METHOD","xiaocaoawa.minecraft.mod.cobblebattle.battle.BattleQueue","onQueueWait","onQueueWait","待命名"
"src/main/java/xiaocaoawa/minecraft/mod/cobblebattle/battle/BattleQueue.java","393","PARAMETER","onQueueWait(com.google.gson.JsonObject)","message","document","待验证"
"src/main/java/xiaocaoawa/minecraft/mod/cobblebattle/battle/BattleQueue.java","394","LOCAL_VARIABLE","onQueueWait(com.google.gson.JsonObject)","playerUuid","participantUuid","待验证"
"src/main/java/xiaocaoawa/minecraft/mod/cobblebattle/battle/BattleQueue.java","395","LOCAL_VARIABLE","onQueueWait(com.google.gson.JsonObject)","position","position","待命名"
"src/main/java/xiaocaoawa/minecraft/mod/cobblebattle/battle/BattleQueue.java","396","LOCAL_VARIABLE","onQueueWait(com.google.gson.JsonObject)","waiting","waiting","待命名"
"src/main/java/xiaocaoawa/minecraft/mod/cobblebattle/battle/BattleQueue.java","400","METHOD","xiaocaoawa.minecraft.mod.cobblebattle.battle.BattleQueue","playerObject","participantObject","待验证"
"src/main/java/xiaocaoawa/minecraft/mod/cobblebattle/battle/BattleQueue.java","400","PARAMETER","playerObject(net.minecraft.server.level.ServerPlayer)","player","participant","待验证"
"src/main/java/xiaocaoawa/minecraft/mod/cobblebattle/battle/BattleQueue.java","401","LOCAL_VARIABLE","playerObject(net.minecraft.server.level.ServerPlayer)","object","object","待命名"
"src/main/java/xiaocaoawa/minecraft/mod/cobblebattle/battle/BattleQueue.java","407","METHOD","xiaocaoawa.minecraft.mod.cobblebattle.battle.BattleQueue","describeRejections","describeViolations","待验证"
"src/main/java/xiaocaoawa/minecraft/mod/cobblebattle/battle/BattleQueue.java","407","PARAMETER","describeRejections(java.util.List<xiaocaoawa.minecraft.mod.cobblebattle.dex.RemoteDex.Rejection>)","rejections","violations","待验证"
"src/main/java/xiaocaoawa/minecraft/mod/cobblebattle/battle/BattleQueue.java","408","LOCAL_VARIABLE","describeRejections(java.util.List<xiaocaoawa.minecraft.mod.cobblebattle.dex.RemoteDex.Rejection>)","root","root","待命名"
"src/main/java/xiaocaoawa/minecraft/mod/cobblebattle/battle/BattleQueue.java","410","LOCAL_VARIABLE","describeRejections(java.util.List<xiaocaoawa.minecraft.mod.cobblebattle.dex.RemoteDex.Rejection>)","rejection","rejection","待命名"
"src/main/java/xiaocaoawa/minecraft/mod/cobblebattle/battle/BattleQueue.java","411","LOCAL_VARIABLE","describeRejections(java.util.List<xiaocaoawa.minecraft.mod.cobblebattle.dex.RemoteDex.Rejection>)","body","body","待命名"
"src/main/java/xiaocaoawa/minecraft/mod/cobblebattle/battle/BattleQueue.java","433","FIELD","xiaocaoawa.minecraft.mod.cobblebattle.battle.BattleQueue.Refused","message","document","待验证"
"src/main/java/xiaocaoawa/minecraft/mod/cobblebattle/battle/BattleQueue.java","435","PARAMETER","Refused(net.minecraft.network.chat.Component)","message","document","待验证"
"src/main/java/xiaocaoawa/minecraft/mod/cobblebattle/battle/CrossServerBattles.java","9","FIELD","xiaocaoawa.minecraft.mod.cobblebattle.battle.CrossServerBattles","INDEX","INDEX","待命名"
"src/main/java/xiaocaoawa/minecraft/mod/cobblebattle/battle/CrossServerBattles.java","11","PARAMETER","injecting(java.lang.Runnable)","write","write","待命名"
"src/main/java/xiaocaoawa/minecraft/mod/cobblebattle/battle/CrossServerBattles.java","12","PARAMETER","setChoiceRelay(java.util.function.Consumer<xiaocaoawa.minecraft.mod.cobblebattle.battle.CrossServerBattles.ChoiceRelay>)","relay","relay","待命名"
"src/main/java/xiaocaoawa/minecraft/mod/cobblebattle/battle/CrossServerBattles.java","13","PARAMETER","setOutputRelay(java.util.function.Consumer<xiaocaoawa.minecraft.mod.cobblebattle.battle.CrossServerBattles.ChoiceRelay>)","relay","relay","待命名"
"src/main/java/xiaocaoawa/minecraft/mod/cobblebattle/battle/CrossServerBattles.java","14","PARAMETER","beginConstruction(xiaocaoawa.minecraft.mod.cobblebattle.battle.MirrorBattle)","mirror","mirror","待命名"
"src/main/java/xiaocaoawa/minecraft/mod/cobblebattle/battle/CrossServerBattles.java","16","PARAMETER","claimStart(java.util.UUID)","localBattleId","localBattleId","待命名"
"src/main/java/xiaocaoawa/minecraft/mod/cobblebattle/battle/CrossServerBattles.java","17","PARAMETER","isMirror(java.util.UUID)","localBattleId","localBattleId","待命名"
"src/main/java/xiaocaoawa/minecraft/mod/cobblebattle/battle/CrossServerBattles.java","18","PARAMETER","get(java.util.UUID)","localBattleId","localBattleId","待命名"
"src/main/java/xiaocaoawa/minecraft/mod/cobblebattle/battle/CrossServerBattles.java","19","PARAMETER","localIdFor(java.lang.String)","remoteBattleId","remoteBattleId","待命名"
"src/main/java/xiaocaoawa/minecraft/mod/cobblebattle/battle/CrossServerBattles.java","20","PARAMETER","byRemoteId(java.lang.String)","remoteBattleId","remoteBattleId","待命名"
"src/main/java/xiaocaoawa/minecraft/mod/cobblebattle/battle/CrossServerBattles.java","21","PARAMETER","relayChoices(java.util.UUID,java.lang.String[])","localBattleId","localBattleId","待命名"
"src/main/java/xiaocaoawa/minecraft/mod/cobblebattle/battle/CrossServerBattles.java","21","PARAMETER","relayChoices(java.util.UUID,java.lang.String[])","messages","messages","待命名"
"src/main/java/xiaocaoawa/minecraft/mod/cobblebattle/battle/CrossServerBattles.java","22","PARAMETER","captureOutput(java.util.UUID,java.lang.String)","localBattleId","localBattleId","待命名"
"src/main/java/xiaocaoawa/minecraft/mod/cobblebattle/battle/CrossServerBattles.java","22","PARAMETER","captureOutput(java.util.UUID,java.lang.String)","chunk","content","待验证"
"src/main/java/xiaocaoawa/minecraft/mod/cobblebattle/battle/CrossServerBattles.java","23","PARAMETER","forget(java.util.UUID)","localBattleId","localBattleId","待命名"
"src/main/java/xiaocaoawa/minecraft/mod/cobblebattle/battle/CrossServerBattles.java","24","PARAMETER","byLocalPlayer(java.util.UUID)","playerUuid","participantUuid","待验证"
"src/main/java/xiaocaoawa/minecraft/mod/cobblebattle/battle/CrossServerBattleService.java","54","FIELD","xiaocaoawa.minecraft.mod.cobblebattle.battle.CrossServerBattleService","LOGGER","SERVICE_LOGGER","待验证"
"src/main/java/xiaocaoawa/minecraft/mod/cobblebattle/battle/CrossServerBattleService.java","55","FIELD","xiaocaoawa.minecraft.mod.cobblebattle.battle.CrossServerBattleService","config","serviceConfig","待验证"
"src/main/java/xiaocaoawa/minecraft/mod/cobblebattle/battle/CrossServerBattleService.java","56","FIELD","xiaocaoawa.minecraft.mod.cobblebattle.battle.CrossServerBattleService","dex","remoteDex","待验证"
"src/main/java/xiaocaoawa/minecraft/mod/cobblebattle/battle/CrossServerBattleService.java","57","FIELD","xiaocaoawa.minecraft.mod.cobblebattle.battle.CrossServerBattleService","battleQueue","matchmakingQueue","待验证"
"src/main/java/xiaocaoawa/minecraft/mod/cobblebattle/battle/CrossServerBattleService.java","58","FIELD","xiaocaoawa.minecraft.mod.cobblebattle.battle.CrossServerBattleService","mirrorFactory","battleMirrorFactory","待验证"
"src/main/java/xiaocaoawa/minecraft/mod/cobblebattle/battle/CrossServerBattleService.java","59","FIELD","xiaocaoawa.minecraft.mod.cobblebattle.battle.CrossServerBattleService","teardown","teardown","待命名"
"src/main/java/xiaocaoawa/minecraft/mod/cobblebattle/battle/CrossServerBattleService.java","60","FIELD","xiaocaoawa.minecraft.mod.cobblebattle.battle.CrossServerBattleService","spectators","spectatorSessions","待验证"
"src/main/java/xiaocaoawa/minecraft/mod/cobblebattle/battle/CrossServerBattleService.java","61","FIELD","xiaocaoawa.minecraft.mod.cobblebattle.battle.CrossServerBattleService","previews","teamPreviewSessions","待验证"
"src/main/java/xiaocaoawa/minecraft/mod/cobblebattle/battle/CrossServerBattleService.java","62","FIELD","xiaocaoawa.minecraft.mod.cobblebattle.battle.CrossServerBattleService","auth","authenticationService","待验证"
"src/main/java/xiaocaoawa/minecraft/mod/cobblebattle/battle/CrossServerBattleService.java","63","FIELD","xiaocaoawa.minecraft.mod.cobblebattle.battle.CrossServerBattleService","ranked","rankedCompetitions","待验证"
"src/main/java/xiaocaoawa/minecraft/mod/cobblebattle/battle/CrossServerBattleService.java","64","FIELD","xiaocaoawa.minecraft.mod.cobblebattle.battle.CrossServerBattleService","boardRefs","boardRefs","待命名"
"src/main/java/xiaocaoawa/minecraft/mod/cobblebattle/battle/CrossServerBattleService.java","66","PARAMETER","removeEldestEntry(java.util.Map.Entry<java.lang.Integer,java.util.UUID>)","eldest","eldest","待命名"
"src/main/java/xiaocaoawa/minecraft/mod/cobblebattle/battle/CrossServerBattleService.java","70","FIELD","xiaocaoawa.minecraft.mod.cobblebattle.battle.CrossServerBattleService","chatRefs","chatRefs","待命名"
"src/main/java/xiaocaoawa/minecraft/mod/cobblebattle/battle/CrossServerBattleService.java","72","PARAMETER","removeEldestEntry(java.util.Map.Entry<java.lang.Integer,java.util.UUID>)","eldest","eldest","待命名"
"src/main/java/xiaocaoawa/minecraft/mod/cobblebattle/battle/CrossServerBattleService.java","76","FIELD","xiaocaoawa.minecraft.mod.cobblebattle.battle.CrossServerBattleService","client","battleServerClient","待验证"
"src/main/java/xiaocaoawa/minecraft/mod/cobblebattle/battle/CrossServerBattleService.java","77","FIELD","xiaocaoawa.minecraft.mod.cobblebattle.battle.CrossServerBattleService","minecraftServer","gameServer","待验证"
"src/main/java/xiaocaoawa/minecraft/mod/cobblebattle/battle/CrossServerBattleService.java","78","FIELD","xiaocaoawa.minecraft.mod.cobblebattle.battle.CrossServerBattleService","pendingAuthOpens","waitingChunksAuthOpens","待验证"
"src/main/java/xiaocaoawa/minecraft/mod/cobblebattle/battle/CrossServerBattleService.java","79","FIELD","xiaocaoawa.minecraft.mod.cobblebattle.battle.CrossServerBattleService","idleTimer","idleDisconnectScheduler","待验证"
"src/main/java/xiaocaoawa/minecraft/mod/cobblebattle/battle/CrossServerBattleService.java","80","FIELD","xiaocaoawa.minecraft.mod.cobblebattle.battle.CrossServerBattleService","idleDisconnect","pendingIdleDisconnect","待验证"
"src/main/java/xiaocaoawa/minecraft/mod/cobblebattle/battle/CrossServerBattleService.java","81","FIELD","xiaocaoawa.minecraft.mod.cobblebattle.battle.CrossServerBattleService","IDLE_DISCONNECT_MIN_SECONDS","IDLE_DISCONNECT_MIN_SECONDS","待命名"
"src/main/java/xiaocaoawa/minecraft/mod/cobblebattle/battle/CrossServerBattleService.java","82","FIELD","xiaocaoawa.minecraft.mod.cobblebattle.battle.CrossServerBattleService","menuRefs","menuRefs","待命名"
"src/main/java/xiaocaoawa/minecraft/mod/cobblebattle/battle/CrossServerBattleService.java","83","FIELD","xiaocaoawa.minecraft.mod.cobblebattle.battle.CrossServerBattleService","roomCache","roomCache","待命名"
"src/main/java/xiaocaoawa/minecraft/mod/cobblebattle/battle/CrossServerBattleService.java","84","FIELD","xiaocaoawa.minecraft.mod.cobblebattle.battle.CrossServerBattleService","roomWaiters","roomWaiters","待命名"
"src/main/java/xiaocaoawa/minecraft/mod/cobblebattle/battle/CrossServerBattleService.java","85","FIELD","xiaocaoawa.minecraft.mod.cobblebattle.battle.CrossServerBattleService","roomFetchInFlight","roomFetchInFlight","待命名"
"src/main/java/xiaocaoawa/minecraft/mod/cobblebattle/battle/CrossServerBattleService.java","86","FIELD","xiaocaoawa.minecraft.mod.cobblebattle.battle.CrossServerBattleService","roomBoardSent","roomBoardSent","待命名"
"src/main/java/xiaocaoawa/minecraft/mod/cobblebattle/battle/CrossServerBattleService.java","87","FIELD","xiaocaoawa.minecraft.mod.cobblebattle.battle.CrossServerBattleService","ROOM_CACHE_MS","ROOM_CACHE_MS","待命名"
"src/main/java/xiaocaoawa/minecraft/mod/cobblebattle/battle/CrossServerBattleService.java","88","FIELD","xiaocaoawa.minecraft.mod.cobblebattle.battle.CrossServerBattleService","ROOM_OPEN_MS","ROOM_OPEN_MS","待命名"
"src/main/java/xiaocaoawa/minecraft/mod/cobblebattle/battle/CrossServerBattleService.java","89","FIELD","xiaocaoawa.minecraft.mod.cobblebattle.battle.CrossServerBattleService","chatWatchersReported","chatObserversReported","待验证"
"src/main/java/xiaocaoawa/minecraft/mod/cobblebattle/battle/CrossServerBattleService.java","90","FIELD","xiaocaoawa.minecraft.mod.cobblebattle.battle.CrossServerBattleService","chatEnabled","remoteChatEnabled","待验证"
"src/main/java/xiaocaoawa/minecraft/mod/cobblebattle/battle/CrossServerBattleService.java","91","FIELD","xiaocaoawa.minecraft.mod.cobblebattle.battle.CrossServerBattleService","emailEnabled","emailAuthenticationEnabled","待验证"
"src/main/java/xiaocaoawa/minecraft/mod/cobblebattle/battle/CrossServerBattleService.java","97","PARAMETER","hasRanked(java.lang.String)","id","rankedId","待验证"
"src/main/java/xiaocaoawa/minecraft/mod/cobblebattle/battle/CrossServerBattleService.java","101","PARAMETER","ranked(java.lang.String)","id","rankedId","待验证"
"src/main/java/xiaocaoawa/minecraft/mod/cobblebattle/battle/CrossServerBattleService.java","105","PARAMETER","CrossServerBattleService(xiaocaoawa.minecraft.mod.cobblebattle.config.CobbleBattleConfig)","config","serviceConfig","待验证"
"src/main/java/xiaocaoawa/minecraft/mod/cobblebattle/battle/CrossServerBattleService.java","125","PARAMETER","notConnected(java.lang.String)","key","translationKey","待验证"
"src/main/java/xiaocaoawa/minecraft/mod/cobblebattle/battle/CrossServerBattleService.java","126","LOCAL_VARIABLE","notConnected(java.lang.String)","refused","disconnectedMessage","待验证"
"src/main/java/xiaocaoawa/minecraft/mod/cobblebattle/battle/CrossServerBattleService.java","135","METHOD","xiaocaoawa.minecraft.mod.cobblebattle.battle.CrossServerBattleService","ensureConnected","requestConnection","待验证"
"src/main/java/xiaocaoawa/minecraft/mod/cobblebattle/battle/CrossServerBattleService.java","141","PARAMETER","isQueued(java.util.UUID)","playerUuid","participantUuid","待验证"
"src/main/java/xiaocaoawa/minecraft/mod/cobblebattle/battle/CrossServerBattleService.java","145","METHOD","xiaocaoawa.minecraft.mod.cobblebattle.battle.CrossServerBattleService","client","serverClient","待验证"
"src/main/java/xiaocaoawa/minecraft/mod/cobblebattle/battle/CrossServerBattleService.java","149","METHOD","xiaocaoawa.minecraft.mod.cobblebattle.battle.CrossServerBattleService","server","runningServer","待验证"
"src/main/java/xiaocaoawa/minecraft/mod/cobblebattle/battle/CrossServerBattleService.java","153","METHOD","xiaocaoawa.minecraft.mod.cobblebattle.battle.CrossServerBattleService","battleQueue","queueCoordinator","待验证"
"src/main/java/xiaocaoawa/minecraft/mod/cobblebattle/battle/CrossServerBattleService.java","157","METHOD","xiaocaoawa.minecraft.mod.cobblebattle.battle.CrossServerBattleService","playerOf","participantOf","待验证"
"src/main/java/xiaocaoawa/minecraft/mod/cobblebattle/battle/CrossServerBattleService.java","157","PARAMETER","playerOf(java.util.UUID)","playerUuid","participantUuid","待验证"
"src/main/java/xiaocaoawa/minecraft/mod/cobblebattle/battle/CrossServerBattleService.java","158","LOCAL_VARIABLE","playerOf(java.util.UUID)","server","server","待命名"
"src/main/java/xiaocaoawa/minecraft/mod/cobblebattle/battle/CrossServerBattleService.java","162","PARAMETER","onServerStarted(net.minecraft.server.MinecraftServer)","server","startedServer","待验证"
"src/main/java/xiaocaoawa/minecraft/mod/cobblebattle/battle/CrossServerBattleService.java","175","PARAMETER","onPlayerJoin(net.minecraft.server.level.ServerPlayer)","player","participant","待验证"
"src/main/java/xiaocaoawa/minecraft/mod/cobblebattle/battle/CrossServerBattleService.java","181","METHOD","xiaocaoawa.minecraft.mod.cobblebattle.battle.CrossServerBattleService","connectThenOpenAuth","connectAndOpenAuthentication","待验证"
"src/main/java/xiaocaoawa/minecraft/mod/cobblebattle/battle/CrossServerBattleService.java","181","PARAMETER","connectThenOpenAuth(net.minecraft.server.level.ServerPlayer)","player","participant","待验证"
"src/main/java/xiaocaoawa/minecraft/mod/cobblebattle/battle/CrossServerBattleService.java","182","LOCAL_VARIABLE","connectThenOpenAuth(net.minecraft.server.level.ServerPlayer)","refused","connectionMessage","待验证"
"src/main/java/xiaocaoawa/minecraft/mod/cobblebattle/battle/CrossServerBattleService.java","191","METHOD","xiaocaoawa.minecraft.mod.cobblebattle.battle.CrossServerBattleService","openPendingAuth","openWaitingChunksAuth","待验证"
"src/main/java/xiaocaoawa/minecraft/mod/cobblebattle/battle/CrossServerBattleService.java","192","LOCAL_VARIABLE","openPendingAuth()","waiting","waiting","待命名"
"src/main/java/xiaocaoawa/minecraft/mod/cobblebattle/battle/CrossServerBattleService.java","194","PARAMETER","openPendingAuth()","player","participant","待验证"
"src/main/java/xiaocaoawa/minecraft/mod/cobblebattle/battle/CrossServerBattleService.java","195","LOCAL_VARIABLE","openPendingAuth()","refusal","refusal","待命名"
"src/main/java/xiaocaoawa/minecraft/mod/cobblebattle/battle/CrossServerBattleService.java","203","METHOD","xiaocaoawa.minecraft.mod.cobblebattle.battle.CrossServerBattleService","onConnectFailed","handleConnectionFailure","待验证"
"src/main/java/xiaocaoawa/minecraft/mod/cobblebattle/battle/CrossServerBattleService.java","203","PARAMETER","onConnectFailed(java.lang.String)","why","failureReason","待验证"
"src/main/java/xiaocaoawa/minecraft/mod/cobblebattle/battle/CrossServerBattleService.java","204","LOCAL_VARIABLE","onConnectFailed(java.lang.String)","waiting","authenticationWaiter","待验证"
"src/main/java/xiaocaoawa/minecraft/mod/cobblebattle/battle/CrossServerBattleService.java","210","METHOD","xiaocaoawa.minecraft.mod.cobblebattle.battle.CrossServerBattleService","cancelIdleDisconnect","cancelScheduledDisconnect","待验证"
"src/main/java/xiaocaoawa/minecraft/mod/cobblebattle/battle/CrossServerBattleService.java","217","METHOD","xiaocaoawa.minecraft.mod.cobblebattle.battle.CrossServerBattleService","scheduleIdleDisconnect","scheduleDisconnectWhenUnused","待验证"
"src/main/java/xiaocaoawa/minecraft/mod/cobblebattle/battle/CrossServerBattleService.java","221","PARAMETER","scheduleIdleDisconnect()","r","scheduledTask","待验证"
"src/main/java/xiaocaoawa/minecraft/mod/cobblebattle/battle/CrossServerBattleService.java","222","LOCAL_VARIABLE","scheduleIdleDisconnect()","t","idleThread","待验证"
"src/main/java/xiaocaoawa/minecraft/mod/cobblebattle/battle/CrossServerBattleService.java","228","LOCAL_VARIABLE","scheduleIdleDisconnect()","seconds","delaySeconds","待验证"
"src/main/java/xiaocaoawa/minecraft/mod/cobblebattle/battle/CrossServerBattleService.java","230","LOCAL_VARIABLE","scheduleIdleDisconnect()","server","activeServer","待验证"
"src/main/java/xiaocaoawa/minecraft/mod/cobblebattle/battle/CrossServerBattleService.java","239","PARAMETER","reconnect(java.lang.String)","why","reconnectReason","待验证"
"src/main/java/xiaocaoawa/minecraft/mod/cobblebattle/battle/CrossServerBattleService.java","256","LOCAL_VARIABLE","onServerStopping()","mirror","activeMirror","待验证"
"src/main/java/xiaocaoawa/minecraft/mod/cobblebattle/battle/CrossServerBattleService.java","265","METHOD","xiaocaoawa.minecraft.mod.cobblebattle.battle.CrossServerBattleService","onConnected","sendHandshakeAfterConnect","待验证"
"src/main/java/xiaocaoawa/minecraft/mod/cobblebattle/battle/CrossServerBattleService.java","266","LOCAL_VARIABLE","onConnected()","hello","handshake","待验证"
"src/main/java/xiaocaoawa/minecraft/mod/cobblebattle/battle/CrossServerBattleService.java","276","METHOD","xiaocaoawa.minecraft.mod.cobblebattle.battle.CrossServerBattleService","onDisconnected","handleRemoteDisconnect","待验证"
"src/main/java/xiaocaoawa/minecraft/mod/cobblebattle/battle/CrossServerBattleService.java","276","PARAMETER","onDisconnected(java.lang.String)","reason","disconnectReason","待验证"
"src/main/java/xiaocaoawa/minecraft/mod/cobblebattle/battle/CrossServerBattleService.java","295","LOCAL_VARIABLE","onDisconnected(java.lang.String)","mirror","activeMirror","待验证"
"src/main/java/xiaocaoawa/minecraft/mod/cobblebattle/battle/CrossServerBattleService.java","300","METHOD","xiaocaoawa.minecraft.mod.cobblebattle.battle.CrossServerBattleService","onMessage","onDocument","待验证"
"src/main/java/xiaocaoawa/minecraft/mod/cobblebattle/battle/CrossServerBattleService.java","300","PARAMETER","onMessage(com.google.gson.JsonObject)","message","document","待验证"
"src/main/java/xiaocaoawa/minecraft/mod/cobblebattle/battle/CrossServerBattleService.java","301","LOCAL_VARIABLE","onMessage(com.google.gson.JsonObject)","type","type","待命名"
"src/main/java/xiaocaoawa/minecraft/mod/cobblebattle/battle/CrossServerBattleService.java","392","METHOD","xiaocaoawa.minecraft.mod.cobblebattle.battle.CrossServerBattleService","onHelloAck","handleHandshakeAccepted","待验证"
"src/main/java/xiaocaoawa/minecraft/mod/cobblebattle/battle/CrossServerBattleService.java","392","PARAMETER","onHelloAck(com.google.gson.JsonObject)","message","document","待验证"
"src/main/java/xiaocaoawa/minecraft/mod/cobblebattle/battle/CrossServerBattleService.java","394","LOCAL_VARIABLE","onHelloAck(com.google.gson.JsonObject)","dexReady","dexReady","待命名"
"src/main/java/xiaocaoawa/minecraft/mod/cobblebattle/battle/CrossServerBattleService.java","429","LOCAL_VARIABLE","onHelloAck(com.google.gson.JsonObject)","cached","cached","待命名"
"src/main/java/xiaocaoawa/minecraft/mod/cobblebattle/battle/CrossServerBattleService.java","430","LOCAL_VARIABLE","onHelloAck(com.google.gson.JsonObject)","theirs","theirs","待命名"
"src/main/java/xiaocaoawa/minecraft/mod/cobblebattle/battle/CrossServerBattleService.java","439","METHOD","xiaocaoawa.minecraft.mod.cobblebattle.battle.CrossServerBattleService","unchangedDex","unchangedDexDocument","待验证"
"src/main/java/xiaocaoawa/minecraft/mod/cobblebattle/battle/CrossServerBattleService.java","439","PARAMETER","unchangedDex(java.lang.String)","digest","expectedDigest","待验证"
"src/main/java/xiaocaoawa/minecraft/mod/cobblebattle/battle/CrossServerBattleService.java","440","LOCAL_VARIABLE","unchangedDex(java.lang.String)","same","responseDocument","待验证"
"src/main/java/xiaocaoawa/minecraft/mod/cobblebattle/battle/CrossServerBattleService.java","446","METHOD","xiaocaoawa.minecraft.mod.cobblebattle.battle.CrossServerBattleService","readRanked","replaceRankedCompetitions","待验证"
"src/main/java/xiaocaoawa/minecraft/mod/cobblebattle/battle/CrossServerBattleService.java","446","PARAMETER","readRanked(com.google.gson.JsonObject)","message","document","待验证"
"src/main/java/xiaocaoawa/minecraft/mod/cobblebattle/battle/CrossServerBattleService.java","448","LOCAL_VARIABLE","readRanked(com.google.gson.JsonObject)","offered","offered","待命名"
"src/main/java/xiaocaoawa/minecraft/mod/cobblebattle/battle/CrossServerBattleService.java","450","LOCAL_VARIABLE","readRanked(com.google.gson.JsonObject)","el","el","待命名"
"src/main/java/xiaocaoawa/minecraft/mod/cobblebattle/battle/CrossServerBattleService.java","452","LOCAL_VARIABLE","readRanked(com.google.gson.JsonObject)","o","o","待命名"
"src/main/java/xiaocaoawa/minecraft/mod/cobblebattle/battle/CrossServerBattleService.java","453","LOCAL_VARIABLE","readRanked(com.google.gson.JsonObject)","id","id","待命名"
"src/main/java/xiaocaoawa/minecraft/mod/cobblebattle/battle/CrossServerBattleService.java","455","LOCAL_VARIABLE","readRanked(com.google.gson.JsonObject)","rules","rules","待命名"
"src/main/java/xiaocaoawa/minecraft/mod/cobblebattle/battle/CrossServerBattleService.java","457","LOCAL_VARIABLE","readRanked(com.google.gson.JsonObject)","rule","rule","待命名"
"src/main/java/xiaocaoawa/minecraft/mod/cobblebattle/battle/CrossServerBattleService.java","491","METHOD","xiaocaoawa.minecraft.mod.cobblebattle.battle.CrossServerBattleService","requestDex","requestRemoteDex","待验证"
"src/main/java/xiaocaoawa/minecraft/mod/cobblebattle/battle/CrossServerBattleService.java","492","LOCAL_VARIABLE","requestDex()","query","requestFrame","待验证"
"src/main/java/xiaocaoawa/minecraft/mod/cobblebattle/battle/CrossServerBattleService.java","494","LOCAL_VARIABLE","requestDex()","cached","cachedDex","待验证"
"src/main/java/xiaocaoawa/minecraft/mod/cobblebattle/battle/CrossServerBattleService.java","502","METHOD","xiaocaoawa.minecraft.mod.cobblebattle.battle.CrossServerBattleService","onError","handleServiceError","待验证"
"src/main/java/xiaocaoawa/minecraft/mod/cobblebattle/battle/CrossServerBattleService.java","502","PARAMETER","onError(com.google.gson.JsonObject)","message","document","待验证"
"src/main/java/xiaocaoawa/minecraft/mod/cobblebattle/battle/CrossServerBattleService.java","503","LOCAL_VARIABLE","onError(com.google.gson.JsonObject)","code","errorCode","待验证"
"src/main/java/xiaocaoawa/minecraft/mod/cobblebattle/battle/CrossServerBattleService.java","504","LOCAL_VARIABLE","onError(com.google.gson.JsonObject)","text","errorText","待验证"
"src/main/java/xiaocaoawa/minecraft/mod/cobblebattle/battle/CrossServerBattleService.java","514","LOCAL_VARIABLE","onError(com.google.gson.JsonObject)","mirror","affectedBattle","待验证"
"src/main/java/xiaocaoawa/minecraft/mod/cobblebattle/battle/CrossServerBattleService.java","519","LOCAL_VARIABLE","onError(com.google.gson.JsonObject)","waiting","connectionWaiter","待验证"
"src/main/java/xiaocaoawa/minecraft/mod/cobblebattle/battle/CrossServerBattleService.java","521","LOCAL_VARIABLE","onError(com.google.gson.JsonObject)","refusal","failureMessage","待验证"
"src/main/java/xiaocaoawa/minecraft/mod/cobblebattle/battle/CrossServerBattleService.java","523","PARAMETER","onError(com.google.gson.JsonObject)","player","waitingPlayer","待验证"
"src/main/java/xiaocaoawa/minecraft/mod/cobblebattle/battle/CrossServerBattleService.java","526","LOCAL_VARIABLE","onError(com.google.gson.JsonObject)","talker","chatRequester","待验证"
"src/main/java/xiaocaoawa/minecraft/mod/cobblebattle/battle/CrossServerBattleService.java","530","LOCAL_VARIABLE","onError(com.google.gson.JsonObject)","forMenu","menuRequester","待验证"
"src/main/java/xiaocaoawa/minecraft/mod/cobblebattle/battle/CrossServerBattleService.java","532","PARAMETER","onError(com.google.gson.JsonObject)","player","participant","待验证"
"src/main/java/xiaocaoawa/minecraft/mod/cobblebattle/battle/CrossServerBattleService.java","534","LOCAL_VARIABLE","onError(com.google.gson.JsonObject)","asker","leaderboardRequester","待验证"
"src/main/java/xiaocaoawa/minecraft/mod/cobblebattle/battle/CrossServerBattleService.java","538","LOCAL_VARIABLE","onError(com.google.gson.JsonObject)","looker","roomLookupRequester","待验证"
"src/main/java/xiaocaoawa/minecraft/mod/cobblebattle/battle/CrossServerBattleService.java","542","LOCAL_VARIABLE","onError(com.google.gson.JsonObject)","owner","roomOwner","待验证"
"src/main/java/xiaocaoawa/minecraft/mod/cobblebattle/battle/CrossServerBattleService.java","546","LOCAL_VARIABLE","onError(com.google.gson.JsonObject)","roomKey","roomReference","待验证"
"src/main/java/xiaocaoawa/minecraft/mod/cobblebattle/battle/CrossServerBattleService.java","559","LOCAL_VARIABLE","onError(com.google.gson.JsonObject)","left","queueLeaver","待验证"
"src/main/java/xiaocaoawa/minecraft/mod/cobblebattle/battle/CrossServerBattleService.java","560","LOCAL_VARIABLE","onError(com.google.gson.JsonObject)","ranked","rankedId","待验证"
"src/main/java/xiaocaoawa/minecraft/mod/cobblebattle/battle/CrossServerBattleService.java","576","LOCAL_VARIABLE","onError(com.google.gson.JsonObject)","why","rejectionReason","待验证"
"src/main/java/xiaocaoawa/minecraft/mod/cobblebattle/battle/CrossServerBattleService.java","582","LOCAL_VARIABLE","onError(com.google.gson.JsonObject)","waiting","authenticationWaiter","待验证"
"src/main/java/xiaocaoawa/minecraft/mod/cobblebattle/battle/CrossServerBattleService.java","589","METHOD","xiaocaoawa.minecraft.mod.cobblebattle.battle.CrossServerBattleService","describeLookupFailure","formatLookupFailure","待验证"
"src/main/java/xiaocaoawa/minecraft/mod/cobblebattle/battle/CrossServerBattleService.java","589","PARAMETER","describeLookupFailure(java.lang.String,java.lang.String)","code","errorCode","待验证"
"src/main/java/xiaocaoawa/minecraft/mod/cobblebattle/battle/CrossServerBattleService.java","589","PARAMETER","describeLookupFailure(java.lang.String,java.lang.String)","fallback","fallbackText","待验证"
"src/main/java/xiaocaoawa/minecraft/mod/cobblebattle/battle/CrossServerBattleService.java","590","LOCAL_VARIABLE","describeLookupFailure(java.lang.String,java.lang.String)","key","translationKey","待验证"
"src/main/java/xiaocaoawa/minecraft/mod/cobblebattle/battle/CrossServerBattleService.java","598","LOCAL_VARIABLE","describeLookupFailure(java.lang.String,java.lang.String)","text","failureMessage","待验证"
"src/main/java/xiaocaoawa/minecraft/mod/cobblebattle/battle/CrossServerBattleService.java","602","METHOD","xiaocaoawa.minecraft.mod.cobblebattle.battle.CrossServerBattleService","describeHandshakeRefusal","formatHandshakeRejection","待验证"
"src/main/java/xiaocaoawa/minecraft/mod/cobblebattle/battle/CrossServerBattleService.java","602","PARAMETER","describeHandshakeRefusal(java.lang.String,java.lang.String)","code","errorCode","待验证"
"src/main/java/xiaocaoawa/minecraft/mod/cobblebattle/battle/CrossServerBattleService.java","602","PARAMETER","describeHandshakeRefusal(java.lang.String,java.lang.String)","text","serverText","待验证"
"src/main/java/xiaocaoawa/minecraft/mod/cobblebattle/battle/CrossServerBattleService.java","610","METHOD","xiaocaoawa.minecraft.mod.cobblebattle.battle.CrossServerBattleService","describeDuration","formatDuration","待验证"
"src/main/java/xiaocaoawa/minecraft/mod/cobblebattle/battle/CrossServerBattleService.java","610","PARAMETER","describeDuration(long)","ms","durationMillis","待验证"
"src/main/java/xiaocaoawa/minecraft/mod/cobblebattle/battle/CrossServerBattleService.java","611","LOCAL_VARIABLE","describeDuration(long)","seconds","totalSeconds","待验证"
"src/main/java/xiaocaoawa/minecraft/mod/cobblebattle/battle/CrossServerBattleService.java","612","LOCAL_VARIABLE","describeDuration(long)","days","wholeDays","待验证"
"src/main/java/xiaocaoawa/minecraft/mod/cobblebattle/battle/CrossServerBattleService.java","613","LOCAL_VARIABLE","describeDuration(long)","hours","remainingHours","待验证"
"src/main/java/xiaocaoawa/minecraft/mod/cobblebattle/battle/CrossServerBattleService.java","614","LOCAL_VARIABLE","describeDuration(long)","minutes","remainingMinutes","待验证"
"src/main/java/xiaocaoawa/minecraft/mod/cobblebattle/battle/CrossServerBattleService.java","615","LOCAL_VARIABLE","describeDuration(long)","secs","remainingSeconds","待验证"
"src/main/java/xiaocaoawa/minecraft/mod/cobblebattle/battle/CrossServerBattleService.java","616","LOCAL_VARIABLE","describeDuration(long)","out","outputStream","待验证"
"src/main/java/xiaocaoawa/minecraft/mod/cobblebattle/battle/CrossServerBattleService.java","617","LOCAL_VARIABLE","describeDuration(long)","parts","durationParts","待验证"
"src/main/java/xiaocaoawa/minecraft/mod/cobblebattle/battle/CrossServerBattleService.java","640","METHOD","xiaocaoawa.minecraft.mod.cobblebattle.battle.CrossServerBattleService","describeAuthFailure","formatAuthenticationFailure","待验证"
"src/main/java/xiaocaoawa/minecraft/mod/cobblebattle/battle/CrossServerBattleService.java","640","PARAMETER","describeAuthFailure(java.lang.String,java.lang.String)","code","errorCode","待验证"
"src/main/java/xiaocaoawa/minecraft/mod/cobblebattle/battle/CrossServerBattleService.java","640","PARAMETER","describeAuthFailure(java.lang.String,java.lang.String)","fallback","fallbackText","待验证"
"src/main/java/xiaocaoawa/minecraft/mod/cobblebattle/battle/CrossServerBattleService.java","641","LOCAL_VARIABLE","describeAuthFailure(java.lang.String,java.lang.String)","key","translationKey","待验证"
"src/main/java/xiaocaoawa/minecraft/mod/cobblebattle/battle/CrossServerBattleService.java","656","LOCAL_VARIABLE","describeAuthFailure(java.lang.String,java.lang.String)","text","failureMessage","待验证"
"src/main/java/xiaocaoawa/minecraft/mod/cobblebattle/battle/CrossServerBattleService.java","660","METHOD","xiaocaoawa.minecraft.mod.cobblebattle.battle.CrossServerBattleService","onServerThread","executeOnServerThread","待验证"
"src/main/java/xiaocaoawa/minecraft/mod/cobblebattle/battle/CrossServerBattleService.java","660","PARAMETER","onServerThread(java.lang.Runnable)","work","action","待验证"
"src/main/java/xiaocaoawa/minecraft/mod/cobblebattle/battle/CrossServerBattleService.java","661","LOCAL_VARIABLE","onServerThread(java.lang.Runnable)","server","activeServer","待验证"
"src/main/java/xiaocaoawa/minecraft/mod/cobblebattle/battle/CrossServerBattleService.java","667","METHOD","xiaocaoawa.minecraft.mod.cobblebattle.battle.CrossServerBattleService","closeSpectatorMirror","closeReplayViewMirror","待验证"
"src/main/java/xiaocaoawa/minecraft/mod/cobblebattle/battle/CrossServerBattleService.java","667","PARAMETER","closeSpectatorMirror(xiaocaoawa.minecraft.mod.cobblebattle.battle.MirrorBattle)","mirror","mirror","待命名"
"src/main/java/xiaocaoawa/minecraft/mod/cobblebattle/battle/CrossServerBattleService.java","669","LOCAL_VARIABLE","closeSpectatorMirror(xiaocaoawa.minecraft.mod.cobblebattle.battle.MirrorBattle)","localBattleId","localBattleId","待命名"
"src/main/java/xiaocaoawa/minecraft/mod/cobblebattle/battle/CrossServerBattleService.java","673","LOCAL_VARIABLE","closeSpectatorMirror(xiaocaoawa.minecraft.mod.cobblebattle.battle.MirrorBattle)","battle","battle","待命名"
"src/main/java/xiaocaoawa/minecraft/mod/cobblebattle/battle/CrossServerBattleService.java","683","METHOD","xiaocaoawa.minecraft.mod.cobblebattle.battle.CrossServerBattleService","onMatchFound","handleMatchFound","待验证"
"src/main/java/xiaocaoawa/minecraft/mod/cobblebattle/battle/CrossServerBattleService.java","683","PARAMETER","onMatchFound(com.google.gson.JsonObject)","message","document","待验证"
"src/main/java/xiaocaoawa/minecraft/mod/cobblebattle/battle/CrossServerBattleService.java","684","LOCAL_VARIABLE","onMatchFound(com.google.gson.JsonObject)","server","activeServer","待验证"
"src/main/java/xiaocaoawa/minecraft/mod/cobblebattle/battle/CrossServerBattleService.java","690","METHOD","xiaocaoawa.minecraft.mod.cobblebattle.battle.CrossServerBattleService","onBattleStart","handleBattleStarted","待验证"
"src/main/java/xiaocaoawa/minecraft/mod/cobblebattle/battle/CrossServerBattleService.java","690","PARAMETER","onBattleStart(com.google.gson.JsonObject)","message","document","待验证"
"src/main/java/xiaocaoawa/minecraft/mod/cobblebattle/battle/CrossServerBattleService.java","691","LOCAL_VARIABLE","onBattleStart(com.google.gson.JsonObject)","mirror","activeMirror","待验证"
"src/main/java/xiaocaoawa/minecraft/mod/cobblebattle/battle/CrossServerBattleService.java","695","LOCAL_VARIABLE","onBattleStart(com.google.gson.JsonObject)","seated","battleParticipantUuid","待验证"
"src/main/java/xiaocaoawa/minecraft/mod/cobblebattle/battle/CrossServerBattleService.java","701","METHOD","xiaocaoawa.minecraft.mod.cobblebattle.battle.CrossServerBattleService","relayOutput","sendBattleOutput","待验证"
"src/main/java/xiaocaoawa/minecraft/mod/cobblebattle/battle/CrossServerBattleService.java","701","PARAMETER","relayOutput(xiaocaoawa.minecraft.mod.cobblebattle.battle.CrossServerBattles.ChoiceRelay)","relay","outputRelay","待验证"
"src/main/java/xiaocaoawa/minecraft/mod/cobblebattle/battle/CrossServerBattleService.java","707","LOCAL_VARIABLE","relayOutput(xiaocaoawa.minecraft.mod.cobblebattle.battle.CrossServerBattles.ChoiceRelay)","out","outputStream","待验证"
"src/main/java/xiaocaoawa/minecraft/mod/cobblebattle/battle/CrossServerBattleService.java","714","METHOD","xiaocaoawa.minecraft.mod.cobblebattle.battle.CrossServerBattleService","onRelayedChoice","handleRelayedChoice","待验证"
"src/main/java/xiaocaoawa/minecraft/mod/cobblebattle/battle/CrossServerBattleService.java","714","PARAMETER","onRelayedChoice(com.google.gson.JsonObject)","message","document","待验证"
"src/main/java/xiaocaoawa/minecraft/mod/cobblebattle/battle/CrossServerBattleService.java","715","LOCAL_VARIABLE","onRelayedChoice(com.google.gson.JsonObject)","remoteBattleId","externalBattleId","待验证"
"src/main/java/xiaocaoawa/minecraft/mod/cobblebattle/battle/CrossServerBattleService.java","716","LOCAL_VARIABLE","onRelayedChoice(com.google.gson.JsonObject)","line","choiceLine","待验证"
"src/main/java/xiaocaoawa/minecraft/mod/cobblebattle/battle/CrossServerBattleService.java","717","LOCAL_VARIABLE","onRelayedChoice(com.google.gson.JsonObject)","mirror","activeMirror","待验证"
"src/main/java/xiaocaoawa/minecraft/mod/cobblebattle/battle/CrossServerBattleService.java","723","LOCAL_VARIABLE","onRelayedChoice(com.google.gson.JsonObject)","localBattleId","internalBattleId","待验证"
"src/main/java/xiaocaoawa/minecraft/mod/cobblebattle/battle/CrossServerBattleService.java","731","LOCAL_VARIABLE","onRelayedChoice(com.google.gson.JsonObject)","server","activeServer","待验证"
"src/main/java/xiaocaoawa/minecraft/mod/cobblebattle/battle/CrossServerBattleService.java","738","EXCEPTION_PARAMETER","onRelayedChoice(com.google.gson.JsonObject)","var4x","failure","待验证"
"src/main/java/xiaocaoawa/minecraft/mod/cobblebattle/battle/CrossServerBattleService.java","747","METHOD","xiaocaoawa.minecraft.mod.cobblebattle.battle.CrossServerBattleService","onOutput","handleBattleOutput","待验证"
"src/main/java/xiaocaoawa/minecraft/mod/cobblebattle/battle/CrossServerBattleService.java","747","PARAMETER","onOutput(com.google.gson.JsonObject)","message","document","待验证"
"src/main/java/xiaocaoawa/minecraft/mod/cobblebattle/battle/CrossServerBattleService.java","748","LOCAL_VARIABLE","onOutput(com.google.gson.JsonObject)","remoteBattleId","externalBattleId","待验证"
"src/main/java/xiaocaoawa/minecraft/mod/cobblebattle/battle/CrossServerBattleService.java","749","LOCAL_VARIABLE","onOutput(com.google.gson.JsonObject)","mirror","activeMirror","待验证"
"src/main/java/xiaocaoawa/minecraft/mod/cobblebattle/battle/CrossServerBattleService.java","757","METHOD","xiaocaoawa.minecraft.mod.cobblebattle.battle.CrossServerBattleService","onOpponentForfeit","handleOpponentForfeit","待验证"
"src/main/java/xiaocaoawa/minecraft/mod/cobblebattle/battle/CrossServerBattleService.java","757","PARAMETER","onOpponentForfeit(com.google.gson.JsonObject)","message","document","待验证"
"src/main/java/xiaocaoawa/minecraft/mod/cobblebattle/battle/CrossServerBattleService.java","758","LOCAL_VARIABLE","onOpponentForfeit(com.google.gson.JsonObject)","mirror","activeMirror","待验证"
"src/main/java/xiaocaoawa/minecraft/mod/cobblebattle/battle/CrossServerBattleService.java","759","LOCAL_VARIABLE","onOpponentForfeit(com.google.gson.JsonObject)","server","activeServer","待验证"
"src/main/java/xiaocaoawa/minecraft/mod/cobblebattle/battle/CrossServerBattleService.java","761","LOCAL_VARIABLE","onOpponentForfeit(com.google.gson.JsonObject)","seat","forfeitingSeat","待验证"
"src/main/java/xiaocaoawa/minecraft/mod/cobblebattle/battle/CrossServerBattleService.java","762","LOCAL_VARIABLE","onOpponentForfeit(com.google.gson.JsonObject)","reportedName","fallbackName","待验证"
"src/main/java/xiaocaoawa/minecraft/mod/cobblebattle/battle/CrossServerBattleService.java","765","LOCAL_VARIABLE","onOpponentForfeit(com.google.gson.JsonObject)","battle","localBattle","待验证"
"src/main/java/xiaocaoawa/minecraft/mod/cobblebattle/battle/CrossServerBattleService.java","776","METHOD","xiaocaoawa.minecraft.mod.cobblebattle.battle.CrossServerBattleService","actorName","resolveActorName","待验证"
"src/main/java/xiaocaoawa/minecraft/mod/cobblebattle/battle/CrossServerBattleService.java","776","PARAMETER","actorName(com.cobblemon.mod.common.api.battles.model.PokemonBattle,java.lang.String,java.lang.String)","battle","localBattle","待验证"
"src/main/java/xiaocaoawa/minecraft/mod/cobblebattle/battle/CrossServerBattleService.java","776","PARAMETER","actorName(com.cobblemon.mod.common.api.battles.model.PokemonBattle,java.lang.String,java.lang.String)","seat","actorSeat","待验证"
"src/main/java/xiaocaoawa/minecraft/mod/cobblebattle/battle/CrossServerBattleService.java","776","PARAMETER","actorName(com.cobblemon.mod.common.api.battles.model.PokemonBattle,java.lang.String,java.lang.String)","fallback","fallbackName","待验证"
"src/main/java/xiaocaoawa/minecraft/mod/cobblebattle/battle/CrossServerBattleService.java","777","LOCAL_VARIABLE","actorName(com.cobblemon.mod.common.api.battles.model.PokemonBattle,java.lang.String,java.lang.String)","actor","resolvedActor","待验证"
"src/main/java/xiaocaoawa/minecraft/mod/cobblebattle/battle/CrossServerBattleService.java","786","METHOD","xiaocaoawa.minecraft.mod.cobblebattle.battle.CrossServerBattleService","onBattleEnd","handleBattleEnded","待验证"
"src/main/java/xiaocaoawa/minecraft/mod/cobblebattle/battle/CrossServerBattleService.java","786","PARAMETER","onBattleEnd(com.google.gson.JsonObject)","message","document","待验证"
"src/main/java/xiaocaoawa/minecraft/mod/cobblebattle/battle/CrossServerBattleService.java","787","LOCAL_VARIABLE","onBattleEnd(com.google.gson.JsonObject)","remoteBattleId","externalBattleId","待验证"
"src/main/java/xiaocaoawa/minecraft/mod/cobblebattle/battle/CrossServerBattleService.java","788","LOCAL_VARIABLE","onBattleEnd(com.google.gson.JsonObject)","reason","endReason","待验证"
"src/main/java/xiaocaoawa/minecraft/mod/cobblebattle/battle/CrossServerBattleService.java","789","LOCAL_VARIABLE","onBattleEnd(com.google.gson.JsonObject)","mirror","activeMirror","待验证"
"src/main/java/xiaocaoawa/minecraft/mod/cobblebattle/battle/CrossServerBattleService.java","793","LOCAL_VARIABLE","onBattleEnd(com.google.gson.JsonObject)","seated","battleParticipantUuid","待验证"
"src/main/java/xiaocaoawa/minecraft/mod/cobblebattle/battle/CrossServerBattleService.java","800","LOCAL_VARIABLE","onBattleEnd(com.google.gson.JsonObject)","watcher","spectatorUuid","待验证"
"src/main/java/xiaocaoawa/minecraft/mod/cobblebattle/battle/CrossServerBattleService.java","815","METHOD","xiaocaoawa.minecraft.mod.cobblebattle.battle.CrossServerBattleService","relayChoice","sendBattleChoice","待验证"
"src/main/java/xiaocaoawa/minecraft/mod/cobblebattle/battle/CrossServerBattleService.java","815","PARAMETER","relayChoice(xiaocaoawa.minecraft.mod.cobblebattle.battle.CrossServerBattles.ChoiceRelay)","relay","choiceRelay","待验证"
"src/main/java/xiaocaoawa/minecraft/mod/cobblebattle/battle/CrossServerBattleService.java","821","LOCAL_VARIABLE","relayChoice(xiaocaoawa.minecraft.mod.cobblebattle.battle.CrossServerBattles.ChoiceRelay)","choice","choiceText","待验证"
"src/main/java/xiaocaoawa/minecraft/mod/cobblebattle/battle/CrossServerBattleService.java","828","METHOD","xiaocaoawa.minecraft.mod.cobblebattle.battle.CrossServerBattleService","sendAbort","sendBattleAbort","待验证"
"src/main/java/xiaocaoawa/minecraft/mod/cobblebattle/battle/CrossServerBattleService.java","828","PARAMETER","sendAbort(java.lang.String,java.lang.String)","remoteBattleId","externalBattleId","待验证"
"src/main/java/xiaocaoawa/minecraft/mod/cobblebattle/battle/CrossServerBattleService.java","828","PARAMETER","sendAbort(java.lang.String,java.lang.String)","reason","abortReason","待验证"
"src/main/java/xiaocaoawa/minecraft/mod/cobblebattle/battle/CrossServerBattleService.java","829","LOCAL_VARIABLE","sendAbort(java.lang.String,java.lang.String)","abort","abort","待命名"
"src/main/java/xiaocaoawa/minecraft/mod/cobblebattle/battle/CrossServerBattleService.java","839","PARAMETER","openMainMenu(net.minecraft.server.level.ServerPlayer)","player","participant","待验证"
"src/main/java/xiaocaoawa/minecraft/mod/cobblebattle/battle/CrossServerBattleService.java","843","LOCAL_VARIABLE","openMainMenu(net.minecraft.server.level.ServerPlayer)","competitions","visibleCompetitions","待验证"
"src/main/java/xiaocaoawa/minecraft/mod/cobblebattle/battle/CrossServerBattleService.java","847","LOCAL_VARIABLE","openMainMenu(net.minecraft.server.level.ServerPlayer)","chosen","selectedRankedId","待验证"
"src/main/java/xiaocaoawa/minecraft/mod/cobblebattle/battle/CrossServerBattleService.java","848","LOCAL_VARIABLE","openMainMenu(net.minecraft.server.level.ServerPlayer)","ref","requestReference","待验证"
"src/main/java/xiaocaoawa/minecraft/mod/cobblebattle/battle/CrossServerBattleService.java","849","LOCAL_VARIABLE","openMainMenu(net.minecraft.server.level.ServerPlayer)","request","requestFrame","待验证"
"src/main/java/xiaocaoawa/minecraft/mod/cobblebattle/battle/CrossServerBattleService.java","852","LOCAL_VARIABLE","openMainMenu(net.minecraft.server.level.ServerPlayer)","who","who","待命名"
"src/main/java/xiaocaoawa/minecraft/mod/cobblebattle/battle/CrossServerBattleService.java","867","METHOD","xiaocaoawa.minecraft.mod.cobblebattle.battle.CrossServerBattleService","sendMainMenu","deliverMainMenu","待验证"
"src/main/java/xiaocaoawa/minecraft/mod/cobblebattle/battle/CrossServerBattleService.java","867","PARAMETER","sendMainMenu(net.minecraft.server.level.ServerPlayer,java.lang.String)","player","participant","待验证"
"src/main/java/xiaocaoawa/minecraft/mod/cobblebattle/battle/CrossServerBattleService.java","867","PARAMETER","sendMainMenu(net.minecraft.server.level.ServerPlayer,java.lang.String)","favourite","favouriteRankedId","待验证"
"src/main/java/xiaocaoawa/minecraft/mod/cobblebattle/battle/CrossServerBattleService.java","868","LOCAL_VARIABLE","sendMainMenu(net.minecraft.server.level.ServerPlayer,java.lang.String)","competitions","visibleCompetitions","待验证"
"src/main/java/xiaocaoawa/minecraft/mod/cobblebattle/battle/CrossServerBattleService.java","870","LOCAL_VARIABLE","sendMainMenu(net.minecraft.server.level.ServerPlayer,java.lang.String)","ranked","competition","待验证"
"src/main/java/xiaocaoawa/minecraft/mod/cobblebattle/battle/CrossServerBattleService.java","886","LOCAL_VARIABLE","sendMainMenu(net.minecraft.server.level.ServerPlayer,java.lang.String)","nickname","displayLabel","待验证"
"src/main/java/xiaocaoawa/minecraft/mod/cobblebattle/battle/CrossServerBattleService.java","892","PARAMETER","onTeamPicked(net.minecraft.server.level.ServerPlayer,java.lang.String,java.util.List<java.lang.Integer>)","player","participant","待验证"
"src/main/java/xiaocaoawa/minecraft/mod/cobblebattle/battle/CrossServerBattleService.java","892","PARAMETER","onTeamPicked(net.minecraft.server.level.ServerPlayer,java.lang.String,java.util.List<java.lang.Integer>)","battleId","externalBattleId","待验证"
"src/main/java/xiaocaoawa/minecraft/mod/cobblebattle/battle/CrossServerBattleService.java","892","PARAMETER","onTeamPicked(net.minecraft.server.level.ServerPlayer,java.lang.String,java.util.List<java.lang.Integer>)","picks","selectedSlots","待验证"
"src/main/java/xiaocaoawa/minecraft/mod/cobblebattle/battle/CrossServerBattleService.java","896","PARAMETER","onMenuAction(net.minecraft.server.level.ServerPlayer,xiaocaoawa.minecraft.mod.cobblebattle.network.MenuActionPayload)","player","participant","待验证"
"src/main/java/xiaocaoawa/minecraft/mod/cobblebattle/battle/CrossServerBattleService.java","896","PARAMETER","onMenuAction(net.minecraft.server.level.ServerPlayer,xiaocaoawa.minecraft.mod.cobblebattle.network.MenuActionPayload)","action","menuAction","待验证"
"src/main/java/xiaocaoawa/minecraft/mod/cobblebattle/battle/CrossServerBattleService.java","897","LOCAL_VARIABLE","onMenuAction(net.minecraft.server.level.ServerPlayer,xiaocaoawa.minecraft.mod.cobblebattle.network.MenuActionPayload)","var3","actionName","待验证"
"src/main/java/xiaocaoawa/minecraft/mod/cobblebattle/battle/CrossServerBattleService.java","900","LOCAL_VARIABLE","onMenuAction(net.minecraft.server.level.ServerPlayer,xiaocaoawa.minecraft.mod.cobblebattle.network.MenuActionPayload)","chosen","selectedRankedId","待验证"
"src/main/java/xiaocaoawa/minecraft/mod/cobblebattle/battle/CrossServerBattleService.java","901","LOCAL_VARIABLE","onMenuAction(net.minecraft.server.level.ServerPlayer,xiaocaoawa.minecraft.mod.cobblebattle.network.MenuActionPayload)","refusal","failureMessage","待验证"
"src/main/java/xiaocaoawa/minecraft/mod/cobblebattle/battle/CrossServerBattleService.java","913","PARAMETER","openPage(net.minecraft.server.level.ServerPlayer,java.lang.String,java.lang.String,java.lang.String)","player","participant","待验证"
"src/main/java/xiaocaoawa/minecraft/mod/cobblebattle/battle/CrossServerBattleService.java","913","PARAMETER","openPage(net.minecraft.server.level.ServerPlayer,java.lang.String,java.lang.String,java.lang.String)","page","pageId","待验证"
"src/main/java/xiaocaoawa/minecraft/mod/cobblebattle/battle/CrossServerBattleService.java","913","PARAMETER","openPage(net.minecraft.server.level.ServerPlayer,java.lang.String,java.lang.String,java.lang.String)","ranked","rankedId","待验证"
"src/main/java/xiaocaoawa/minecraft/mod/cobblebattle/battle/CrossServerBattleService.java","913","PARAMETER","openPage(net.minecraft.server.level.ServerPlayer,java.lang.String,java.lang.String,java.lang.String)","have","clientDexDigest","待验证"
"src/main/java/xiaocaoawa/minecraft/mod/cobblebattle/battle/CrossServerBattleService.java","914","LOCAL_VARIABLE","openPage(net.minecraft.server.level.ServerPlayer,java.lang.String,java.lang.String,java.lang.String)","refusal","failureMessage","待验证"
"src/main/java/xiaocaoawa/minecraft/mod/cobblebattle/battle/CrossServerBattleService.java","922","LOCAL_VARIABLE","openPage(net.minecraft.server.level.ServerPlayer,java.lang.String,java.lang.String,java.lang.String)","chosen","selectedRankedId","待验证"
"src/main/java/xiaocaoawa/minecraft/mod/cobblebattle/battle/CrossServerBattleService.java","931","PARAMETER","onRoomAction(net.minecraft.server.level.ServerPlayer,xiaocaoawa.minecraft.mod.cobblebattle.network.RoomActionPayload)","player","participant","待验证"
"src/main/java/xiaocaoawa/minecraft/mod/cobblebattle/battle/CrossServerBattleService.java","931","PARAMETER","onRoomAction(net.minecraft.server.level.ServerPlayer,xiaocaoawa.minecraft.mod.cobblebattle.network.RoomActionPayload)","action","roomAction","待验证"
"src/main/java/xiaocaoawa/minecraft/mod/cobblebattle/battle/CrossServerBattleService.java","932","LOCAL_VARIABLE","onRoomAction(net.minecraft.server.level.ServerPlayer,xiaocaoawa.minecraft.mod.cobblebattle.network.RoomActionPayload)","var4","actionName","待验证"
"src/main/java/xiaocaoawa/minecraft/mod/cobblebattle/battle/CrossServerBattleService.java","934","LOCAL_VARIABLE","onRoomAction(net.minecraft.server.level.ServerPlayer,xiaocaoawa.minecraft.mod.cobblebattle.network.RoomActionPayload)","refusal","failureMessage","待验证"
"src/main/java/xiaocaoawa/minecraft/mod/cobblebattle/battle/CrossServerBattleService.java","937","LOCAL_VARIABLE","onRoomAction(net.minecraft.server.level.ServerPlayer,xiaocaoawa.minecraft.mod.cobblebattle.network.RoomActionPayload)","name","roomName","待验证"
"src/main/java/xiaocaoawa/minecraft/mod/cobblebattle/battle/CrossServerBattleService.java","962","METHOD","xiaocaoawa.minecraft.mod.cobblebattle.battle.CrossServerBattleService","onRoomState","handleRoomState","待验证"
"src/main/java/xiaocaoawa/minecraft/mod/cobblebattle/battle/CrossServerBattleService.java","962","PARAMETER","onRoomState(com.google.gson.JsonObject)","message","document","待验证"
"src/main/java/xiaocaoawa/minecraft/mod/cobblebattle/battle/CrossServerBattleService.java","963","LOCAL_VARIABLE","onRoomState(com.google.gson.JsonObject)","who","who","待命名"
"src/main/java/xiaocaoawa/minecraft/mod/cobblebattle/battle/CrossServerBattleService.java","965","LOCAL_VARIABLE","onRoomState(com.google.gson.JsonObject)","host","host","待命名"
"src/main/java/xiaocaoawa/minecraft/mod/cobblebattle/battle/CrossServerBattleService.java","966","LOCAL_VARIABLE","onRoomState(com.google.gson.JsonObject)","hasGuest","hasGuest","待命名"
"src/main/java/xiaocaoawa/minecraft/mod/cobblebattle/battle/CrossServerBattleService.java","967","LOCAL_VARIABLE","onRoomState(com.google.gson.JsonObject)","guest","guest","待命名"
"src/main/java/xiaocaoawa/minecraft/mod/cobblebattle/battle/CrossServerBattleService.java","968","LOCAL_VARIABLE","onRoomState(com.google.gson.JsonObject)","watchers","observers","待验证"
"src/main/java/xiaocaoawa/minecraft/mod/cobblebattle/battle/CrossServerBattleService.java","970","LOCAL_VARIABLE","onRoomState(com.google.gson.JsonObject)","el","el","待命名"
"src/main/java/xiaocaoawa/minecraft/mod/cobblebattle/battle/CrossServerBattleService.java","977","LOCAL_VARIABLE","onRoomState(com.google.gson.JsonObject)","state","state","待命名"
"src/main/java/xiaocaoawa/minecraft/mod/cobblebattle/battle/CrossServerBattleService.java","995","PARAMETER","onRoomState(com.google.gson.JsonObject)","player","participant","待验证"
"src/main/java/xiaocaoawa/minecraft/mod/cobblebattle/battle/CrossServerBattleService.java","999","METHOD","xiaocaoawa.minecraft.mod.cobblebattle.battle.CrossServerBattleService","readMember","readMember","待命名"
"src/main/java/xiaocaoawa/minecraft/mod/cobblebattle/battle/CrossServerBattleService.java","999","PARAMETER","readMember(com.google.gson.JsonObject,java.lang.String)","message","document","待验证"
"src/main/java/xiaocaoawa/minecraft/mod/cobblebattle/battle/CrossServerBattleService.java","999","PARAMETER","readMember(com.google.gson.JsonObject,java.lang.String)","key","key","待命名"
"src/main/java/xiaocaoawa/minecraft/mod/cobblebattle/battle/CrossServerBattleService.java","1003","METHOD","xiaocaoawa.minecraft.mod.cobblebattle.battle.CrossServerBattleService","memberOf","memberOf","待命名"
"src/main/java/xiaocaoawa/minecraft/mod/cobblebattle/battle/CrossServerBattleService.java","1003","PARAMETER","memberOf(com.google.gson.JsonObject)","o","o","待命名"
"src/main/java/xiaocaoawa/minecraft/mod/cobblebattle/battle/CrossServerBattleService.java","1012","METHOD","xiaocaoawa.minecraft.mod.cobblebattle.battle.CrossServerBattleService","onRoomClosed","handleRoomClosed","待验证"
"src/main/java/xiaocaoawa/minecraft/mod/cobblebattle/battle/CrossServerBattleService.java","1012","PARAMETER","onRoomClosed(com.google.gson.JsonObject)","message","document","待验证"
"src/main/java/xiaocaoawa/minecraft/mod/cobblebattle/battle/CrossServerBattleService.java","1014","LOCAL_VARIABLE","onRoomClosed(com.google.gson.JsonObject)","who","participantUuid","待验证"
"src/main/java/xiaocaoawa/minecraft/mod/cobblebattle/battle/CrossServerBattleService.java","1020","PARAMETER","requestRooms(net.minecraft.server.level.ServerPlayer)","player","participant","待验证"
"src/main/java/xiaocaoawa/minecraft/mod/cobblebattle/battle/CrossServerBattleService.java","1024","PARAMETER","requestRooms(net.minecraft.server.level.ServerPlayer,boolean)","player","participant","待验证"
"src/main/java/xiaocaoawa/minecraft/mod/cobblebattle/battle/CrossServerBattleService.java","1024","PARAMETER","requestRooms(net.minecraft.server.level.ServerPlayer,boolean)","refresh","forceRefresh","待验证"
"src/main/java/xiaocaoawa/minecraft/mod/cobblebattle/battle/CrossServerBattleService.java","1028","LOCAL_VARIABLE","requestRooms(net.minecraft.server.level.ServerPlayer,boolean)","board","board","待命名"
"src/main/java/xiaocaoawa/minecraft/mod/cobblebattle/battle/CrossServerBattleService.java","1029","LOCAL_VARIABLE","requestRooms(net.minecraft.server.level.ServerPlayer,boolean)","age","age","待命名"
"src/main/java/xiaocaoawa/minecraft/mod/cobblebattle/battle/CrossServerBattleService.java","1034","PARAMETER","requestRooms(net.minecraft.server.level.ServerPlayer,boolean)","existing","existing","待命名"
"src/main/java/xiaocaoawa/minecraft/mod/cobblebattle/battle/CrossServerBattleService.java","1034","PARAMETER","requestRooms(net.minecraft.server.level.ServerPlayer,boolean)","added","added","待命名"
"src/main/java/xiaocaoawa/minecraft/mod/cobblebattle/battle/CrossServerBattleService.java","1038","LOCAL_VARIABLE","requestRooms(net.minecraft.server.level.ServerPlayer,boolean)","request","requestFrame","待验证"
"src/main/java/xiaocaoawa/minecraft/mod/cobblebattle/battle/CrossServerBattleService.java","1056","METHOD","xiaocaoawa.minecraft.mod.cobblebattle.battle.CrossServerBattleService","refreshRooms","refreshRoomDirectory","待验证"
"src/main/java/xiaocaoawa/minecraft/mod/cobblebattle/battle/CrossServerBattleService.java","1056","PARAMETER","refreshRooms(java.util.UUID)","playerUuid","participantUuid","待验证"
"src/main/java/xiaocaoawa/minecraft/mod/cobblebattle/battle/CrossServerBattleService.java","1058","PARAMETER","refreshRooms(java.util.UUID)","player","participant","待验证"
"src/main/java/xiaocaoawa/minecraft/mod/cobblebattle/battle/CrossServerBattleService.java","1065","METHOD","xiaocaoawa.minecraft.mod.cobblebattle.battle.CrossServerBattleService","onRoomList","handleRoomList","待验证"
"src/main/java/xiaocaoawa/minecraft/mod/cobblebattle/battle/CrossServerBattleService.java","1065","PARAMETER","onRoomList(com.google.gson.JsonObject)","message","document","待验证"
"src/main/java/xiaocaoawa/minecraft/mod/cobblebattle/battle/CrossServerBattleService.java","1067","LOCAL_VARIABLE","onRoomList(com.google.gson.JsonObject)","board","board","待命名"
"src/main/java/xiaocaoawa/minecraft/mod/cobblebattle/battle/CrossServerBattleService.java","1071","LOCAL_VARIABLE","onRoomList(com.google.gson.JsonObject)","rooms","decodedRooms","待验证"
"src/main/java/xiaocaoawa/minecraft/mod/cobblebattle/battle/CrossServerBattleService.java","1073","LOCAL_VARIABLE","onRoomList(com.google.gson.JsonObject)","el","el","待命名"
"src/main/java/xiaocaoawa/minecraft/mod/cobblebattle/battle/CrossServerBattleService.java","1075","LOCAL_VARIABLE","onRoomList(com.google.gson.JsonObject)","o","o","待命名"
"src/main/java/xiaocaoawa/minecraft/mod/cobblebattle/battle/CrossServerBattleService.java","1103","LOCAL_VARIABLE","onRoomList(com.google.gson.JsonObject)","waiting","waiting","待命名"
"src/main/java/xiaocaoawa/minecraft/mod/cobblebattle/battle/CrossServerBattleService.java","1106","LOCAL_VARIABLE","onRoomList(com.google.gson.JsonObject)","entry","entry","待命名"
"src/main/java/xiaocaoawa/minecraft/mod/cobblebattle/battle/CrossServerBattleService.java","1111","METHOD","xiaocaoawa.minecraft.mod.cobblebattle.battle.CrossServerBattleService","deliverRooms","deliverRoomDirectory","待验证"
"src/main/java/xiaocaoawa/minecraft/mod/cobblebattle/battle/CrossServerBattleService.java","1111","PARAMETER","deliverRooms(java.util.UUID,xiaocaoawa.minecraft.mod.cobblebattle.battle.CrossServerBattleService.RoomBoard,boolean)","playerUuid","participantUuid","待验证"
"src/main/java/xiaocaoawa/minecraft/mod/cobblebattle/battle/CrossServerBattleService.java","1111","PARAMETER","deliverRooms(java.util.UUID,xiaocaoawa.minecraft.mod.cobblebattle.battle.CrossServerBattleService.RoomBoard,boolean)","board","board","待命名"
"src/main/java/xiaocaoawa/minecraft/mod/cobblebattle/battle/CrossServerBattleService.java","1111","PARAMETER","deliverRooms(java.util.UUID,xiaocaoawa.minecraft.mod.cobblebattle.battle.CrossServerBattleService.RoomBoard,boolean)","refresh","refresh","待命名"
"src/main/java/xiaocaoawa/minecraft/mod/cobblebattle/battle/CrossServerBattleService.java","1114","PARAMETER","deliverRooms(java.util.UUID,xiaocaoawa.minecraft.mod.cobblebattle.battle.CrossServerBattleService.RoomBoard,boolean)","player","participant","待验证"
"src/main/java/xiaocaoawa/minecraft/mod/cobblebattle/battle/CrossServerBattleService.java","1115","LOCAL_VARIABLE","deliverRooms(java.util.UUID,xiaocaoawa.minecraft.mod.cobblebattle.battle.CrossServerBattleService.RoomBoard,boolean)","uid","accountNumber","待验证"
"src/main/java/xiaocaoawa/minecraft/mod/cobblebattle/battle/CrossServerBattleService.java","1116","LOCAL_VARIABLE","deliverRooms(java.util.UUID,xiaocaoawa.minecraft.mod.cobblebattle.battle.CrossServerBattleService.RoomBoard,boolean)","mine","mine","待命名"
"src/main/java/xiaocaoawa/minecraft/mod/cobblebattle/battle/CrossServerBattleService.java","1117","LOCAL_VARIABLE","deliverRooms(java.util.UUID,xiaocaoawa.minecraft.mod.cobblebattle.battle.CrossServerBattleService.RoomBoard,boolean)","own","own","待命名"
"src/main/java/xiaocaoawa/minecraft/mod/cobblebattle/battle/CrossServerBattleService.java","1119","LOCAL_VARIABLE","deliverRooms(java.util.UUID,xiaocaoawa.minecraft.mod.cobblebattle.battle.CrossServerBattleService.RoomBoard,boolean)","room","room","待命名"
"src/main/java/xiaocaoawa/minecraft/mod/cobblebattle/battle/CrossServerBattleService.java","1120","LOCAL_VARIABLE","deliverRooms(java.util.UUID,xiaocaoawa.minecraft.mod.cobblebattle.battle.CrossServerBattleService.RoomBoard,boolean)","ours","ours","待命名"
"src/main/java/xiaocaoawa/minecraft/mod/cobblebattle/battle/CrossServerBattleService.java","1146","LOCAL_VARIABLE","deliverRooms(java.util.UUID,xiaocaoawa.minecraft.mod.cobblebattle.battle.CrossServerBattleService.RoomBoard,boolean)","stamp","stamp","待命名"
"src/main/java/xiaocaoawa/minecraft/mod/cobblebattle/battle/CrossServerBattleService.java","1156","PARAMETER","openServerDex(net.minecraft.server.level.ServerPlayer)","player","participant","待验证"
"src/main/java/xiaocaoawa/minecraft/mod/cobblebattle/battle/CrossServerBattleService.java","1160","PARAMETER","openServerDex(net.minecraft.server.level.ServerPlayer,java.lang.String)","player","participant","待验证"
"src/main/java/xiaocaoawa/minecraft/mod/cobblebattle/battle/CrossServerBattleService.java","1160","PARAMETER","openServerDex(net.minecraft.server.level.ServerPlayer,java.lang.String)","have","clientDigest","待验证"
"src/main/java/xiaocaoawa/minecraft/mod/cobblebattle/battle/CrossServerBattleService.java","1166","LOCAL_VARIABLE","openServerDex(net.minecraft.server.level.ServerPlayer,java.lang.String)","digest","serverDigest","待验证"
"src/main/java/xiaocaoawa/minecraft/mod/cobblebattle/battle/CrossServerBattleService.java","1168","LOCAL_VARIABLE","openServerDex(net.minecraft.server.level.ServerPlayer,java.lang.String)","entries","dexEntries","待验证"
"src/main/java/xiaocaoawa/minecraft/mod/cobblebattle/battle/CrossServerBattleService.java","1170","LOCAL_VARIABLE","openServerDex(net.minecraft.server.level.ServerPlayer,java.lang.String)","entry","dexEntry","待验证"
"src/main/java/xiaocaoawa/minecraft/mod/cobblebattle/battle/CrossServerBattleService.java","1171","LOCAL_VARIABLE","openServerDex(net.minecraft.server.level.ServerPlayer,java.lang.String)","stats","baseStats","待验证"
"src/main/java/xiaocaoawa/minecraft/mod/cobblebattle/battle/CrossServerBattleService.java","1192","PARAMETER","openAuthScreen(net.minecraft.server.level.ServerPlayer)","player","participant","待验证"
"src/main/java/xiaocaoawa/minecraft/mod/cobblebattle/battle/CrossServerBattleService.java","1196","LOCAL_VARIABLE","openAuthScreen(net.minecraft.server.level.ServerPlayer)","suggested","suggestedAccount","待验证"
"src/main/java/xiaocaoawa/minecraft/mod/cobblebattle/battle/CrossServerBattleService.java","1207","PARAMETER","onCredentialsSubmitted(net.minecraft.server.level.ServerPlayer,xiaocaoawa.minecraft.mod.cobblebattle.account.AuthMode,java.lang.String,java.lang.String,java.lang.String,java.lang.String)","player","participant","待验证"
"src/main/java/xiaocaoawa/minecraft/mod/cobblebattle/battle/CrossServerBattleService.java","1207","PARAMETER","onCredentialsSubmitted(net.minecraft.server.level.ServerPlayer,xiaocaoawa.minecraft.mod.cobblebattle.account.AuthMode,java.lang.String,java.lang.String,java.lang.String,java.lang.String)","mode","authenticationMode","待验证"
"src/main/java/xiaocaoawa/minecraft/mod/cobblebattle/battle/CrossServerBattleService.java","1207","PARAMETER","onCredentialsSubmitted(net.minecraft.server.level.ServerPlayer,xiaocaoawa.minecraft.mod.cobblebattle.account.AuthMode,java.lang.String,java.lang.String,java.lang.String,java.lang.String)","accountId","submittedAccountId","待验证"
"src/main/java/xiaocaoawa/minecraft/mod/cobblebattle/battle/CrossServerBattleService.java","1207","PARAMETER","onCredentialsSubmitted(net.minecraft.server.level.ServerPlayer,xiaocaoawa.minecraft.mod.cobblebattle.account.AuthMode,java.lang.String,java.lang.String,java.lang.String,java.lang.String)","email","emailAddress","待验证"
"src/main/java/xiaocaoawa/minecraft/mod/cobblebattle/battle/CrossServerBattleService.java","1207","PARAMETER","onCredentialsSubmitted(net.minecraft.server.level.ServerPlayer,xiaocaoawa.minecraft.mod.cobblebattle.account.AuthMode,java.lang.String,java.lang.String,java.lang.String,java.lang.String)","password","submittedPassword","待验证"
"src/main/java/xiaocaoawa/minecraft/mod/cobblebattle/battle/CrossServerBattleService.java","1207","PARAMETER","onCredentialsSubmitted(net.minecraft.server.level.ServerPlayer,xiaocaoawa.minecraft.mod.cobblebattle.account.AuthMode,java.lang.String,java.lang.String,java.lang.String,java.lang.String)","verificationCode","submittedVerificationCode","待验证"
"src/main/java/xiaocaoawa/minecraft/mod/cobblebattle/battle/CrossServerBattleService.java","1208","LOCAL_VARIABLE","onCredentialsSubmitted(net.minecraft.server.level.ServerPlayer,xiaocaoawa.minecraft.mod.cobblebattle.account.AuthMode,java.lang.String,java.lang.String,java.lang.String,java.lang.String)","refusal","failureMessage","待验证"
"src/main/java/xiaocaoawa/minecraft/mod/cobblebattle/battle/CrossServerBattleService.java","1214","PARAMETER","signOut(net.minecraft.server.level.ServerPlayer)","player","participant","待验证"
"src/main/java/xiaocaoawa/minecraft/mod/cobblebattle/battle/CrossServerBattleService.java","1220","METHOD","xiaocaoawa.minecraft.mod.cobblebattle.battle.CrossServerBattleService","announceSignOut","announceSignOutputStream","待验证"
"src/main/java/xiaocaoawa/minecraft/mod/cobblebattle/battle/CrossServerBattleService.java","1220","PARAMETER","announceSignOut(net.minecraft.server.level.ServerPlayer)","player","participant","待验证"
"src/main/java/xiaocaoawa/minecraft/mod/cobblebattle/battle/CrossServerBattleService.java","1226","METHOD","xiaocaoawa.minecraft.mod.cobblebattle.battle.CrossServerBattleService","onChat","handleChatLine","待验证"
"src/main/java/xiaocaoawa/minecraft/mod/cobblebattle/battle/CrossServerBattleService.java","1226","PARAMETER","onChat(com.google.gson.JsonObject)","message","document","待验证"
"src/main/java/xiaocaoawa/minecraft/mod/cobblebattle/battle/CrossServerBattleService.java","1227","LOCAL_VARIABLE","onChat(com.google.gson.JsonObject)","channel","selectedConversation","待验证"
"src/main/java/xiaocaoawa/minecraft/mod/cobblebattle/battle/CrossServerBattleService.java","1228","LOCAL_VARIABLE","onChat(com.google.gson.JsonObject)","text","text","待命名"
"src/main/java/xiaocaoawa/minecraft/mod/cobblebattle/battle/CrossServerBattleService.java","1230","LOCAL_VARIABLE","onChat(com.google.gson.JsonObject)","sender","sender","待命名"
"src/main/java/xiaocaoawa/minecraft/mod/cobblebattle/battle/CrossServerBattleService.java","1231","LOCAL_VARIABLE","onChat(com.google.gson.JsonObject)","line","chatLine","待验证"
"src/main/java/xiaocaoawa/minecraft/mod/cobblebattle/battle/CrossServerBattleService.java","1239","LOCAL_VARIABLE","onChat(com.google.gson.JsonObject)","server","activeServer","待验证"
"src/main/java/xiaocaoawa/minecraft/mod/cobblebattle/battle/CrossServerBattleService.java","1242","LOCAL_VARIABLE","onChat(com.google.gson.JsonObject)","mirror","activeMirror","待验证"
"src/main/java/xiaocaoawa/minecraft/mod/cobblebattle/battle/CrossServerBattleService.java","1244","LOCAL_VARIABLE","onChat(com.google.gson.JsonObject)","seated","battleParticipantUuid","待验证"
"src/main/java/xiaocaoawa/minecraft/mod/cobblebattle/battle/CrossServerBattleService.java","1245","PARAMETER","onChat(com.google.gson.JsonObject)","player","chatRecipient","待验证"
"src/main/java/xiaocaoawa/minecraft/mod/cobblebattle/battle/CrossServerBattleService.java","1249","LOCAL_VARIABLE","onChat(com.google.gson.JsonObject)","playerUuid","participantUuid","待验证"
"src/main/java/xiaocaoawa/minecraft/mod/cobblebattle/battle/CrossServerBattleService.java","1250","PARAMETER","onChat(com.google.gson.JsonObject)","player","participant","待验证"
"src/main/java/xiaocaoawa/minecraft/mod/cobblebattle/battle/CrossServerBattleService.java","1257","METHOD","xiaocaoawa.minecraft.mod.cobblebattle.battle.CrossServerBattleService","uuidOrNull","uuidOrNull","待命名"
"src/main/java/xiaocaoawa/minecraft/mod/cobblebattle/battle/CrossServerBattleService.java","1257","PARAMETER","uuidOrNull(java.lang.String)","raw","raw","待命名"
"src/main/java/xiaocaoawa/minecraft/mod/cobblebattle/battle/CrossServerBattleService.java","1260","EXCEPTION_PARAMETER","uuidOrNull(java.lang.String)","var2","failure","待验证"
"src/main/java/xiaocaoawa/minecraft/mod/cobblebattle/battle/CrossServerBattleService.java","1265","METHOD","xiaocaoawa.minecraft.mod.cobblebattle.battle.CrossServerBattleService","claimChatRef","claimChatRequest","待验证"
"src/main/java/xiaocaoawa/minecraft/mod/cobblebattle/battle/CrossServerBattleService.java","1265","PARAMETER","claimChatRef(com.google.gson.JsonElement)","ref","reference","待验证"
"src/main/java/xiaocaoawa/minecraft/mod/cobblebattle/battle/CrossServerBattleService.java","1269","METHOD","xiaocaoawa.minecraft.mod.cobblebattle.battle.CrossServerBattleService","claimRef","claimRef","待命名"
"src/main/java/xiaocaoawa/minecraft/mod/cobblebattle/battle/CrossServerBattleService.java","1269","PARAMETER","claimRef(java.util.Map<java.lang.Integer,java.util.UUID>,com.google.gson.JsonElement)","refs","refs","待命名"
"src/main/java/xiaocaoawa/minecraft/mod/cobblebattle/battle/CrossServerBattleService.java","1269","PARAMETER","claimRef(java.util.Map<java.lang.Integer,java.util.UUID>,com.google.gson.JsonElement)","ref","ref","待命名"
"src/main/java/xiaocaoawa/minecraft/mod/cobblebattle/battle/CrossServerBattleService.java","1273","PARAMETER","requestLeaderboard(net.minecraft.server.level.ServerPlayer,java.lang.String)","player","participant","待验证"
"src/main/java/xiaocaoawa/minecraft/mod/cobblebattle/battle/CrossServerBattleService.java","1273","PARAMETER","requestLeaderboard(net.minecraft.server.level.ServerPlayer,java.lang.String)","rankedId","competitionId","待验证"
"src/main/java/xiaocaoawa/minecraft/mod/cobblebattle/battle/CrossServerBattleService.java","1277","LOCAL_VARIABLE","requestLeaderboard(net.minecraft.server.level.ServerPlayer,java.lang.String)","ref","requestReference","待验证"
"src/main/java/xiaocaoawa/minecraft/mod/cobblebattle/battle/CrossServerBattleService.java","1278","LOCAL_VARIABLE","requestLeaderboard(net.minecraft.server.level.ServerPlayer,java.lang.String)","request","requestFrame","待验证"
"src/main/java/xiaocaoawa/minecraft/mod/cobblebattle/battle/CrossServerBattleService.java","1281","LOCAL_VARIABLE","requestLeaderboard(net.minecraft.server.level.ServerPlayer,java.lang.String)","who","who","待命名"
"src/main/java/xiaocaoawa/minecraft/mod/cobblebattle/battle/CrossServerBattleService.java","1295","METHOD","xiaocaoawa.minecraft.mod.cobblebattle.battle.CrossServerBattleService","onLeaderboard","handleLeaderboard","待验证"
"src/main/java/xiaocaoawa/minecraft/mod/cobblebattle/battle/CrossServerBattleService.java","1295","PARAMETER","onLeaderboard(com.google.gson.JsonObject)","message","document","待验证"
"src/main/java/xiaocaoawa/minecraft/mod/cobblebattle/battle/CrossServerBattleService.java","1296","LOCAL_VARIABLE","onLeaderboard(com.google.gson.JsonObject)","forMenu","menuRequester","待验证"
"src/main/java/xiaocaoawa/minecraft/mod/cobblebattle/battle/CrossServerBattleService.java","1298","LOCAL_VARIABLE","onLeaderboard(com.google.gson.JsonObject)","favourite","favouriteRankedId","待验证"
"src/main/java/xiaocaoawa/minecraft/mod/cobblebattle/battle/CrossServerBattleService.java","1301","PARAMETER","onLeaderboard(com.google.gson.JsonObject)","player","leaderboardRecipient","待验证"
"src/main/java/xiaocaoawa/minecraft/mod/cobblebattle/battle/CrossServerBattleService.java","1302","LOCAL_VARIABLE","onLeaderboard(com.google.gson.JsonObject)","refusal","failureMessage","待验证"
"src/main/java/xiaocaoawa/minecraft/mod/cobblebattle/battle/CrossServerBattleService.java","1308","LOCAL_VARIABLE","onLeaderboard(com.google.gson.JsonObject)","asker","leaderboardRequester","待验证"
"src/main/java/xiaocaoawa/minecraft/mod/cobblebattle/battle/CrossServerBattleService.java","1310","LOCAL_VARIABLE","onLeaderboard(com.google.gson.JsonObject)","top","top","待命名"
"src/main/java/xiaocaoawa/minecraft/mod/cobblebattle/battle/CrossServerBattleService.java","1312","LOCAL_VARIABLE","onLeaderboard(com.google.gson.JsonObject)","el","el","待命名"
"src/main/java/xiaocaoawa/minecraft/mod/cobblebattle/battle/CrossServerBattleService.java","1318","LOCAL_VARIABLE","onLeaderboard(com.google.gson.JsonObject)","you","you","待命名"
"src/main/java/xiaocaoawa/minecraft/mod/cobblebattle/battle/CrossServerBattleService.java","1321","LOCAL_VARIABLE","onLeaderboard(com.google.gson.JsonObject)","board","leaderboard","待验证"
"src/main/java/xiaocaoawa/minecraft/mod/cobblebattle/battle/CrossServerBattleService.java","1328","PARAMETER","onLeaderboard(com.google.gson.JsonObject)","player","participant","待验证"
"src/main/java/xiaocaoawa/minecraft/mod/cobblebattle/battle/CrossServerBattleService.java","1333","METHOD","xiaocaoawa.minecraft.mod.cobblebattle.battle.CrossServerBattleService","entryOf","entryOf","待命名"
"src/main/java/xiaocaoawa/minecraft/mod/cobblebattle/battle/CrossServerBattleService.java","1333","PARAMETER","entryOf(com.google.gson.JsonObject)","o","o","待命名"
"src/main/java/xiaocaoawa/minecraft/mod/cobblebattle/battle/CrossServerBattleService.java","1346","METHOD","xiaocaoawa.minecraft.mod.cobblebattle.battle.CrossServerBattleService","fireBattleEnded","publishBattleEnded","待验证"
"src/main/java/xiaocaoawa/minecraft/mod/cobblebattle/battle/CrossServerBattleService.java","1346","PARAMETER","fireBattleEnded(xiaocaoawa.minecraft.mod.cobblebattle.battle.MirrorBattle,com.google.gson.JsonObject,java.lang.String)","mirror","endedBattle","待验证"
"src/main/java/xiaocaoawa/minecraft/mod/cobblebattle/battle/CrossServerBattleService.java","1346","PARAMETER","fireBattleEnded(xiaocaoawa.minecraft.mod.cobblebattle.battle.MirrorBattle,com.google.gson.JsonObject,java.lang.String)","message","document","待验证"
"src/main/java/xiaocaoawa/minecraft/mod/cobblebattle/battle/CrossServerBattleService.java","1346","PARAMETER","fireBattleEnded(xiaocaoawa.minecraft.mod.cobblebattle.battle.MirrorBattle,com.google.gson.JsonObject,java.lang.String)","reason","endReason","待验证"
"src/main/java/xiaocaoawa/minecraft/mod/cobblebattle/battle/CrossServerBattleService.java","1347","LOCAL_VARIABLE","fireBattleEnded(xiaocaoawa.minecraft.mod.cobblebattle.battle.MirrorBattle,com.google.gson.JsonObject,java.lang.String)","winnerSeat","winningSeat","待验证"
"src/main/java/xiaocaoawa/minecraft/mod/cobblebattle/battle/CrossServerBattleService.java","1349","LOCAL_VARIABLE","fireBattleEnded(xiaocaoawa.minecraft.mod.cobblebattle.battle.MirrorBattle,com.google.gson.JsonObject,java.lang.String)","who","participantUuid","待验证"
"src/main/java/xiaocaoawa/minecraft/mod/cobblebattle/battle/CrossServerBattleService.java","1350","LOCAL_VARIABLE","fireBattleEnded(xiaocaoawa.minecraft.mod.cobblebattle.battle.MirrorBattle,com.google.gson.JsonObject,java.lang.String)","info","battleDetails","待验证"
"src/main/java/xiaocaoawa/minecraft/mod/cobblebattle/battle/CrossServerBattleService.java","1352","LOCAL_VARIABLE","fireBattleEnded(xiaocaoawa.minecraft.mod.cobblebattle.battle.MirrorBattle,com.google.gson.JsonObject,java.lang.String)","outcome","battleOutcome","待验证"
"src/main/java/xiaocaoawa/minecraft/mod/cobblebattle/battle/CrossServerBattleService.java","1361","LOCAL_VARIABLE","fireBattleEnded(xiaocaoawa.minecraft.mod.cobblebattle.battle.MirrorBattle,com.google.gson.JsonObject,java.lang.String)","score","scoreChange","待验证"
"src/main/java/xiaocaoawa/minecraft/mod/cobblebattle/battle/CrossServerBattleService.java","1362","PARAMETER","fireBattleEnded(xiaocaoawa.minecraft.mod.cobblebattle.battle.MirrorBattle,com.google.gson.JsonObject,java.lang.String)","player","participant","待验证"
"src/main/java/xiaocaoawa/minecraft/mod/cobblebattle/battle/CrossServerBattleService.java","1367","METHOD","xiaocaoawa.minecraft.mod.cobblebattle.battle.CrossServerBattleService","scoreFor","scoreFor","待命名"
"src/main/java/xiaocaoawa/minecraft/mod/cobblebattle/battle/CrossServerBattleService.java","1367","PARAMETER","scoreFor(com.google.gson.JsonObject,java.util.UUID)","message","document","待验证"
"src/main/java/xiaocaoawa/minecraft/mod/cobblebattle/battle/CrossServerBattleService.java","1367","PARAMETER","scoreFor(com.google.gson.JsonObject,java.util.UUID)","who","who","待命名"
"src/main/java/xiaocaoawa/minecraft/mod/cobblebattle/battle/CrossServerBattleService.java","1369","LOCAL_VARIABLE","scoreFor(com.google.gson.JsonObject,java.util.UUID)","el","el","待命名"
"src/main/java/xiaocaoawa/minecraft/mod/cobblebattle/battle/CrossServerBattleService.java","1371","LOCAL_VARIABLE","scoreFor(com.google.gson.JsonObject,java.util.UUID)","o","o","待命名"
"src/main/java/xiaocaoawa/minecraft/mod/cobblebattle/battle/CrossServerBattleService.java","1384","METHOD","xiaocaoawa.minecraft.mod.cobblebattle.battle.CrossServerBattleService","announceScores","announceScoreChanges","待验证"
"src/main/java/xiaocaoawa/minecraft/mod/cobblebattle/battle/CrossServerBattleService.java","1384","PARAMETER","announceScores(com.google.gson.JsonObject)","message","document","待验证"
"src/main/java/xiaocaoawa/minecraft/mod/cobblebattle/battle/CrossServerBattleService.java","1386","LOCAL_VARIABLE","announceScores(com.google.gson.JsonObject)","el","el","待命名"
"src/main/java/xiaocaoawa/minecraft/mod/cobblebattle/battle/CrossServerBattleService.java","1388","LOCAL_VARIABLE","announceScores(com.google.gson.JsonObject)","o","o","待命名"
"src/main/java/xiaocaoawa/minecraft/mod/cobblebattle/battle/CrossServerBattleService.java","1389","LOCAL_VARIABLE","announceScores(com.google.gson.JsonObject)","who","who","待命名"
"src/main/java/xiaocaoawa/minecraft/mod/cobblebattle/battle/CrossServerBattleService.java","1391","LOCAL_VARIABLE","announceScores(com.google.gson.JsonObject)","before","before","待命名"
"src/main/java/xiaocaoawa/minecraft/mod/cobblebattle/battle/CrossServerBattleService.java","1392","LOCAL_VARIABLE","announceScores(com.google.gson.JsonObject)","after","after","待命名"
"src/main/java/xiaocaoawa/minecraft/mod/cobblebattle/battle/CrossServerBattleService.java","1393","LOCAL_VARIABLE","announceScores(com.google.gson.JsonObject)","delta","scoreDelta","待验证"
"src/main/java/xiaocaoawa/minecraft/mod/cobblebattle/battle/CrossServerBattleService.java","1394","LOCAL_VARIABLE","announceScores(com.google.gson.JsonObject)","won","won","待命名"
"src/main/java/xiaocaoawa/minecraft/mod/cobblebattle/battle/CrossServerBattleService.java","1395","LOCAL_VARIABLE","announceScores(com.google.gson.JsonObject)","signed","signedDelta","待验证"
"src/main/java/xiaocaoawa/minecraft/mod/cobblebattle/battle/CrossServerBattleService.java","1403","METHOD","xiaocaoawa.minecraft.mod.cobblebattle.battle.CrossServerBattleService","describeChatFailure","formatChatFailure","待验证"
"src/main/java/xiaocaoawa/minecraft/mod/cobblebattle/battle/CrossServerBattleService.java","1403","PARAMETER","describeChatFailure(com.google.gson.JsonObject,java.lang.String,java.lang.String)","message","document","待验证"
"src/main/java/xiaocaoawa/minecraft/mod/cobblebattle/battle/CrossServerBattleService.java","1403","PARAMETER","describeChatFailure(com.google.gson.JsonObject,java.lang.String,java.lang.String)","code","errorCode","待验证"
"src/main/java/xiaocaoawa/minecraft/mod/cobblebattle/battle/CrossServerBattleService.java","1403","PARAMETER","describeChatFailure(com.google.gson.JsonObject,java.lang.String,java.lang.String)","fallback","fallbackText","待验证"
"src/main/java/xiaocaoawa/minecraft/mod/cobblebattle/battle/CrossServerBattleService.java","1405","LOCAL_VARIABLE","describeChatFailure(com.google.gson.JsonObject,java.lang.String,java.lang.String)","left","remainingMillis","待验证"
"src/main/java/xiaocaoawa/minecraft/mod/cobblebattle/battle/CrossServerBattleService.java","1406","LOCAL_VARIABLE","describeChatFailure(com.google.gson.JsonObject,java.lang.String,java.lang.String)","muted","mutedMessage","待验证"
"src/main/java/xiaocaoawa/minecraft/mod/cobblebattle/battle/CrossServerBattleService.java","1409","LOCAL_VARIABLE","describeChatFailure(com.google.gson.JsonObject,java.lang.String,java.lang.String)","key","translationKey","待验证"
"src/main/java/xiaocaoawa/minecraft/mod/cobblebattle/battle/CrossServerBattleService.java","1416","LOCAL_VARIABLE","describeChatFailure(com.google.gson.JsonObject,java.lang.String,java.lang.String)","text","failureMessage","待验证"
"src/main/java/xiaocaoawa/minecraft/mod/cobblebattle/battle/CrossServerBattleService.java","1421","PARAMETER","onChatSubmitted(net.minecraft.server.level.ServerPlayer,java.lang.String,java.lang.String)","player","participant","待验证"
"src/main/java/xiaocaoawa/minecraft/mod/cobblebattle/battle/CrossServerBattleService.java","1421","PARAMETER","onChatSubmitted(net.minecraft.server.level.ServerPlayer,java.lang.String,java.lang.String)","channel","selectedConversation","待验证"
"src/main/java/xiaocaoawa/minecraft/mod/cobblebattle/battle/CrossServerBattleService.java","1421","PARAMETER","onChatSubmitted(net.minecraft.server.level.ServerPlayer,java.lang.String,java.lang.String)","text","messageText","待验证"
"src/main/java/xiaocaoawa/minecraft/mod/cobblebattle/battle/CrossServerBattleService.java","1430","LOCAL_VARIABLE","onChatSubmitted(net.minecraft.server.level.ServerPlayer,java.lang.String,java.lang.String)","request","requestFrame","待验证"
"src/main/java/xiaocaoawa/minecraft/mod/cobblebattle/battle/CrossServerBattleService.java","1431","LOCAL_VARIABLE","onChatSubmitted(net.minecraft.server.level.ServerPlayer,java.lang.String,java.lang.String)","ref","requestReference","待验证"
"src/main/java/xiaocaoawa/minecraft/mod/cobblebattle/battle/CrossServerBattleService.java","1435","LOCAL_VARIABLE","onChatSubmitted(net.minecraft.server.level.ServerPlayer,java.lang.String,java.lang.String)","who","who","待命名"
"src/main/java/xiaocaoawa/minecraft/mod/cobblebattle/battle/CrossServerBattleService.java","1445","PARAMETER","pushChatState(net.minecraft.server.level.ServerPlayer)","player","participant","待验证"
"src/main/java/xiaocaoawa/minecraft/mod/cobblebattle/battle/CrossServerBattleService.java","1446","LOCAL_VARIABLE","pushChatState(net.minecraft.server.level.ServerPlayer)","uuid","participantUuid","待验证"
"src/main/java/xiaocaoawa/minecraft/mod/cobblebattle/battle/CrossServerBattleService.java","1461","METHOD","xiaocaoawa.minecraft.mod.cobblebattle.battle.CrossServerBattleService","reportChatWatchers","reportChatObservers","待验证"
"src/main/java/xiaocaoawa/minecraft/mod/cobblebattle/battle/CrossServerBattleService.java","1463","LOCAL_VARIABLE","reportChatWatchers()","watchers","observers","待验证"
"src/main/java/xiaocaoawa/minecraft/mod/cobblebattle/battle/CrossServerBattleService.java","1465","LOCAL_VARIABLE","reportChatWatchers()","frame","frame","待命名"
"src/main/java/xiaocaoawa/minecraft/mod/cobblebattle/battle/CrossServerBattleService.java","1482","PARAMETER","pushChatState(java.util.UUID)","playerUuid","participantUuid","待验证"
"src/main/java/xiaocaoawa/minecraft/mod/cobblebattle/battle/CrossServerBattleService.java","1486","METHOD","xiaocaoawa.minecraft.mod.cobblebattle.battle.CrossServerBattleService","onAccountCodeOk","handleVerificationCodeAccepted","待验证"
"src/main/java/xiaocaoawa/minecraft/mod/cobblebattle/battle/CrossServerBattleService.java","1486","PARAMETER","onAccountCodeOk(com.google.gson.JsonObject)","message","document","待验证"
"src/main/java/xiaocaoawa/minecraft/mod/cobblebattle/battle/CrossServerBattleService.java","1487","LOCAL_VARIABLE","onAccountCodeOk(com.google.gson.JsonObject)","player","participant","待验证"
"src/main/java/xiaocaoawa/minecraft/mod/cobblebattle/battle/CrossServerBattleService.java","1488","PARAMETER","onAccountCodeOk(com.google.gson.JsonObject)","p","accountPlayer","待验证"
"src/main/java/xiaocaoawa/minecraft/mod/cobblebattle/battle/CrossServerBattleService.java","1491","METHOD","xiaocaoawa.minecraft.mod.cobblebattle.battle.CrossServerBattleService","onAccountOk","handleAuthenticationAccepted","待验证"
"src/main/java/xiaocaoawa/minecraft/mod/cobblebattle/battle/CrossServerBattleService.java","1491","PARAMETER","onAccountOk(com.google.gson.JsonObject)","message","document","待验证"
"src/main/java/xiaocaoawa/minecraft/mod/cobblebattle/battle/CrossServerBattleService.java","1492","LOCAL_VARIABLE","onAccountOk(com.google.gson.JsonObject)","outcome","authenticationOutcome","待验证"
"src/main/java/xiaocaoawa/minecraft/mod/cobblebattle/battle/CrossServerBattleService.java","1494","LOCAL_VARIABLE","onAccountOk(com.google.gson.JsonObject)","text","successMessage","待验证"
"src/main/java/xiaocaoawa/minecraft/mod/cobblebattle/battle/CrossServerBattleService.java","1498","PARAMETER","onAccountOk(com.google.gson.JsonObject)","player","participant","待验证"
"src/main/java/xiaocaoawa/minecraft/mod/cobblebattle/battle/CrossServerBattleService.java","1502","LOCAL_VARIABLE","onAccountOk(com.google.gson.JsonObject)","refusal","menuFailure","待验证"
"src/main/java/xiaocaoawa/minecraft/mod/cobblebattle/battle/CrossServerBattleService.java","1510","METHOD","xiaocaoawa.minecraft.mod.cobblebattle.battle.CrossServerBattleService","onServerThreadWithPlayer","onServerThreadWithParticipant","待验证"
"src/main/java/xiaocaoawa/minecraft/mod/cobblebattle/battle/CrossServerBattleService.java","1510","PARAMETER","onServerThreadWithPlayer(java.util.UUID,java.util.function.Consumer<net.minecraft.server.level.ServerPlayer>)","playerUuid","participantUuid","待验证"
"src/main/java/xiaocaoawa/minecraft/mod/cobblebattle/battle/CrossServerBattleService.java","1510","PARAMETER","onServerThreadWithPlayer(java.util.UUID,java.util.function.Consumer<net.minecraft.server.level.ServerPlayer>)","action","action","待命名"
"src/main/java/xiaocaoawa/minecraft/mod/cobblebattle/battle/CrossServerBattleService.java","1514","METHOD","xiaocaoawa.minecraft.mod.cobblebattle.battle.CrossServerBattleService","withPlayer","withParticipant","待验证"
"src/main/java/xiaocaoawa/minecraft/mod/cobblebattle/battle/CrossServerBattleService.java","1514","PARAMETER","withPlayer(java.util.UUID,java.util.function.Consumer<net.minecraft.server.level.ServerPlayer>)","playerUuid","participantUuid","待验证"
"src/main/java/xiaocaoawa/minecraft/mod/cobblebattle/battle/CrossServerBattleService.java","1514","PARAMETER","withPlayer(java.util.UUID,java.util.function.Consumer<net.minecraft.server.level.ServerPlayer>)","action","action","待命名"
"src/main/java/xiaocaoawa/minecraft/mod/cobblebattle/battle/CrossServerBattleService.java","1515","LOCAL_VARIABLE","withPlayer(java.util.UUID,java.util.function.Consumer<net.minecraft.server.level.ServerPlayer>)","server","server","待命名"
"src/main/java/xiaocaoawa/minecraft/mod/cobblebattle/battle/CrossServerBattleService.java","1518","LOCAL_VARIABLE","withPlayer(java.util.UUID,java.util.function.Consumer<net.minecraft.server.level.ServerPlayer>)","player","participant","待验证"
"src/main/java/xiaocaoawa/minecraft/mod/cobblebattle/battle/CrossServerBattleService.java","1526","PARAMETER","queue(net.minecraft.server.level.ServerPlayer,java.lang.String)","player","participant","待验证"
"src/main/java/xiaocaoawa/minecraft/mod/cobblebattle/battle/CrossServerBattleService.java","1526","PARAMETER","queue(net.minecraft.server.level.ServerPlayer,java.lang.String)","rankedId","competitionId","待验证"
"src/main/java/xiaocaoawa/minecraft/mod/cobblebattle/battle/CrossServerBattleService.java","1530","PARAMETER","leaveQueue(net.minecraft.server.level.ServerPlayer)","player","participant","待验证"
"src/main/java/xiaocaoawa/minecraft/mod/cobblebattle/battle/CrossServerBattleService.java","1534","PARAMETER","describePartyCompatibility(net.minecraft.server.level.ServerPlayer)","player","participant","待验证"
"src/main/java/xiaocaoawa/minecraft/mod/cobblebattle/battle/CrossServerBattleService.java","1538","PARAMETER","onPlayerDisconnect(net.minecraft.server.level.ServerPlayer)","player","participant","待验证"
"src/main/java/xiaocaoawa/minecraft/mod/cobblebattle/battle/CrossServerBattleService.java","1543","LOCAL_VARIABLE","onPlayerDisconnect(net.minecraft.server.level.ServerPlayer)","mirror","activeMirror","待验证"
"src/main/java/xiaocaoawa/minecraft/mod/cobblebattle/battle/CrossServerBattleService.java","1556","METHOD","xiaocaoawa.minecraft.mod.cobblebattle.battle.CrossServerBattleService","tellPlayer","tellParticipant","待验证"
"src/main/java/xiaocaoawa/minecraft/mod/cobblebattle/battle/CrossServerBattleService.java","1556","PARAMETER","tellPlayer(java.util.UUID,net.minecraft.network.chat.Component)","playerUuid","participantUuid","待验证"
"src/main/java/xiaocaoawa/minecraft/mod/cobblebattle/battle/CrossServerBattleService.java","1556","PARAMETER","tellPlayer(java.util.UUID,net.minecraft.network.chat.Component)","message","document","待验证"
"src/main/java/xiaocaoawa/minecraft/mod/cobblebattle/battle/CrossServerBattleService.java","1557","LOCAL_VARIABLE","tellPlayer(java.util.UUID,net.minecraft.network.chat.Component)","server","server","待命名"
"src/main/java/xiaocaoawa/minecraft/mod/cobblebattle/battle/CrossServerBattleService.java","1560","LOCAL_VARIABLE","tellPlayer(java.util.UUID,net.minecraft.network.chat.Component)","player","participant","待验证"
"src/main/java/xiaocaoawa/minecraft/mod/cobblebattle/battle/EntityBackedRemoteBattleActor.java","11","FIELD","xiaocaoawa.minecraft.mod.cobblebattle.battle.EntityBackedRemoteBattleActor","npc","npc","待命名"
"src/main/java/xiaocaoawa/minecraft/mod/cobblebattle/battle/EntityBackedRemoteBattleActor.java","12","FIELD","xiaocaoawa.minecraft.mod.cobblebattle.battle.EntityBackedRemoteBattleActor","initialPos","initialPos","待命名"
"src/main/java/xiaocaoawa/minecraft/mod/cobblebattle/battle/EntityBackedRemoteBattleActor.java","14","PARAMETER","EntityBackedRemoteBattleActor(java.util.UUID,java.lang.String,java.lang.String,java.lang.String,java.util.List<com.cobblemon.mod.common.battles.pokemon.BattlePokemon>,com.cobblemon.mod.common.entity.npc.NPCEntity)","playerUuid","participantUuid","待验证"
"src/main/java/xiaocaoawa/minecraft/mod/cobblebattle/battle/EntityBackedRemoteBattleActor.java","14","PARAMETER","EntityBackedRemoteBattleActor(java.util.UUID,java.lang.String,java.lang.String,java.lang.String,java.util.List<com.cobblemon.mod.common.battles.pokemon.BattlePokemon>,com.cobblemon.mod.common.entity.npc.NPCEntity)","displayName","displayName","待命名"
"src/main/java/xiaocaoawa/minecraft/mod/cobblebattle/battle/EntityBackedRemoteBattleActor.java","14","PARAMETER","EntityBackedRemoteBattleActor(java.util.UUID,java.lang.String,java.lang.String,java.lang.String,java.util.List<com.cobblemon.mod.common.battles.pokemon.BattlePokemon>,com.cobblemon.mod.common.entity.npc.NPCEntity)","originServerId","originServerId","待命名"
"src/main/java/xiaocaoawa/minecraft/mod/cobblebattle/battle/EntityBackedRemoteBattleActor.java","14","PARAMETER","EntityBackedRemoteBattleActor(java.util.UUID,java.lang.String,java.lang.String,java.lang.String,java.util.List<com.cobblemon.mod.common.battles.pokemon.BattlePokemon>,com.cobblemon.mod.common.entity.npc.NPCEntity)","seat","seat","待命名"
"src/main/java/xiaocaoawa/minecraft/mod/cobblebattle/battle/EntityBackedRemoteBattleActor.java","14","PARAMETER","EntityBackedRemoteBattleActor(java.util.UUID,java.lang.String,java.lang.String,java.lang.String,java.util.List<com.cobblemon.mod.common.battles.pokemon.BattlePokemon>,com.cobblemon.mod.common.entity.npc.NPCEntity)","pokemon","creature","待验证"
"src/main/java/xiaocaoawa/minecraft/mod/cobblebattle/battle/EntityBackedRemoteBattleActor.java","14","PARAMETER","EntityBackedRemoteBattleActor(java.util.UUID,java.lang.String,java.lang.String,java.lang.String,java.util.List<com.cobblemon.mod.common.battles.pokemon.BattlePokemon>,com.cobblemon.mod.common.entity.npc.NPCEntity)","npc","npc","待命名"
"src/main/java/xiaocaoawa/minecraft/mod/cobblebattle/battle/MirrorBattle.java","18","FIELD","xiaocaoawa.minecraft.mod.cobblebattle.battle.MirrorBattle","LOGGER","LOGGER","待命名"
"src/main/java/xiaocaoawa/minecraft/mod/cobblebattle/battle/MirrorBattle.java","19","FIELD","xiaocaoawa.minecraft.mod.cobblebattle.battle.MirrorBattle","outputBuffer","outputBuffer","待命名"
"src/main/java/xiaocaoawa/minecraft/mod/cobblebattle/battle/MirrorBattle.java","20","FIELD","xiaocaoawa.minecraft.mod.cobblebattle.battle.MirrorBattle","remoteBattleId","remoteBattleId","待命名"
"src/main/java/xiaocaoawa/minecraft/mod/cobblebattle/battle/MirrorBattle.java","21","FIELD","xiaocaoawa.minecraft.mod.cobblebattle.battle.MirrorBattle","seat","seat","待命名"
"src/main/java/xiaocaoawa/minecraft/mod/cobblebattle/battle/MirrorBattle.java","22","FIELD","xiaocaoawa.minecraft.mod.cobblebattle.battle.MirrorBattle","opponentSeat","opponentSeat","待命名"
"src/main/java/xiaocaoawa/minecraft/mod/cobblebattle/battle/MirrorBattle.java","23","FIELD","xiaocaoawa.minecraft.mod.cobblebattle.battle.MirrorBattle","localPlayerUuid","localParticipantUuid","待验证"
"src/main/java/xiaocaoawa/minecraft/mod/cobblebattle/battle/MirrorBattle.java","24","FIELD","xiaocaoawa.minecraft.mod.cobblebattle.battle.MirrorBattle","secondLocalPlayerUuid","secondLocalParticipantUuid","待验证"
"src/main/java/xiaocaoawa/minecraft/mod/cobblebattle/battle/MirrorBattle.java","25","FIELD","xiaocaoawa.minecraft.mod.cobblebattle.battle.MirrorBattle","opponentName","opponentName","待命名"
"src/main/java/xiaocaoawa/minecraft/mod/cobblebattle/battle/MirrorBattle.java","26","FIELD","xiaocaoawa.minecraft.mod.cobblebattle.battle.MirrorBattle","opponentServerId","opponentServerId","待命名"
"src/main/java/xiaocaoawa/minecraft/mod/cobblebattle/battle/MirrorBattle.java","27","FIELD","xiaocaoawa.minecraft.mod.cobblebattle.battle.MirrorBattle","debug","debug","待命名"
"src/main/java/xiaocaoawa/minecraft/mod/cobblebattle/battle/MirrorBattle.java","28","FIELD","xiaocaoawa.minecraft.mod.cobblebattle.battle.MirrorBattle","authoritative","sourceOfTruth","待验证"
"src/main/java/xiaocaoawa/minecraft/mod/cobblebattle/battle/MirrorBattle.java","29","FIELD","xiaocaoawa.minecraft.mod.cobblebattle.battle.MirrorBattle","spectator","replayView","待验证"
"src/main/java/xiaocaoawa/minecraft/mod/cobblebattle/battle/MirrorBattle.java","30","FIELD","xiaocaoawa.minecraft.mod.cobblebattle.battle.MirrorBattle","watchers","observers","待验证"
"src/main/java/xiaocaoawa/minecraft/mod/cobblebattle/battle/MirrorBattle.java","31","FIELD","xiaocaoawa.minecraft.mod.cobblebattle.battle.MirrorBattle","localBattleId","localBattleId","待命名"
"src/main/java/xiaocaoawa/minecraft/mod/cobblebattle/battle/MirrorBattle.java","32","FIELD","xiaocaoawa.minecraft.mod.cobblebattle.battle.MirrorBattle","battle","battle","待命名"
"src/main/java/xiaocaoawa/minecraft/mod/cobblebattle/battle/MirrorBattle.java","33","FIELD","xiaocaoawa.minecraft.mod.cobblebattle.battle.MirrorBattle","bodies","bodies","待命名"
"src/main/java/xiaocaoawa/minecraft/mod/cobblebattle/battle/MirrorBattle.java","34","FIELD","xiaocaoawa.minecraft.mod.cobblebattle.battle.MirrorBattle","props","props","待命名"
"src/main/java/xiaocaoawa/minecraft/mod/cobblebattle/battle/MirrorBattle.java","35","FIELD","xiaocaoawa.minecraft.mod.cobblebattle.battle.MirrorBattle","info","battleDetails","待验证"
"src/main/java/xiaocaoawa/minecraft/mod/cobblebattle/battle/MirrorBattle.java","36","FIELD","xiaocaoawa.minecraft.mod.cobblebattle.battle.MirrorBattle","secondInfo","secondBattleDetails","待验证"
"src/main/java/xiaocaoawa/minecraft/mod/cobblebattle/battle/MirrorBattle.java","38","PARAMETER","spectator(java.lang.String,boolean)","remoteBattleId","remoteBattleId","待命名"
"src/main/java/xiaocaoawa/minecraft/mod/cobblebattle/battle/MirrorBattle.java","38","PARAMETER","spectator(java.lang.String,boolean)","debug","debug","待命名"
"src/main/java/xiaocaoawa/minecraft/mod/cobblebattle/battle/MirrorBattle.java","43","PARAMETER","MirrorBattle(java.lang.String,java.lang.String,java.lang.String,java.util.UUID,java.lang.String,java.lang.String,boolean,boolean)","remoteBattleId","remoteBattleId","待命名"
"src/main/java/xiaocaoawa/minecraft/mod/cobblebattle/battle/MirrorBattle.java","44","PARAMETER","MirrorBattle(java.lang.String,java.lang.String,java.lang.String,java.util.UUID,java.lang.String,java.lang.String,boolean,boolean)","seat","seat","待命名"
"src/main/java/xiaocaoawa/minecraft/mod/cobblebattle/battle/MirrorBattle.java","45","PARAMETER","MirrorBattle(java.lang.String,java.lang.String,java.lang.String,java.util.UUID,java.lang.String,java.lang.String,boolean,boolean)","opponentSeat","opponentSeat","待命名"
"src/main/java/xiaocaoawa/minecraft/mod/cobblebattle/battle/MirrorBattle.java","46","PARAMETER","MirrorBattle(java.lang.String,java.lang.String,java.lang.String,java.util.UUID,java.lang.String,java.lang.String,boolean,boolean)","localPlayerUuid","localParticipantUuid","待验证"
"src/main/java/xiaocaoawa/minecraft/mod/cobblebattle/battle/MirrorBattle.java","47","PARAMETER","MirrorBattle(java.lang.String,java.lang.String,java.lang.String,java.util.UUID,java.lang.String,java.lang.String,boolean,boolean)","opponentName","opponentName","待命名"
"src/main/java/xiaocaoawa/minecraft/mod/cobblebattle/battle/MirrorBattle.java","48","PARAMETER","MirrorBattle(java.lang.String,java.lang.String,java.lang.String,java.util.UUID,java.lang.String,java.lang.String,boolean,boolean)","opponentServerId","opponentServerId","待命名"
"src/main/java/xiaocaoawa/minecraft/mod/cobblebattle/battle/MirrorBattle.java","49","PARAMETER","MirrorBattle(java.lang.String,java.lang.String,java.lang.String,java.util.UUID,java.lang.String,java.lang.String,boolean,boolean)","authoritative","sourceOfTruth","待验证"
"src/main/java/xiaocaoawa/minecraft/mod/cobblebattle/battle/MirrorBattle.java","50","PARAMETER","MirrorBattle(java.lang.String,java.lang.String,java.lang.String,java.util.UUID,java.lang.String,java.lang.String,boolean,boolean)","debug","debug","待命名"
"src/main/java/xiaocaoawa/minecraft/mod/cobblebattle/battle/MirrorBattle.java","56","PARAMETER","MirrorBattle(java.lang.String,java.lang.String,java.lang.String,java.util.UUID,java.util.UUID,java.lang.String,java.lang.String,boolean,boolean)","remoteBattleId","remoteBattleId","待命名"
"src/main/java/xiaocaoawa/minecraft/mod/cobblebattle/battle/MirrorBattle.java","57","PARAMETER","MirrorBattle(java.lang.String,java.lang.String,java.lang.String,java.util.UUID,java.util.UUID,java.lang.String,java.lang.String,boolean,boolean)","seat","seat","待命名"
"src/main/java/xiaocaoawa/minecraft/mod/cobblebattle/battle/MirrorBattle.java","58","PARAMETER","MirrorBattle(java.lang.String,java.lang.String,java.lang.String,java.util.UUID,java.util.UUID,java.lang.String,java.lang.String,boolean,boolean)","opponentSeat","opponentSeat","待命名"
"src/main/java/xiaocaoawa/minecraft/mod/cobblebattle/battle/MirrorBattle.java","59","PARAMETER","MirrorBattle(java.lang.String,java.lang.String,java.lang.String,java.util.UUID,java.util.UUID,java.lang.String,java.lang.String,boolean,boolean)","localPlayerUuid","localParticipantUuid","待验证"
"src/main/java/xiaocaoawa/minecraft/mod/cobblebattle/battle/MirrorBattle.java","60","PARAMETER","MirrorBattle(java.lang.String,java.lang.String,java.lang.String,java.util.UUID,java.util.UUID,java.lang.String,java.lang.String,boolean,boolean)","secondLocalPlayerUuid","secondLocalParticipantUuid","待验证"
"src/main/java/xiaocaoawa/minecraft/mod/cobblebattle/battle/MirrorBattle.java","61","PARAMETER","MirrorBattle(java.lang.String,java.lang.String,java.lang.String,java.util.UUID,java.util.UUID,java.lang.String,java.lang.String,boolean,boolean)","opponentName","opponentName","待命名"
"src/main/java/xiaocaoawa/minecraft/mod/cobblebattle/battle/MirrorBattle.java","62","PARAMETER","MirrorBattle(java.lang.String,java.lang.String,java.lang.String,java.util.UUID,java.util.UUID,java.lang.String,java.lang.String,boolean,boolean)","opponentServerId","opponentServerId","待命名"
"src/main/java/xiaocaoawa/minecraft/mod/cobblebattle/battle/MirrorBattle.java","63","PARAMETER","MirrorBattle(java.lang.String,java.lang.String,java.lang.String,java.util.UUID,java.util.UUID,java.lang.String,java.lang.String,boolean,boolean)","authoritative","sourceOfTruth","待验证"
"src/main/java/xiaocaoawa/minecraft/mod/cobblebattle/battle/MirrorBattle.java","64","PARAMETER","MirrorBattle(java.lang.String,java.lang.String,java.lang.String,java.util.UUID,java.util.UUID,java.lang.String,java.lang.String,boolean,boolean)","debug","debug","待命名"
"src/main/java/xiaocaoawa/minecraft/mod/cobblebattle/battle/MirrorBattle.java","70","PARAMETER","MirrorBattle(java.lang.String,java.lang.String,java.lang.String,java.util.UUID,java.util.UUID,java.lang.String,java.lang.String,boolean,boolean,boolean)","remoteBattleId","remoteBattleId","待命名"
"src/main/java/xiaocaoawa/minecraft/mod/cobblebattle/battle/MirrorBattle.java","71","PARAMETER","MirrorBattle(java.lang.String,java.lang.String,java.lang.String,java.util.UUID,java.util.UUID,java.lang.String,java.lang.String,boolean,boolean,boolean)","seat","seat","待命名"
"src/main/java/xiaocaoawa/minecraft/mod/cobblebattle/battle/MirrorBattle.java","72","PARAMETER","MirrorBattle(java.lang.String,java.lang.String,java.lang.String,java.util.UUID,java.util.UUID,java.lang.String,java.lang.String,boolean,boolean,boolean)","opponentSeat","opponentSeat","待命名"
"src/main/java/xiaocaoawa/minecraft/mod/cobblebattle/battle/MirrorBattle.java","73","PARAMETER","MirrorBattle(java.lang.String,java.lang.String,java.lang.String,java.util.UUID,java.util.UUID,java.lang.String,java.lang.String,boolean,boolean,boolean)","localPlayerUuid","localParticipantUuid","待验证"
"src/main/java/xiaocaoawa/minecraft/mod/cobblebattle/battle/MirrorBattle.java","74","PARAMETER","MirrorBattle(java.lang.String,java.lang.String,java.lang.String,java.util.UUID,java.util.UUID,java.lang.String,java.lang.String,boolean,boolean,boolean)","secondLocalPlayerUuid","secondLocalParticipantUuid","待验证"
"src/main/java/xiaocaoawa/minecraft/mod/cobblebattle/battle/MirrorBattle.java","75","PARAMETER","MirrorBattle(java.lang.String,java.lang.String,java.lang.String,java.util.UUID,java.util.UUID,java.lang.String,java.lang.String,boolean,boolean,boolean)","opponentName","opponentName","待命名"
"src/main/java/xiaocaoawa/minecraft/mod/cobblebattle/battle/MirrorBattle.java","76","PARAMETER","MirrorBattle(java.lang.String,java.lang.String,java.lang.String,java.util.UUID,java.util.UUID,java.lang.String,java.lang.String,boolean,boolean,boolean)","opponentServerId","opponentServerId","待命名"
"src/main/java/xiaocaoawa/minecraft/mod/cobblebattle/battle/MirrorBattle.java","77","PARAMETER","MirrorBattle(java.lang.String,java.lang.String,java.lang.String,java.util.UUID,java.util.UUID,java.lang.String,java.lang.String,boolean,boolean,boolean)","authoritative","sourceOfTruth","待验证"
"src/main/java/xiaocaoawa/minecraft/mod/cobblebattle/battle/MirrorBattle.java","78","PARAMETER","MirrorBattle(java.lang.String,java.lang.String,java.lang.String,java.util.UUID,java.util.UUID,java.lang.String,java.lang.String,boolean,boolean,boolean)","debug","debug","待命名"
"src/main/java/xiaocaoawa/minecraft/mod/cobblebattle/battle/MirrorBattle.java","79","PARAMETER","MirrorBattle(java.lang.String,java.lang.String,java.lang.String,java.util.UUID,java.util.UUID,java.lang.String,java.lang.String,boolean,boolean,boolean)","spectator","replayView","待验证"
"src/main/java/xiaocaoawa/minecraft/mod/cobblebattle/battle/MirrorBattle.java","114","PARAMETER","addWatcher(java.util.UUID)","playerUuid","participantUuid","待验证"
"src/main/java/xiaocaoawa/minecraft/mod/cobblebattle/battle/MirrorBattle.java","118","PARAMETER","removeWatcher(java.util.UUID)","playerUuid","participantUuid","待验证"
"src/main/java/xiaocaoawa/minecraft/mod/cobblebattle/battle/MirrorBattle.java","127","PARAMETER","route(java.lang.String)","chunk","content","待验证"
"src/main/java/xiaocaoawa/minecraft/mod/cobblebattle/battle/MirrorBattle.java","131","LOCAL_VARIABLE","route(java.lang.String)","nl","nl","待命名"
"src/main/java/xiaocaoawa/minecraft/mod/cobblebattle/battle/MirrorBattle.java","132","LOCAL_VARIABLE","route(java.lang.String)","kind","kind","待命名"
"src/main/java/xiaocaoawa/minecraft/mod/cobblebattle/battle/MirrorBattle.java","136","LOCAL_VARIABLE","route(java.lang.String)","rest","rest","待命名"
"src/main/java/xiaocaoawa/minecraft/mod/cobblebattle/battle/MirrorBattle.java","137","LOCAL_VARIABLE","route(java.lang.String)","rnl","rnl","待命名"
"src/main/java/xiaocaoawa/minecraft/mod/cobblebattle/battle/MirrorBattle.java","138","LOCAL_VARIABLE","route(java.lang.String)","target","target","待命名"
"src/main/java/xiaocaoawa/minecraft/mod/cobblebattle/battle/MirrorBattle.java","144","PARAMETER","attachBody(com.cobblemon.mod.common.entity.npc.NPCEntity,xiaocaoawa.minecraft.mod.cobblebattle.battle.RemoteBattleActor)","npc","npc","待命名"
"src/main/java/xiaocaoawa/minecraft/mod/cobblebattle/battle/MirrorBattle.java","144","PARAMETER","attachBody(com.cobblemon.mod.common.entity.npc.NPCEntity,xiaocaoawa.minecraft.mod.cobblebattle.battle.RemoteBattleActor)","actor","actor","待命名"
"src/main/java/xiaocaoawa/minecraft/mod/cobblebattle/battle/MirrorBattle.java","154","METHOD","xiaocaoawa.minecraft.mod.cobblebattle.battle.MirrorBattle","attachProp","attachProp","待命名"
"src/main/java/xiaocaoawa/minecraft/mod/cobblebattle/battle/MirrorBattle.java","154","PARAMETER","attachProp(com.cobblemon.mod.common.entity.pokemon.PokemonEntity)","entity","entity","待命名"
"src/main/java/xiaocaoawa/minecraft/mod/cobblebattle/battle/MirrorBattle.java","160","METHOD","xiaocaoawa.minecraft.mod.cobblebattle.battle.MirrorBattle","takeProps","takeProps","待命名"
"src/main/java/xiaocaoawa/minecraft/mod/cobblebattle/battle/MirrorBattle.java","161","LOCAL_VARIABLE","takeProps()","taken","taken","待命名"
"src/main/java/xiaocaoawa/minecraft/mod/cobblebattle/battle/MirrorBattle.java","166","PARAMETER","describe(xiaocaoawa.minecraft.mod.cobblebattle.api.BattleInfo)","info","battleDetails","待验证"
"src/main/java/xiaocaoawa/minecraft/mod/cobblebattle/battle/MirrorBattle.java","175","LOCAL_VARIABLE","takeBodies()","taken","taken","待命名"
"src/main/java/xiaocaoawa/minecraft/mod/cobblebattle/battle/MirrorBattle.java","196","PARAMETER","hasLocalPlayer(java.util.UUID)","playerUuid","participantUuid","待验证"
"src/main/java/xiaocaoawa/minecraft/mod/cobblebattle/battle/MirrorBattle.java","200","PARAMETER","seatOf(java.util.UUID)","playerUuid","participantUuid","待验证"
"src/main/java/xiaocaoawa/minecraft/mod/cobblebattle/battle/MirrorBattle.java","210","PARAMETER","describeSecond(xiaocaoawa.minecraft.mod.cobblebattle.api.BattleInfo)","info","battleDetails","待验证"
"src/main/java/xiaocaoawa/minecraft/mod/cobblebattle/battle/MirrorBattle.java","214","PARAMETER","infoFor(java.util.UUID)","playerUuid","participantUuid","待验证"
"src/main/java/xiaocaoawa/minecraft/mod/cobblebattle/battle/MirrorBattle.java","244","METHOD","xiaocaoawa.minecraft.mod.cobblebattle.battle.MirrorBattle","bindLocalId","bindLocalId","待命名"
"src/main/java/xiaocaoawa/minecraft/mod/cobblebattle/battle/MirrorBattle.java","244","PARAMETER","bindLocalId(java.util.UUID)","id","id","待命名"
"src/main/java/xiaocaoawa/minecraft/mod/cobblebattle/battle/MirrorBattle.java","248","PARAMETER","attach(com.cobblemon.mod.common.api.battles.model.PokemonBattle)","battle","battle","待命名"
"src/main/java/xiaocaoawa/minecraft/mod/cobblebattle/battle/MirrorBattle.java","254","PARAMETER","accept(long,java.lang.String)","seq","sequence","待验证"
"src/main/java/xiaocaoawa/minecraft/mod/cobblebattle/battle/MirrorBattle.java","254","PARAMETER","accept(long,java.lang.String)","chunk","content","待验证"
"src/main/java/xiaocaoawa/minecraft/mod/cobblebattle/battle/MirrorBattle.java","256","METHOD","xiaocaoawa.minecraft.mod.cobblebattle.battle.MirrorBattle","apply","apply","待命名"
"src/main/java/xiaocaoawa/minecraft/mod/cobblebattle/battle/MirrorBattle.java","256","PARAMETER","apply(java.lang.String)","chunk","content","待验证"
"src/main/java/xiaocaoawa/minecraft/mod/cobblebattle/battle/MirrorBattle.java","257","LOCAL_VARIABLE","apply(java.lang.String)","id","id","待命名"
"src/main/java/xiaocaoawa/minecraft/mod/cobblebattle/battle/MirrorFactory.java","30","FIELD","xiaocaoawa.minecraft.mod.cobblebattle.battle.MirrorFactory","LOGGER","LOGGER","待命名"
"src/main/java/xiaocaoawa/minecraft/mod/cobblebattle/battle/MirrorFactory.java","31","FIELD","xiaocaoawa.minecraft.mod.cobblebattle.battle.MirrorFactory","service","service","待命名"
"src/main/java/xiaocaoawa/minecraft/mod/cobblebattle/battle/MirrorFactory.java","33","METHOD","xiaocaoawa.minecraft.mod.cobblebattle.battle.MirrorFactory","readFormat","readFormat","待命名"
"src/main/java/xiaocaoawa/minecraft/mod/cobblebattle/battle/MirrorFactory.java","33","PARAMETER","readFormat(com.google.gson.JsonObject)","message","document","待验证"
"src/main/java/xiaocaoawa/minecraft/mod/cobblebattle/battle/MirrorFactory.java","34","LOCAL_VARIABLE","readFormat(com.google.gson.JsonObject)","described","described","待命名"
"src/main/java/xiaocaoawa/minecraft/mod/cobblebattle/battle/MirrorFactory.java","35","LOCAL_VARIABLE","readFormat(com.google.gson.JsonObject)","battleType","battleType","待命名"
"src/main/java/xiaocaoawa/minecraft/mod/cobblebattle/battle/MirrorFactory.java","37","LOCAL_VARIABLE","readFormat(com.google.gson.JsonObject)","type","type","待命名"
"src/main/java/xiaocaoawa/minecraft/mod/cobblebattle/battle/MirrorFactory.java","45","LOCAL_VARIABLE","readFormat(com.google.gson.JsonObject)","base","base","待命名"
"src/main/java/xiaocaoawa/minecraft/mod/cobblebattle/battle/MirrorFactory.java","50","LOCAL_VARIABLE","readFormat(com.google.gson.JsonObject)","rules","rules","待命名"
"src/main/java/xiaocaoawa/minecraft/mod/cobblebattle/battle/MirrorFactory.java","51","LOCAL_VARIABLE","readFormat(com.google.gson.JsonObject)","ruleSet","ruleSet","待命名"
"src/main/java/xiaocaoawa/minecraft/mod/cobblebattle/battle/MirrorFactory.java","53","LOCAL_VARIABLE","readFormat(com.google.gson.JsonObject)","rule","rule","待命名"
"src/main/java/xiaocaoawa/minecraft/mod/cobblebattle/battle/MirrorFactory.java","64","LOCAL_VARIABLE","readFormat(com.google.gson.JsonObject)","adjustLevel","adjustLevel","待命名"
"src/main/java/xiaocaoawa/minecraft/mod/cobblebattle/battle/MirrorFactory.java","69","PARAMETER","MirrorFactory(xiaocaoawa.minecraft.mod.cobblebattle.battle.CrossServerBattleService)","service","service","待命名"
"src/main/java/xiaocaoawa/minecraft/mod/cobblebattle/battle/MirrorFactory.java","73","METHOD","xiaocaoawa.minecraft.mod.cobblebattle.battle.MirrorFactory","pickedFrom","pickedFrom","待命名"
"src/main/java/xiaocaoawa/minecraft/mod/cobblebattle/battle/MirrorFactory.java","73","PARAMETER","pickedFrom(java.util.List<com.cobblemon.mod.common.battles.pokemon.BattlePokemon>,com.google.gson.JsonObject,java.lang.String)","team","roster","待验证"
"src/main/java/xiaocaoawa/minecraft/mod/cobblebattle/battle/MirrorFactory.java","73","PARAMETER","pickedFrom(java.util.List<com.cobblemon.mod.common.battles.pokemon.BattlePokemon>,com.google.gson.JsonObject,java.lang.String)","message","document","待验证"
"src/main/java/xiaocaoawa/minecraft/mod/cobblebattle/battle/MirrorFactory.java","73","PARAMETER","pickedFrom(java.util.List<com.cobblemon.mod.common.battles.pokemon.BattlePokemon>,com.google.gson.JsonObject,java.lang.String)","mySeat","mySeat","待命名"
"src/main/java/xiaocaoawa/minecraft/mod/cobblebattle/battle/MirrorFactory.java","74","LOCAL_VARIABLE","pickedFrom(java.util.List<com.cobblemon.mod.common.battles.pokemon.BattlePokemon>,com.google.gson.JsonObject,java.lang.String)","picks","picks","待命名"
"src/main/java/xiaocaoawa/minecraft/mod/cobblebattle/battle/MirrorFactory.java","75","LOCAL_VARIABLE","pickedFrom(java.util.List<com.cobblemon.mod.common.battles.pokemon.BattlePokemon>,com.google.gson.JsonObject,java.lang.String)","mine","mine","待命名"
"src/main/java/xiaocaoawa/minecraft/mod/cobblebattle/battle/MirrorFactory.java","77","LOCAL_VARIABLE","pickedFrom(java.util.List<com.cobblemon.mod.common.battles.pokemon.BattlePokemon>,com.google.gson.JsonObject,java.lang.String)","array","array","待命名"
"src/main/java/xiaocaoawa/minecraft/mod/cobblebattle/battle/MirrorFactory.java","81","LOCAL_VARIABLE","pickedFrom(java.util.List<com.cobblemon.mod.common.battles.pokemon.BattlePokemon>,com.google.gson.JsonObject,java.lang.String)","out","outputStream","待验证"
"src/main/java/xiaocaoawa/minecraft/mod/cobblebattle/battle/MirrorFactory.java","82","LOCAL_VARIABLE","pickedFrom(java.util.List<com.cobblemon.mod.common.battles.pokemon.BattlePokemon>,com.google.gson.JsonObject,java.lang.String)","seen","seen","待命名"
"src/main/java/xiaocaoawa/minecraft/mod/cobblebattle/battle/MirrorFactory.java","84","LOCAL_VARIABLE","pickedFrom(java.util.List<com.cobblemon.mod.common.battles.pokemon.BattlePokemon>,com.google.gson.JsonObject,java.lang.String)","element","element","待命名"
"src/main/java/xiaocaoawa/minecraft/mod/cobblebattle/battle/MirrorFactory.java","85","LOCAL_VARIABLE","pickedFrom(java.util.List<com.cobblemon.mod.common.battles.pokemon.BattlePokemon>,com.google.gson.JsonObject,java.lang.String)","index","index","待命名"
"src/main/java/xiaocaoawa/minecraft/mod/cobblebattle/battle/MirrorFactory.java","88","EXCEPTION_PARAMETER","pickedFrom(java.util.List<com.cobblemon.mod.common.battles.pokemon.BattlePokemon>,com.google.gson.JsonObject,java.lang.String)","var12","failure","待验证"
"src/main/java/xiaocaoawa/minecraft/mod/cobblebattle/battle/MirrorFactory.java","108","METHOD","xiaocaoawa.minecraft.mod.cobblebattle.battle.MirrorFactory","build","build","待命名"
"src/main/java/xiaocaoawa/minecraft/mod/cobblebattle/battle/MirrorFactory.java","108","PARAMETER","build(com.google.gson.JsonObject)","message","document","待验证"
"src/main/java/xiaocaoawa/minecraft/mod/cobblebattle/battle/MirrorFactory.java","109","LOCAL_VARIABLE","build(com.google.gson.JsonObject)","remoteBattleId","remoteBattleId","待命名"
"src/main/java/xiaocaoawa/minecraft/mod/cobblebattle/battle/MirrorFactory.java","110","LOCAL_VARIABLE","build(com.google.gson.JsonObject)","myPlayerRaw","myParticipantRaw","待验证"
"src/main/java/xiaocaoawa/minecraft/mod/cobblebattle/battle/MirrorFactory.java","114","EXCEPTION_PARAMETER","build(com.google.gson.JsonObject)","var7","failure","待验证"
"src/main/java/xiaocaoawa/minecraft/mod/cobblebattle/battle/MirrorFactory.java","119","EXCEPTION_PARAMETER","build(com.google.gson.JsonObject)","var6","var6","待命名"
"src/main/java/xiaocaoawa/minecraft/mod/cobblebattle/battle/MirrorFactory.java","129","METHOD","xiaocaoawa.minecraft.mod.cobblebattle.battle.MirrorFactory","buildOrThrow","buildOrThrow","待命名"
"src/main/java/xiaocaoawa/minecraft/mod/cobblebattle/battle/MirrorFactory.java","129","PARAMETER","buildOrThrow(com.google.gson.JsonObject,java.lang.String)","message","document","待验证"
"src/main/java/xiaocaoawa/minecraft/mod/cobblebattle/battle/MirrorFactory.java","129","PARAMETER","buildOrThrow(com.google.gson.JsonObject,java.lang.String)","remoteBattleId","remoteBattleId","待命名"
"src/main/java/xiaocaoawa/minecraft/mod/cobblebattle/battle/MirrorFactory.java","130","LOCAL_VARIABLE","buildOrThrow(com.google.gson.JsonObject,java.lang.String)","mySeat","mySeat","待命名"
"src/main/java/xiaocaoawa/minecraft/mod/cobblebattle/battle/MirrorFactory.java","131","LOCAL_VARIABLE","buildOrThrow(com.google.gson.JsonObject,java.lang.String)","myPlayerRaw","myParticipantRaw","待验证"
"src/main/java/xiaocaoawa/minecraft/mod/cobblebattle/battle/MirrorFactory.java","133","LOCAL_VARIABLE","buildOrThrow(com.google.gson.JsonObject,java.lang.String)","myPlayerUuid","myParticipantUuid","待验证"
"src/main/java/xiaocaoawa/minecraft/mod/cobblebattle/battle/MirrorFactory.java","134","LOCAL_VARIABLE","buildOrThrow(com.google.gson.JsonObject,java.lang.String)","opponentSeat","opponentSeat","待命名"
"src/main/java/xiaocaoawa/minecraft/mod/cobblebattle/battle/MirrorFactory.java","136","LOCAL_VARIABLE","buildOrThrow(com.google.gson.JsonObject,java.lang.String)","element","element","待命名"
"src/main/java/xiaocaoawa/minecraft/mod/cobblebattle/battle/MirrorFactory.java","137","LOCAL_VARIABLE","buildOrThrow(com.google.gson.JsonObject,java.lang.String)","seat","seat","待命名"
"src/main/java/xiaocaoawa/minecraft/mod/cobblebattle/battle/MirrorFactory.java","148","LOCAL_VARIABLE","buildOrThrow(com.google.gson.JsonObject,java.lang.String)","opponentSeatId","opponentSeatId","待命名"
"src/main/java/xiaocaoawa/minecraft/mod/cobblebattle/battle/MirrorFactory.java","149","LOCAL_VARIABLE","buildOrThrow(com.google.gson.JsonObject,java.lang.String)","opponentPlayer","opponentParticipant","待验证"
"src/main/java/xiaocaoawa/minecraft/mod/cobblebattle/battle/MirrorFactory.java","150","LOCAL_VARIABLE","buildOrThrow(com.google.gson.JsonObject,java.lang.String)","opponentUuid","opponentUuid","待命名"
"src/main/java/xiaocaoawa/minecraft/mod/cobblebattle/battle/MirrorFactory.java","151","LOCAL_VARIABLE","buildOrThrow(com.google.gson.JsonObject,java.lang.String)","opponentName","opponentName","待命名"
"src/main/java/xiaocaoawa/minecraft/mod/cobblebattle/battle/MirrorFactory.java","152","LOCAL_VARIABLE","buildOrThrow(com.google.gson.JsonObject,java.lang.String)","opponentServerId","opponentServerId","待命名"
"src/main/java/xiaocaoawa/minecraft/mod/cobblebattle/battle/MirrorFactory.java","153","LOCAL_VARIABLE","buildOrThrow(com.google.gson.JsonObject,java.lang.String)","authoritative","sourceOfTruth","待验证"
"src/main/java/xiaocaoawa/minecraft/mod/cobblebattle/battle/MirrorFactory.java","155","LOCAL_VARIABLE","buildOrThrow(com.google.gson.JsonObject,java.lang.String)","mine","mine","待命名"
"src/main/java/xiaocaoawa/minecraft/mod/cobblebattle/battle/MirrorFactory.java","161","LOCAL_VARIABLE","buildOrThrow(com.google.gson.JsonObject,java.lang.String)","opponentPacked","opponentPacked","待命名"
"src/main/java/xiaocaoawa/minecraft/mod/cobblebattle/battle/MirrorFactory.java","162","LOCAL_VARIABLE","buildOrThrow(com.google.gson.JsonObject,java.lang.String)","opponentTeam","opponentRoster","待验证"
"src/main/java/xiaocaoawa/minecraft/mod/cobblebattle/battle/MirrorFactory.java","168","LOCAL_VARIABLE","buildOrThrow(com.google.gson.JsonObject,java.lang.String)","expected","expected","待命名"
"src/main/java/xiaocaoawa/minecraft/mod/cobblebattle/battle/MirrorFactory.java","178","LOCAL_VARIABLE","buildOrThrow(com.google.gson.JsonObject,java.lang.String)","myTeam","myRoster","待验证"
"src/main/java/xiaocaoawa/minecraft/mod/cobblebattle/battle/MirrorFactory.java","184","LOCAL_VARIABLE","buildOrThrow(com.google.gson.JsonObject,java.lang.String)","localActor","localActor","待命名"
"src/main/java/xiaocaoawa/minecraft/mod/cobblebattle/battle/MirrorFactory.java","185","LOCAL_VARIABLE","buildOrThrow(com.google.gson.JsonObject,java.lang.String)","server","server","待命名"
"src/main/java/xiaocaoawa/minecraft/mod/cobblebattle/battle/MirrorFactory.java","186","LOCAL_VARIABLE","buildOrThrow(com.google.gson.JsonObject,java.lang.String)","localPlayer","localParticipant","待验证"
"src/main/java/xiaocaoawa/minecraft/mod/cobblebattle/battle/MirrorFactory.java","187","LOCAL_VARIABLE","buildOrThrow(com.google.gson.JsonObject,java.lang.String)","npc","npc","待命名"
"src/main/java/xiaocaoawa/minecraft/mod/cobblebattle/battle/MirrorFactory.java","188","LOCAL_VARIABLE","buildOrThrow(com.google.gson.JsonObject,java.lang.String)","remoteActor","remoteActor","待命名"
"src/main/java/xiaocaoawa/minecraft/mod/cobblebattle/battle/MirrorFactory.java","191","LOCAL_VARIABLE","buildOrThrow(com.google.gson.JsonObject,java.lang.String)","iAmP1","iAmP1","待命名"
"src/main/java/xiaocaoawa/minecraft/mod/cobblebattle/battle/MirrorFactory.java","192","LOCAL_VARIABLE","buildOrThrow(com.google.gson.JsonObject,java.lang.String)","side1","side1","待命名"
"src/main/java/xiaocaoawa/minecraft/mod/cobblebattle/battle/MirrorFactory.java","193","LOCAL_VARIABLE","buildOrThrow(com.google.gson.JsonObject,java.lang.String)","side2","side2","待命名"
"src/main/java/xiaocaoawa/minecraft/mod/cobblebattle/battle/MirrorFactory.java","194","LOCAL_VARIABLE","buildOrThrow(com.google.gson.JsonObject,java.lang.String)","format","format","待命名"
"src/main/java/xiaocaoawa/minecraft/mod/cobblebattle/battle/MirrorFactory.java","195","LOCAL_VARIABLE","buildOrThrow(com.google.gson.JsonObject,java.lang.String)","mirror","mirror","待命名"
"src/main/java/xiaocaoawa/minecraft/mod/cobblebattle/battle/MirrorFactory.java","206","EXCEPTION_PARAMETER","buildOrThrow(com.google.gson.JsonObject,java.lang.String)","var35","failure","待验证"
"src/main/java/xiaocaoawa/minecraft/mod/cobblebattle/battle/MirrorFactory.java","220","LOCAL_VARIABLE","buildOrThrow(com.google.gson.JsonObject,java.lang.String)","localBattleId","localBattleId","待命名"
"src/main/java/xiaocaoawa/minecraft/mod/cobblebattle/battle/MirrorFactory.java","228","LOCAL_VARIABLE","buildOrThrow(com.google.gson.JsonObject,java.lang.String)","localBattle","localBattle","待命名"
"src/main/java/xiaocaoawa/minecraft/mod/cobblebattle/battle/MirrorFactory.java","234","LOCAL_VARIABLE","buildOrThrow(com.google.gson.JsonObject,java.lang.String)","info","battleDetails","待验证"
"src/main/java/xiaocaoawa/minecraft/mod/cobblebattle/battle/MirrorFactory.java","250","LOCAL_VARIABLE","buildOrThrow(com.google.gson.JsonObject,java.lang.String)","ack","ack","待命名"
"src/main/java/xiaocaoawa/minecraft/mod/cobblebattle/battle/MirrorFactory.java","269","METHOD","xiaocaoawa.minecraft.mod.cobblebattle.battle.MirrorFactory","buildLocalPair","buildLocalPair","待命名"
"src/main/java/xiaocaoawa/minecraft/mod/cobblebattle/battle/MirrorFactory.java","270","PARAMETER","buildLocalPair(com.google.gson.JsonObject,java.lang.String,java.lang.String,java.util.UUID,java.lang.String,java.util.UUID,java.lang.String,boolean)","message","document","待验证"
"src/main/java/xiaocaoawa/minecraft/mod/cobblebattle/battle/MirrorFactory.java","271","PARAMETER","buildLocalPair(com.google.gson.JsonObject,java.lang.String,java.lang.String,java.util.UUID,java.lang.String,java.util.UUID,java.lang.String,boolean)","remoteBattleId","remoteBattleId","待命名"
"src/main/java/xiaocaoawa/minecraft/mod/cobblebattle/battle/MirrorFactory.java","272","PARAMETER","buildLocalPair(com.google.gson.JsonObject,java.lang.String,java.lang.String,java.util.UUID,java.lang.String,java.util.UUID,java.lang.String,boolean)","mySeat","mySeat","待命名"
"src/main/java/xiaocaoawa/minecraft/mod/cobblebattle/battle/MirrorFactory.java","273","PARAMETER","buildLocalPair(com.google.gson.JsonObject,java.lang.String,java.lang.String,java.util.UUID,java.lang.String,java.util.UUID,java.lang.String,boolean)","myPlayerUuid","myParticipantUuid","待验证"
"src/main/java/xiaocaoawa/minecraft/mod/cobblebattle/battle/MirrorFactory.java","274","PARAMETER","buildLocalPair(com.google.gson.JsonObject,java.lang.String,java.lang.String,java.util.UUID,java.lang.String,java.util.UUID,java.lang.String,boolean)","opponentSeatId","opponentSeatId","待命名"
"src/main/java/xiaocaoawa/minecraft/mod/cobblebattle/battle/MirrorFactory.java","275","PARAMETER","buildLocalPair(com.google.gson.JsonObject,java.lang.String,java.lang.String,java.util.UUID,java.lang.String,java.util.UUID,java.lang.String,boolean)","opponentUuid","opponentUuid","待命名"
"src/main/java/xiaocaoawa/minecraft/mod/cobblebattle/battle/MirrorFactory.java","276","PARAMETER","buildLocalPair(com.google.gson.JsonObject,java.lang.String,java.lang.String,java.util.UUID,java.lang.String,java.util.UUID,java.lang.String,boolean)","opponentName","opponentName","待命名"
"src/main/java/xiaocaoawa/minecraft/mod/cobblebattle/battle/MirrorFactory.java","277","PARAMETER","buildLocalPair(com.google.gson.JsonObject,java.lang.String,java.lang.String,java.util.UUID,java.lang.String,java.util.UUID,java.lang.String,boolean)","authoritative","sourceOfTruth","待验证"
"src/main/java/xiaocaoawa/minecraft/mod/cobblebattle/battle/MirrorFactory.java","279","LOCAL_VARIABLE","buildLocalPair(com.google.gson.JsonObject,java.lang.String,java.lang.String,java.util.UUID,java.lang.String,java.util.UUID,java.lang.String,boolean)","queue","queue","待命名"
"src/main/java/xiaocaoawa/minecraft/mod/cobblebattle/battle/MirrorFactory.java","280","LOCAL_VARIABLE","buildLocalPair(com.google.gson.JsonObject,java.lang.String,java.lang.String,java.util.UUID,java.lang.String,java.util.UUID,java.lang.String,boolean)","mine","mine","待命名"
"src/main/java/xiaocaoawa/minecraft/mod/cobblebattle/battle/MirrorFactory.java","281","LOCAL_VARIABLE","buildLocalPair(com.google.gson.JsonObject,java.lang.String,java.lang.String,java.util.UUID,java.lang.String,java.util.UUID,java.lang.String,boolean)","theirs","theirs","待命名"
"src/main/java/xiaocaoawa/minecraft/mod/cobblebattle/battle/MirrorFactory.java","283","LOCAL_VARIABLE","buildLocalPair(com.google.gson.JsonObject,java.lang.String,java.lang.String,java.util.UUID,java.lang.String,java.util.UUID,java.lang.String,boolean)","myTeam","myRoster","待验证"
"src/main/java/xiaocaoawa/minecraft/mod/cobblebattle/battle/MirrorFactory.java","284","LOCAL_VARIABLE","buildLocalPair(com.google.gson.JsonObject,java.lang.String,java.lang.String,java.util.UUID,java.lang.String,java.util.UUID,java.lang.String,boolean)","theirTeam","theirRoster","待验证"
"src/main/java/xiaocaoawa/minecraft/mod/cobblebattle/battle/MirrorFactory.java","286","LOCAL_VARIABLE","buildLocalPair(com.google.gson.JsonObject,java.lang.String,java.lang.String,java.util.UUID,java.lang.String,java.util.UUID,java.lang.String,boolean)","server","server","待命名"
"src/main/java/xiaocaoawa/minecraft/mod/cobblebattle/battle/MirrorFactory.java","287","LOCAL_VARIABLE","buildLocalPair(com.google.gson.JsonObject,java.lang.String,java.lang.String,java.util.UUID,java.lang.String,java.util.UUID,java.lang.String,boolean)","me","me","待命名"
"src/main/java/xiaocaoawa/minecraft/mod/cobblebattle/battle/MirrorFactory.java","288","LOCAL_VARIABLE","buildLocalPair(com.google.gson.JsonObject,java.lang.String,java.lang.String,java.util.UUID,java.lang.String,java.util.UUID,java.lang.String,boolean)","them","them","待命名"
"src/main/java/xiaocaoawa/minecraft/mod/cobblebattle/battle/MirrorFactory.java","289","LOCAL_VARIABLE","buildLocalPair(com.google.gson.JsonObject,java.lang.String,java.lang.String,java.util.UUID,java.lang.String,java.util.UUID,java.lang.String,boolean)","myName","myName","待命名"
"src/main/java/xiaocaoawa/minecraft/mod/cobblebattle/battle/MirrorFactory.java","290","LOCAL_VARIABLE","buildLocalPair(com.google.gson.JsonObject,java.lang.String,java.lang.String,java.util.UUID,java.lang.String,java.util.UUID,java.lang.String,boolean)","myActor","myActor","待命名"
"src/main/java/xiaocaoawa/minecraft/mod/cobblebattle/battle/MirrorFactory.java","291","LOCAL_VARIABLE","buildLocalPair(com.google.gson.JsonObject,java.lang.String,java.lang.String,java.util.UUID,java.lang.String,java.util.UUID,java.lang.String,boolean)","theirActor","theirActor","待命名"
"src/main/java/xiaocaoawa/minecraft/mod/cobblebattle/battle/MirrorFactory.java","292","LOCAL_VARIABLE","buildLocalPair(com.google.gson.JsonObject,java.lang.String,java.lang.String,java.util.UUID,java.lang.String,java.util.UUID,java.lang.String,boolean)","iAmP1","iAmP1","待命名"
"src/main/java/xiaocaoawa/minecraft/mod/cobblebattle/battle/MirrorFactory.java","293","LOCAL_VARIABLE","buildLocalPair(com.google.gson.JsonObject,java.lang.String,java.lang.String,java.util.UUID,java.lang.String,java.util.UUID,java.lang.String,boolean)","side1","side1","待命名"
"src/main/java/xiaocaoawa/minecraft/mod/cobblebattle/battle/MirrorFactory.java","294","LOCAL_VARIABLE","buildLocalPair(com.google.gson.JsonObject,java.lang.String,java.lang.String,java.util.UUID,java.lang.String,java.util.UUID,java.lang.String,boolean)","side2","side2","待命名"
"src/main/java/xiaocaoawa/minecraft/mod/cobblebattle/battle/MirrorFactory.java","295","LOCAL_VARIABLE","buildLocalPair(com.google.gson.JsonObject,java.lang.String,java.lang.String,java.util.UUID,java.lang.String,java.util.UUID,java.lang.String,boolean)","format","format","待命名"
"src/main/java/xiaocaoawa/minecraft/mod/cobblebattle/battle/MirrorFactory.java","296","LOCAL_VARIABLE","buildLocalPair(com.google.gson.JsonObject,java.lang.String,java.lang.String,java.util.UUID,java.lang.String,java.util.UUID,java.lang.String,boolean)","here","here","待命名"
"src/main/java/xiaocaoawa/minecraft/mod/cobblebattle/battle/MirrorFactory.java","297","LOCAL_VARIABLE","buildLocalPair(com.google.gson.JsonObject,java.lang.String,java.lang.String,java.util.UUID,java.lang.String,java.util.UUID,java.lang.String,boolean)","mirror","mirror","待命名"
"src/main/java/xiaocaoawa/minecraft/mod/cobblebattle/battle/MirrorFactory.java","306","EXCEPTION_PARAMETER","buildLocalPair(com.google.gson.JsonObject,java.lang.String,java.lang.String,java.util.UUID,java.lang.String,java.util.UUID,java.lang.String,boolean)","var35","failure","待验证"
"src/main/java/xiaocaoawa/minecraft/mod/cobblebattle/battle/MirrorFactory.java","310","LOCAL_VARIABLE","buildLocalPair(com.google.gson.JsonObject,java.lang.String,java.lang.String,java.util.UUID,java.lang.String,java.util.UUID,java.lang.String,boolean)","who","who","待命名"
"src/main/java/xiaocaoawa/minecraft/mod/cobblebattle/battle/MirrorFactory.java","322","LOCAL_VARIABLE","buildLocalPair(com.google.gson.JsonObject,java.lang.String,java.lang.String,java.util.UUID,java.lang.String,java.util.UUID,java.lang.String,boolean)","localBattleId","localBattleId","待命名"
"src/main/java/xiaocaoawa/minecraft/mod/cobblebattle/battle/MirrorFactory.java","329","LOCAL_VARIABLE","buildLocalPair(com.google.gson.JsonObject,java.lang.String,java.lang.String,java.util.UUID,java.lang.String,java.util.UUID,java.lang.String,boolean)","ranked","ranked","待命名"
"src/main/java/xiaocaoawa/minecraft/mod/cobblebattle/battle/MirrorFactory.java","330","LOCAL_VARIABLE","buildLocalPair(com.google.gson.JsonObject,java.lang.String,java.lang.String,java.util.UUID,java.lang.String,java.util.UUID,java.lang.String,boolean)","rankedName","rankedName","待命名"
"src/main/java/xiaocaoawa/minecraft/mod/cobblebattle/battle/MirrorFactory.java","331","LOCAL_VARIABLE","buildLocalPair(com.google.gson.JsonObject,java.lang.String,java.lang.String,java.util.UUID,java.lang.String,java.util.UUID,java.lang.String,boolean)","casual","casual","待命名"
"src/main/java/xiaocaoawa/minecraft/mod/cobblebattle/battle/MirrorFactory.java","332","LOCAL_VARIABLE","buildLocalPair(com.google.gson.JsonObject,java.lang.String,java.lang.String,java.util.UUID,java.lang.String,java.util.UUID,java.lang.String,boolean)","myInfo","myBattleDetails","待验证"
"src/main/java/xiaocaoawa/minecraft/mod/cobblebattle/battle/MirrorFactory.java","333","LOCAL_VARIABLE","buildLocalPair(com.google.gson.JsonObject,java.lang.String,java.lang.String,java.util.UUID,java.lang.String,java.util.UUID,java.lang.String,boolean)","theirInfo","theirBattleDetails","待验证"
"src/main/java/xiaocaoawa/minecraft/mod/cobblebattle/battle/MirrorFactory.java","346","LOCAL_VARIABLE","buildLocalPair(com.google.gson.JsonObject,java.lang.String,java.lang.String,java.util.UUID,java.lang.String,java.util.UUID,java.lang.String,boolean)","ack","ack","待命名"
"src/main/java/xiaocaoawa/minecraft/mod/cobblebattle/battle/MirrorFactory.java","352","LOCAL_VARIABLE","buildLocalPair(com.google.gson.JsonObject,java.lang.String,java.lang.String,java.util.UUID,java.lang.String,java.util.UUID,java.lang.String,boolean)","who","who","待命名"
"src/main/java/xiaocaoawa/minecraft/mod/cobblebattle/battle/MirrorFactory.java","361","LOCAL_VARIABLE","buildLocalPair(com.google.gson.JsonObject,java.lang.String,java.lang.String,java.util.UUID,java.lang.String,java.util.UUID,java.lang.String,boolean)","who","who","待命名"
"src/main/java/xiaocaoawa/minecraft/mod/cobblebattle/battle/MirrorFactory.java","373","LOCAL_VARIABLE","buildLocalPair(com.google.gson.JsonObject,java.lang.String,java.lang.String,java.util.UUID,java.lang.String,java.util.UUID,java.lang.String,boolean)","who","who","待命名"
"src/main/java/xiaocaoawa/minecraft/mod/cobblebattle/battle/MirrorNpc.java","30","FIELD","xiaocaoawa.minecraft.mod.cobblebattle.battle.MirrorNpc","LOGGER","LOGGER","待命名"
"src/main/java/xiaocaoawa/minecraft/mod/cobblebattle/battle/MirrorNpc.java","31","FIELD","xiaocaoawa.minecraft.mod.cobblebattle.battle.MirrorNpc","DISTANCE","DISTANCE","待命名"
"src/main/java/xiaocaoawa/minecraft/mod/cobblebattle/battle/MirrorNpc.java","32","FIELD","xiaocaoawa.minecraft.mod.cobblebattle.battle.MirrorNpc","LIVE","LIVE","待命名"
"src/main/java/xiaocaoawa/minecraft/mod/cobblebattle/battle/MirrorNpc.java","33","FIELD","xiaocaoawa.minecraft.mod.cobblebattle.battle.MirrorNpc","MIRROR_CLASS","MIRROR_CLASS","待命名"
"src/main/java/xiaocaoawa/minecraft/mod/cobblebattle/battle/MirrorNpc.java","34","FIELD","xiaocaoawa.minecraft.mod.cobblebattle.battle.MirrorNpc","STAGE_DISTANCE","STAGE_DISTANCE","待命名"
"src/main/java/xiaocaoawa/minecraft/mod/cobblebattle/battle/MirrorNpc.java","35","FIELD","xiaocaoawa.minecraft.mod.cobblebattle.battle.MirrorNpc","STAGE_WIDTH","STAGE_WIDTH","待命名"
"src/main/java/xiaocaoawa/minecraft/mod/cobblebattle/battle/MirrorNpc.java","36","FIELD","xiaocaoawa.minecraft.mod.cobblebattle.battle.MirrorNpc","NO_SKIN","NO_SKIN","待命名"
"src/main/java/xiaocaoawa/minecraft/mod/cobblebattle/battle/MirrorNpc.java","37","FIELD","xiaocaoawa.minecraft.mod.cobblebattle.battle.MirrorNpc","SKINS","SKINS","待命名"
"src/main/java/xiaocaoawa/minecraft/mod/cobblebattle/battle/MirrorNpc.java","38","FIELD","xiaocaoawa.minecraft.mod.cobblebattle.battle.MirrorNpc","SKIN_LOOKUP","SKIN_LOOKUP","待命名"
"src/main/java/xiaocaoawa/minecraft/mod/cobblebattle/battle/MirrorNpc.java","38","PARAMETER","<clinit>()","runnable","runnable","待命名"
"src/main/java/xiaocaoawa/minecraft/mod/cobblebattle/battle/MirrorNpc.java","39","LOCAL_VARIABLE","<clinit>()","thread","thread","待命名"
"src/main/java/xiaocaoawa/minecraft/mod/cobblebattle/battle/MirrorNpc.java","47","PARAMETER","isOrphan(net.minecraft.world.entity.Entity)","entity","entity","待命名"
"src/main/java/xiaocaoawa/minecraft/mod/cobblebattle/battle/MirrorNpc.java","48","BINDING_VARIABLE","isOrphan(net.minecraft.world.entity.Entity)","npc","npc","待命名"
"src/main/java/xiaocaoawa/minecraft/mod/cobblebattle/battle/MirrorNpc.java","51","LOCAL_VARIABLE","isOrphan(net.minecraft.world.entity.Entity)","npcClass","npcClass","待命名"
"src/main/java/xiaocaoawa/minecraft/mod/cobblebattle/battle/MirrorNpc.java","56","METHOD","xiaocaoawa.minecraft.mod.cobblebattle.battle.MirrorNpc","mirrorClass","mirrorClass","待命名"
"src/main/java/xiaocaoawa/minecraft/mod/cobblebattle/battle/MirrorNpc.java","60","PARAMETER","spawn(net.minecraft.server.level.ServerPlayer,java.lang.String)","viewer","viewer","待命名"
"src/main/java/xiaocaoawa/minecraft/mod/cobblebattle/battle/MirrorNpc.java","60","PARAMETER","spawn(net.minecraft.server.level.ServerPlayer,java.lang.String)","opponentName","opponentName","待命名"
"src/main/java/xiaocaoawa/minecraft/mod/cobblebattle/battle/MirrorNpc.java","61","LOCAL_VARIABLE","spawn(net.minecraft.server.level.ServerPlayer,java.lang.String)","yaw","yaw","待命名"
"src/main/java/xiaocaoawa/minecraft/mod/cobblebattle/battle/MirrorNpc.java","62","LOCAL_VARIABLE","spawn(net.minecraft.server.level.ServerPlayer,java.lang.String)","forward","forward","待命名"
"src/main/java/xiaocaoawa/minecraft/mod/cobblebattle/battle/MirrorNpc.java","63","LOCAL_VARIABLE","spawn(net.minecraft.server.level.ServerPlayer,java.lang.String)","spot","spot","待命名"
"src/main/java/xiaocaoawa/minecraft/mod/cobblebattle/battle/MirrorNpc.java","67","PARAMETER","spawnPair(net.minecraft.server.level.ServerPlayer,java.lang.String,java.lang.String)","viewer","viewer","待命名"
"src/main/java/xiaocaoawa/minecraft/mod/cobblebattle/battle/MirrorNpc.java","67","PARAMETER","spawnPair(net.minecraft.server.level.ServerPlayer,java.lang.String,java.lang.String)","firstName","firstName","待命名"
"src/main/java/xiaocaoawa/minecraft/mod/cobblebattle/battle/MirrorNpc.java","67","PARAMETER","spawnPair(net.minecraft.server.level.ServerPlayer,java.lang.String,java.lang.String)","secondName","secondName","待命名"
"src/main/java/xiaocaoawa/minecraft/mod/cobblebattle/battle/MirrorNpc.java","68","LOCAL_VARIABLE","spawnPair(net.minecraft.server.level.ServerPlayer,java.lang.String,java.lang.String)","yaw","yaw","待命名"
"src/main/java/xiaocaoawa/minecraft/mod/cobblebattle/battle/MirrorNpc.java","69","LOCAL_VARIABLE","spawnPair(net.minecraft.server.level.ServerPlayer,java.lang.String,java.lang.String)","forward","forward","待命名"
"src/main/java/xiaocaoawa/minecraft/mod/cobblebattle/battle/MirrorNpc.java","70","LOCAL_VARIABLE","spawnPair(net.minecraft.server.level.ServerPlayer,java.lang.String,java.lang.String)","right","right","待命名"
"src/main/java/xiaocaoawa/minecraft/mod/cobblebattle/battle/MirrorNpc.java","71","LOCAL_VARIABLE","spawnPair(net.minecraft.server.level.ServerPlayer,java.lang.String,java.lang.String)","centre","centre","待命名"
"src/main/java/xiaocaoawa/minecraft/mod/cobblebattle/battle/MirrorNpc.java","72","LOCAL_VARIABLE","spawnPair(net.minecraft.server.level.ServerPlayer,java.lang.String,java.lang.String)","leftSpot","leftSpot","待命名"
"src/main/java/xiaocaoawa/minecraft/mod/cobblebattle/battle/MirrorNpc.java","73","LOCAL_VARIABLE","spawnPair(net.minecraft.server.level.ServerPlayer,java.lang.String,java.lang.String)","rightSpot","rightSpot","待命名"
"src/main/java/xiaocaoawa/minecraft/mod/cobblebattle/battle/MirrorNpc.java","77","METHOD","xiaocaoawa.minecraft.mod.cobblebattle.battle.MirrorNpc","spawnAt","spawnAt","待命名"
"src/main/java/xiaocaoawa/minecraft/mod/cobblebattle/battle/MirrorNpc.java","77","PARAMETER","spawnAt(net.minecraft.server.level.ServerPlayer,net.minecraft.world.phys.Vec3,float,java.lang.String)","viewer","viewer","待命名"
"src/main/java/xiaocaoawa/minecraft/mod/cobblebattle/battle/MirrorNpc.java","77","PARAMETER","spawnAt(net.minecraft.server.level.ServerPlayer,net.minecraft.world.phys.Vec3,float,java.lang.String)","spot","spot","待命名"
"src/main/java/xiaocaoawa/minecraft/mod/cobblebattle/battle/MirrorNpc.java","77","PARAMETER","spawnAt(net.minecraft.server.level.ServerPlayer,net.minecraft.world.phys.Vec3,float,java.lang.String)","yaw","yaw","待命名"
"src/main/java/xiaocaoawa/minecraft/mod/cobblebattle/battle/MirrorNpc.java","77","PARAMETER","spawnAt(net.minecraft.server.level.ServerPlayer,net.minecraft.world.phys.Vec3,float,java.lang.String)","opponentName","opponentName","待命名"
"src/main/java/xiaocaoawa/minecraft/mod/cobblebattle/battle/MirrorNpc.java","79","LOCAL_VARIABLE","spawnAt(net.minecraft.server.level.ServerPlayer,net.minecraft.world.phys.Vec3,float,java.lang.String)","level","level","待命名"
"src/main/java/xiaocaoawa/minecraft/mod/cobblebattle/battle/MirrorNpc.java","80","LOCAL_VARIABLE","spawnAt(net.minecraft.server.level.ServerPlayer,net.minecraft.world.phys.Vec3,float,java.lang.String)","npcClass","npcClass","待命名"
"src/main/java/xiaocaoawa/minecraft/mod/cobblebattle/battle/MirrorNpc.java","85","LOCAL_VARIABLE","spawnAt(net.minecraft.server.level.ServerPlayer,net.minecraft.world.phys.Vec3,float,java.lang.String)","npc","npc","待命名"
"src/main/java/xiaocaoawa/minecraft/mod/cobblebattle/battle/MirrorNpc.java","106","EXCEPTION_PARAMETER","spawnAt(net.minecraft.server.level.ServerPlayer,net.minecraft.world.phys.Vec3,float,java.lang.String)","var7","failure","待验证"
"src/main/java/xiaocaoawa/minecraft/mod/cobblebattle/battle/MirrorNpc.java","112","METHOD","xiaocaoawa.minecraft.mod.cobblebattle.battle.MirrorNpc","applySkin","applySkin","待命名"
"src/main/java/xiaocaoawa/minecraft/mod/cobblebattle/battle/MirrorNpc.java","112","PARAMETER","applySkin(net.minecraft.server.MinecraftServer,com.cobblemon.mod.common.entity.npc.NPCEntity,java.lang.String)","server","server","待命名"
"src/main/java/xiaocaoawa/minecraft/mod/cobblebattle/battle/MirrorNpc.java","112","PARAMETER","applySkin(net.minecraft.server.MinecraftServer,com.cobblemon.mod.common.entity.npc.NPCEntity,java.lang.String)","npc","npc","待命名"
"src/main/java/xiaocaoawa/minecraft/mod/cobblebattle/battle/MirrorNpc.java","112","PARAMETER","applySkin(net.minecraft.server.MinecraftServer,com.cobblemon.mod.common.entity.npc.NPCEntity,java.lang.String)","displayName","displayName","待命名"
"src/main/java/xiaocaoawa/minecraft/mod/cobblebattle/battle/MirrorNpc.java","114","LOCAL_VARIABLE","applySkin(net.minecraft.server.MinecraftServer,com.cobblemon.mod.common.entity.npc.NPCEntity,java.lang.String)","hash","hash","待命名"
"src/main/java/xiaocaoawa/minecraft/mod/cobblebattle/battle/MirrorNpc.java","115","LOCAL_VARIABLE","applySkin(net.minecraft.server.MinecraftServer,com.cobblemon.mod.common.entity.npc.NPCEntity,java.lang.String)","name","name","待命名"
"src/main/java/xiaocaoawa/minecraft/mod/cobblebattle/battle/MirrorNpc.java","117","LOCAL_VARIABLE","applySkin(net.minecraft.server.MinecraftServer,com.cobblemon.mod.common.entity.npc.NPCEntity,java.lang.String)","known","known","待命名"
"src/main/java/xiaocaoawa/minecraft/mod/cobblebattle/battle/MirrorNpc.java","122","LOCAL_VARIABLE","applySkin(net.minecraft.server.MinecraftServer,com.cobblemon.mod.common.entity.npc.NPCEntity,java.lang.String)","found","found","待命名"
"src/main/java/xiaocaoawa/minecraft/mod/cobblebattle/battle/MirrorNpc.java","137","METHOD","xiaocaoawa.minecraft.mod.cobblebattle.battle.MirrorNpc","lookUpSkin","lookUpSkin","待命名"
"src/main/java/xiaocaoawa/minecraft/mod/cobblebattle/battle/MirrorNpc.java","137","PARAMETER","lookUpSkin(net.minecraft.server.MinecraftServer,java.lang.String)","server","server","待命名"
"src/main/java/xiaocaoawa/minecraft/mod/cobblebattle/battle/MirrorNpc.java","137","PARAMETER","lookUpSkin(net.minecraft.server.MinecraftServer,java.lang.String)","name","name","待命名"
"src/main/java/xiaocaoawa/minecraft/mod/cobblebattle/battle/MirrorNpc.java","139","LOCAL_VARIABLE","lookUpSkin(net.minecraft.server.MinecraftServer,java.lang.String)","found","found","待命名"
"src/main/java/xiaocaoawa/minecraft/mod/cobblebattle/battle/MirrorNpc.java","141","PARAMETER","onProfileLookupSucceeded(com.mojang.authlib.GameProfile)","profile","profile","待命名"
"src/main/java/xiaocaoawa/minecraft/mod/cobblebattle/battle/MirrorNpc.java","145","PARAMETER","onProfileLookupFailed(java.lang.String,java.lang.Exception)","profileName","profileName","待命名"
"src/main/java/xiaocaoawa/minecraft/mod/cobblebattle/battle/MirrorNpc.java","145","PARAMETER","onProfileLookupFailed(java.lang.String,java.lang.Exception)","e","e","待命名"
"src/main/java/xiaocaoawa/minecraft/mod/cobblebattle/battle/MirrorNpc.java","151","LOCAL_VARIABLE","lookUpSkin(net.minecraft.server.MinecraftServer,java.lang.String)","result","result","待命名"
"src/main/java/xiaocaoawa/minecraft/mod/cobblebattle/battle/MirrorNpc.java","155","LOCAL_VARIABLE","lookUpSkin(net.minecraft.server.MinecraftServer,java.lang.String)","skin","skin","待命名"
"src/main/java/xiaocaoawa/minecraft/mod/cobblebattle/battle/MirrorNpc.java","157","LOCAL_VARIABLE","lookUpSkin(net.minecraft.server.MinecraftServer,java.lang.String)","model","model","待命名"
"src/main/java/xiaocaoawa/minecraft/mod/cobblebattle/battle/MirrorNpc.java","164","EXCEPTION_PARAMETER","lookUpSkin(net.minecraft.server.MinecraftServer,java.lang.String)","var6","failure","待验证"
"src/main/java/xiaocaoawa/minecraft/mod/cobblebattle/battle/MirrorNpc.java","170","PARAMETER","despawn(com.cobblemon.mod.common.entity.npc.NPCEntity)","npc","npc","待命名"
"src/main/java/xiaocaoawa/minecraft/mod/cobblebattle/battle/MirrorNpc.java","176","EXCEPTION_PARAMETER","despawn(com.cobblemon.mod.common.entity.npc.NPCEntity)","var2","failure","待验证"
"src/main/java/xiaocaoawa/minecraft/mod/cobblebattle/battle/MirrorNpc.java","184","PARAMETER","applyTo(com.cobblemon.mod.common.entity.npc.NPCEntity)","npc","npc","待命名"
"src/main/java/xiaocaoawa/minecraft/mod/cobblebattle/battle/MirrorNpc.java","188","EXCEPTION_PARAMETER","applyTo(com.cobblemon.mod.common.entity.npc.NPCEntity)","var3","failure","待验证"
"src/main/java/xiaocaoawa/minecraft/mod/cobblebattle/battle/MirrorPokemon.java","15","FIELD","xiaocaoawa.minecraft.mod.cobblebattle.battle.MirrorPokemon","LOGGER","LOGGER","待命名"
"src/main/java/xiaocaoawa/minecraft/mod/cobblebattle/battle/MirrorPokemon.java","16","FIELD","xiaocaoawa.minecraft.mod.cobblebattle.battle.MirrorPokemon","TAG","TAG","待命名"
"src/main/java/xiaocaoawa/minecraft/mod/cobblebattle/battle/MirrorPokemon.java","17","FIELD","xiaocaoawa.minecraft.mod.cobblebattle.battle.MirrorPokemon","LIVE","LIVE","待命名"
"src/main/java/xiaocaoawa/minecraft/mod/cobblebattle/battle/MirrorPokemon.java","22","METHOD","xiaocaoawa.minecraft.mod.cobblebattle.battle.MirrorPokemon","claim","claim","待命名"
"src/main/java/xiaocaoawa/minecraft/mod/cobblebattle/battle/MirrorPokemon.java","22","PARAMETER","claim(xiaocaoawa.minecraft.mod.cobblebattle.battle.MirrorBattle,java.util.List<com.cobblemon.mod.common.battles.pokemon.BattlePokemon>)","mirror","mirror","待命名"
"src/main/java/xiaocaoawa/minecraft/mod/cobblebattle/battle/MirrorPokemon.java","22","PARAMETER","claim(xiaocaoawa.minecraft.mod.cobblebattle.battle.MirrorBattle,java.util.List<com.cobblemon.mod.common.battles.pokemon.BattlePokemon>)","team","roster","待验证"
"src/main/java/xiaocaoawa/minecraft/mod/cobblebattle/battle/MirrorPokemon.java","23","LOCAL_VARIABLE","claim(xiaocaoawa.minecraft.mod.cobblebattle.battle.MirrorBattle,java.util.List<com.cobblemon.mod.common.battles.pokemon.BattlePokemon>)","battlePokemon","battleCreature","待验证"
"src/main/java/xiaocaoawa/minecraft/mod/cobblebattle/battle/MirrorPokemon.java","24","LOCAL_VARIABLE","claim(xiaocaoawa.minecraft.mod.cobblebattle.battle.MirrorBattle,java.util.List<com.cobblemon.mod.common.battles.pokemon.BattlePokemon>)","pokemon","creature","待验证"
"src/main/java/xiaocaoawa/minecraft/mod/cobblebattle/battle/MirrorPokemon.java","31","METHOD","xiaocaoawa.minecraft.mod.cobblebattle.battle.MirrorPokemon","release","release","待命名"
"src/main/java/xiaocaoawa/minecraft/mod/cobblebattle/battle/MirrorPokemon.java","31","PARAMETER","release(java.util.List<com.cobblemon.mod.common.battles.pokemon.BattlePokemon>)","team","roster","待验证"
"src/main/java/xiaocaoawa/minecraft/mod/cobblebattle/battle/MirrorPokemon.java","32","LOCAL_VARIABLE","release(java.util.List<com.cobblemon.mod.common.battles.pokemon.BattlePokemon>)","battlePokemon","battleCreature","待验证"
"src/main/java/xiaocaoawa/minecraft/mod/cobblebattle/battle/MirrorPokemon.java","33","LOCAL_VARIABLE","release(java.util.List<com.cobblemon.mod.common.battles.pokemon.BattlePokemon>)","pokemon","creature","待验证"
"src/main/java/xiaocaoawa/minecraft/mod/cobblebattle/battle/MirrorPokemon.java","40","PARAMETER","onEntityAdded(net.minecraft.world.entity.Entity)","entity","entity","待命名"
"src/main/java/xiaocaoawa/minecraft/mod/cobblebattle/battle/MirrorPokemon.java","41","BINDING_VARIABLE","onEntityAdded(net.minecraft.world.entity.Entity)","pokemonEntity","creatureEntity","待验证"
"src/main/java/xiaocaoawa/minecraft/mod/cobblebattle/battle/MirrorPokemon.java","42","LOCAL_VARIABLE","onEntityAdded(net.minecraft.world.entity.Entity)","pokemon","creature","待验证"
"src/main/java/xiaocaoawa/minecraft/mod/cobblebattle/battle/MirrorPokemon.java","43","LOCAL_VARIABLE","onEntityAdded(net.minecraft.world.entity.Entity)","mirror","mirror","待命名"
"src/main/java/xiaocaoawa/minecraft/mod/cobblebattle/battle/MirrorTeardown.java","16","FIELD","xiaocaoawa.minecraft.mod.cobblebattle.battle.MirrorTeardown","RECALL_GRACE_MS","RECALL_GRACE_MS","待命名"
"src/main/java/xiaocaoawa/minecraft/mod/cobblebattle/battle/MirrorTeardown.java","17","FIELD","xiaocaoawa.minecraft.mod.cobblebattle.battle.MirrorTeardown","service","service","待命名"
"src/main/java/xiaocaoawa/minecraft/mod/cobblebattle/battle/MirrorTeardown.java","19","PARAMETER","MirrorTeardown(xiaocaoawa.minecraft.mod.cobblebattle.battle.CrossServerBattleService)","service","service","待命名"
"src/main/java/xiaocaoawa/minecraft/mod/cobblebattle/battle/MirrorTeardown.java","23","METHOD","xiaocaoawa.minecraft.mod.cobblebattle.battle.MirrorTeardown","sweepEntities","sweepEntities","待命名"
"src/main/java/xiaocaoawa/minecraft/mod/cobblebattle/battle/MirrorTeardown.java","23","PARAMETER","sweepEntities(xiaocaoawa.minecraft.mod.cobblebattle.battle.MirrorBattle,long)","mirror","mirror","待命名"
"src/main/java/xiaocaoawa/minecraft/mod/cobblebattle/battle/MirrorTeardown.java","23","PARAMETER","sweepEntities(xiaocaoawa.minecraft.mod.cobblebattle.battle.MirrorBattle,long)","delayMs","delayMs","待命名"
"src/main/java/xiaocaoawa/minecraft/mod/cobblebattle/battle/MirrorTeardown.java","24","LOCAL_VARIABLE","sweepEntities(xiaocaoawa.minecraft.mod.cobblebattle.battle.MirrorBattle,long)","bodies","bodies","待命名"
"src/main/java/xiaocaoawa/minecraft/mod/cobblebattle/battle/MirrorTeardown.java","25","LOCAL_VARIABLE","sweepEntities(xiaocaoawa.minecraft.mod.cobblebattle.battle.MirrorBattle,long)","props","props","待命名"
"src/main/java/xiaocaoawa/minecraft/mod/cobblebattle/battle/MirrorTeardown.java","27","LOCAL_VARIABLE","sweepEntities(xiaocaoawa.minecraft.mod.cobblebattle.battle.MirrorBattle,long)","body","body","待命名"
"src/main/java/xiaocaoawa/minecraft/mod/cobblebattle/battle/MirrorTeardown.java","33","LOCAL_VARIABLE","sweepEntities(xiaocaoawa.minecraft.mod.cobblebattle.battle.MirrorBattle,long)","server","server","待命名"
"src/main/java/xiaocaoawa/minecraft/mod/cobblebattle/battle/MirrorTeardown.java","35","LOCAL_VARIABLE","sweepEntities(xiaocaoawa.minecraft.mod.cobblebattle.battle.MirrorBattle,long)","sweep","sweep","待命名"
"src/main/java/xiaocaoawa/minecraft/mod/cobblebattle/battle/MirrorTeardown.java","36","LOCAL_VARIABLE","sweepEntities(xiaocaoawa.minecraft.mod.cobblebattle.battle.MirrorBattle,long)","entity","entity","待命名"
"src/main/java/xiaocaoawa/minecraft/mod/cobblebattle/battle/MirrorTeardown.java","42","LOCAL_VARIABLE","sweepEntities(xiaocaoawa.minecraft.mod.cobblebattle.battle.MirrorBattle,long)","bodyx","bodyx","待命名"
"src/main/java/xiaocaoawa/minecraft/mod/cobblebattle/battle/MirrorTeardown.java","43","LOCAL_VARIABLE","sweepEntities(xiaocaoawa.minecraft.mod.cobblebattle.battle.MirrorBattle,long)","actor","actor","待命名"
"src/main/java/xiaocaoawa/minecraft/mod/cobblebattle/battle/MirrorTeardown.java","45","LOCAL_VARIABLE","sweepEntities(xiaocaoawa.minecraft.mod.cobblebattle.battle.MirrorBattle,long)","battlePokemon","battleCreature","待验证"
"src/main/java/xiaocaoawa/minecraft/mod/cobblebattle/battle/MirrorTeardown.java","46","LOCAL_VARIABLE","sweepEntities(xiaocaoawa.minecraft.mod.cobblebattle.battle.MirrorBattle,long)","entityx","entityx","待命名"
"src/main/java/xiaocaoawa/minecraft/mod/cobblebattle/battle/MirrorTeardown.java","65","METHOD","xiaocaoawa.minecraft.mod.cobblebattle.battle.MirrorTeardown","abort","abort","待命名"
"src/main/java/xiaocaoawa/minecraft/mod/cobblebattle/battle/MirrorTeardown.java","65","PARAMETER","abort(xiaocaoawa.minecraft.mod.cobblebattle.battle.MirrorBattle,net.minecraft.network.chat.Component)","mirror","mirror","待命名"
"src/main/java/xiaocaoawa/minecraft/mod/cobblebattle/battle/MirrorTeardown.java","65","PARAMETER","abort(xiaocaoawa.minecraft.mod.cobblebattle.battle.MirrorBattle,net.minecraft.network.chat.Component)","reason","reason","待命名"
"src/main/java/xiaocaoawa/minecraft/mod/cobblebattle/battle/MirrorTeardown.java","67","LOCAL_VARIABLE","abort(xiaocaoawa.minecraft.mod.cobblebattle.battle.MirrorBattle,net.minecraft.network.chat.Component)","localId","localId","待命名"
"src/main/java/xiaocaoawa/minecraft/mod/cobblebattle/battle/MirrorTeardown.java","70","LOCAL_VARIABLE","abort(xiaocaoawa.minecraft.mod.cobblebattle.battle.MirrorBattle,net.minecraft.network.chat.Component)","server","server","待命名"
"src/main/java/xiaocaoawa/minecraft/mod/cobblebattle/battle/MirrorTeardown.java","73","LOCAL_VARIABLE","abort(xiaocaoawa.minecraft.mod.cobblebattle.battle.MirrorBattle,net.minecraft.network.chat.Component)","battle","battle","待命名"
"src/main/java/xiaocaoawa/minecraft/mod/cobblebattle/battle/MirrorTeardown.java","75","LOCAL_VARIABLE","abort(xiaocaoawa.minecraft.mod.cobblebattle.battle.MirrorBattle,net.minecraft.network.chat.Component)","actor","actor","待命名"
"src/main/java/xiaocaoawa/minecraft/mod/cobblebattle/battle/MirrorTeardown.java","88","LOCAL_VARIABLE","abort(xiaocaoawa.minecraft.mod.cobblebattle.battle.MirrorBattle,net.minecraft.network.chat.Component)","seated","seated","待命名"
"src/main/java/xiaocaoawa/minecraft/mod/cobblebattle/battle/RemoteBattleActor.java","16","FIELD","xiaocaoawa.minecraft.mod.cobblebattle.battle.RemoteBattleActor","displayName","displayName","待命名"
"src/main/java/xiaocaoawa/minecraft/mod/cobblebattle/battle/RemoteBattleActor.java","17","FIELD","xiaocaoawa.minecraft.mod.cobblebattle.battle.RemoteBattleActor","originServerId","originServerId","待命名"
"src/main/java/xiaocaoawa/minecraft/mod/cobblebattle/battle/RemoteBattleActor.java","18","FIELD","xiaocaoawa.minecraft.mod.cobblebattle.battle.RemoteBattleActor","seat","seat","待命名"
"src/main/java/xiaocaoawa/minecraft/mod/cobblebattle/battle/RemoteBattleActor.java","20","PARAMETER","RemoteBattleActor(java.util.UUID,java.lang.String,java.lang.String,java.lang.String,java.util.List<com.cobblemon.mod.common.battles.pokemon.BattlePokemon>)","playerUuid","participantUuid","待验证"
"src/main/java/xiaocaoawa/minecraft/mod/cobblebattle/battle/RemoteBattleActor.java","20","PARAMETER","RemoteBattleActor(java.util.UUID,java.lang.String,java.lang.String,java.lang.String,java.util.List<com.cobblemon.mod.common.battles.pokemon.BattlePokemon>)","displayName","displayName","待命名"
"src/main/java/xiaocaoawa/minecraft/mod/cobblebattle/battle/RemoteBattleActor.java","20","PARAMETER","RemoteBattleActor(java.util.UUID,java.lang.String,java.lang.String,java.lang.String,java.util.List<com.cobblemon.mod.common.battles.pokemon.BattlePokemon>)","originServerId","originServerId","待命名"
"src/main/java/xiaocaoawa/minecraft/mod/cobblebattle/battle/RemoteBattleActor.java","20","PARAMETER","RemoteBattleActor(java.util.UUID,java.lang.String,java.lang.String,java.lang.String,java.util.List<com.cobblemon.mod.common.battles.pokemon.BattlePokemon>)","seat","seat","待命名"
"src/main/java/xiaocaoawa/minecraft/mod/cobblebattle/battle/RemoteBattleActor.java","20","PARAMETER","RemoteBattleActor(java.util.UUID,java.lang.String,java.lang.String,java.lang.String,java.util.List<com.cobblemon.mod.common.battles.pokemon.BattlePokemon>)","pokemon","creature","待验证"
"src/main/java/xiaocaoawa/minecraft/mod/cobblebattle/battle/RemoteBattleActor.java","43","PARAMETER","nameOwned(java.lang.String)","name","name","待命名"
"src/main/java/xiaocaoawa/minecraft/mod/cobblebattle/battle/RemoteBattleActor.java","47","PARAMETER","sendUpdate(com.cobblemon.mod.common.api.net.NetworkPacket<?>)","packet","packet","待命名"
"src/main/java/xiaocaoawa/minecraft/mod/cobblebattle/battle/RemoteBattleActor.java","50","PARAMETER","sendMessage(net.minecraft.network.chat.Component)","component","component","待命名"
"src/main/java/xiaocaoawa/minecraft/mod/cobblebattle/battle/RemoteBattleActor.java","53","PARAMETER","awardExperience(com.cobblemon.mod.common.battles.pokemon.BattlePokemon,int)","battlePokemon","battleCreature","待验证"
"src/main/java/xiaocaoawa/minecraft/mod/cobblebattle/battle/RemoteBattleActor.java","53","PARAMETER","awardExperience(com.cobblemon.mod.common.battles.pokemon.BattlePokemon,int)","experience","experience","待命名"
"src/main/java/xiaocaoawa/minecraft/mod/cobblebattle/battle/RemoteBattleActor.java","56","PARAMETER","win(java.util.List<? extends com.cobblemon.mod.common.api.battles.model.actor.BattleActor>,java.util.List<? extends com.cobblemon.mod.common.api.battles.model.actor.BattleActor>)","otherWinners","otherWinners","待命名"
"src/main/java/xiaocaoawa/minecraft/mod/cobblebattle/battle/RemoteBattleActor.java","56","PARAMETER","win(java.util.List<? extends com.cobblemon.mod.common.api.battles.model.actor.BattleActor>,java.util.List<? extends com.cobblemon.mod.common.api.battles.model.actor.BattleActor>)","losers","losers","待命名"
"src/main/java/xiaocaoawa/minecraft/mod/cobblebattle/battle/RemoteBattleActor.java","59","PARAMETER","lose(java.util.List<? extends com.cobblemon.mod.common.api.battles.model.actor.BattleActor>,java.util.List<? extends com.cobblemon.mod.common.api.battles.model.actor.BattleActor>)","winners","winners","待命名"
"src/main/java/xiaocaoawa/minecraft/mod/cobblebattle/battle/RemoteBattleActor.java","59","PARAMETER","lose(java.util.List<? extends com.cobblemon.mod.common.api.battles.model.actor.BattleActor>,java.util.List<? extends com.cobblemon.mod.common.api.battles.model.actor.BattleActor>)","otherLosers","otherLosers","待命名"
"src/main/java/xiaocaoawa/minecraft/mod/cobblebattle/battle/RemoteTeamCodec.java","34","FIELD","xiaocaoawa.minecraft.mod.cobblebattle.battle.RemoteTeamCodec","LOGGER","LOGGER","待命名"
"src/main/java/xiaocaoawa/minecraft/mod/cobblebattle/battle/RemoteTeamCodec.java","35","FIELD","xiaocaoawa.minecraft.mod.cobblebattle.battle.RemoteTeamCodec","STAT_ORDER","STAT_ORDER","待命名"
"src/main/java/xiaocaoawa/minecraft/mod/cobblebattle/battle/RemoteTeamCodec.java","36","FIELD","xiaocaoawa.minecraft.mod.cobblebattle.battle.RemoteTeamCodec","speciesByShowdownId","speciesTemplateByShowdownId","待验证"
"src/main/java/xiaocaoawa/minecraft/mod/cobblebattle/battle/RemoteTeamCodec.java","49","METHOD","xiaocaoawa.minecraft.mod.cobblebattle.battle.RemoteTeamCodec","speciesLookup","speciesTemplateLookup","待验证"
"src/main/java/xiaocaoawa/minecraft/mod/cobblebattle/battle/RemoteTeamCodec.java","50","LOCAL_VARIABLE","speciesLookup()","cached","cached","待命名"
"src/main/java/xiaocaoawa/minecraft/mod/cobblebattle/battle/RemoteTeamCodec.java","54","LOCAL_VARIABLE","speciesLookup()","built","built","待命名"
"src/main/java/xiaocaoawa/minecraft/mod/cobblebattle/battle/RemoteTeamCodec.java","56","LOCAL_VARIABLE","speciesLookup()","species","speciesTemplate","待验证"
"src/main/java/xiaocaoawa/minecraft/mod/cobblebattle/battle/RemoteTeamCodec.java","59","LOCAL_VARIABLE","speciesLookup()","form","form","待命名"
"src/main/java/xiaocaoawa/minecraft/mod/cobblebattle/battle/RemoteTeamCodec.java","70","PARAMETER","decode(java.lang.String)","packed","packed","待命名"
"src/main/java/xiaocaoawa/minecraft/mod/cobblebattle/battle/RemoteTeamCodec.java","71","LOCAL_VARIABLE","decode(java.lang.String)","team","roster","待验证"
"src/main/java/xiaocaoawa/minecraft/mod/cobblebattle/battle/RemoteTeamCodec.java","73","LOCAL_VARIABLE","decode(java.lang.String)","chunk","content","待验证"
"src/main/java/xiaocaoawa/minecraft/mod/cobblebattle/battle/RemoteTeamCodec.java","75","LOCAL_VARIABLE","decode(java.lang.String)","pokemon","creature","待验证"
"src/main/java/xiaocaoawa/minecraft/mod/cobblebattle/battle/RemoteTeamCodec.java","78","PARAMETER","decode(java.lang.String)","entity","entity","待命名"
"src/main/java/xiaocaoawa/minecraft/mod/cobblebattle/battle/RemoteTeamCodec.java","89","METHOD","xiaocaoawa.minecraft.mod.cobblebattle.battle.RemoteTeamCodec","markAsProp","markAsProp","待命名"
"src/main/java/xiaocaoawa/minecraft/mod/cobblebattle/battle/RemoteTeamCodec.java","89","PARAMETER","markAsProp(com.cobblemon.mod.common.pokemon.Pokemon)","pokemon","creature","待验证"
"src/main/java/xiaocaoawa/minecraft/mod/cobblebattle/battle/RemoteTeamCodec.java","93","EXCEPTION_PARAMETER","markAsProp(com.cobblemon.mod.common.pokemon.Pokemon)","var2","failure","待验证"
"src/main/java/xiaocaoawa/minecraft/mod/cobblebattle/battle/RemoteTeamCodec.java","98","METHOD","xiaocaoawa.minecraft.mod.cobblebattle.battle.RemoteTeamCodec","decodeOne","decodeOne","待命名"
"src/main/java/xiaocaoawa/minecraft/mod/cobblebattle/battle/RemoteTeamCodec.java","98","PARAMETER","decodeOne(java.lang.String,int)","chunk","content","待验证"
"src/main/java/xiaocaoawa/minecraft/mod/cobblebattle/battle/RemoteTeamCodec.java","98","PARAMETER","decodeOne(java.lang.String,int)","slot","slot","待命名"
"src/main/java/xiaocaoawa/minecraft/mod/cobblebattle/battle/RemoteTeamCodec.java","99","LOCAL_VARIABLE","decodeOne(java.lang.String,int)","f","f","待命名"
"src/main/java/xiaocaoawa/minecraft/mod/cobblebattle/battle/RemoteTeamCodec.java","104","LOCAL_VARIABLE","decodeOne(java.lang.String,int)","speciesId","speciesTemplateId","待验证"
"src/main/java/xiaocaoawa/minecraft/mod/cobblebattle/battle/RemoteTeamCodec.java","105","LOCAL_VARIABLE","decodeOne(java.lang.String,int)","lookup","lookup","待命名"
"src/main/java/xiaocaoawa/minecraft/mod/cobblebattle/battle/RemoteTeamCodec.java","110","LOCAL_VARIABLE","decodeOne(java.lang.String,int)","pokemon","creature","待验证"
"src/main/java/xiaocaoawa/minecraft/mod/cobblebattle/battle/RemoteTeamCodec.java","113","LOCAL_VARIABLE","decodeOne(java.lang.String,int)","uuid","uuid","待命名"
"src/main/java/xiaocaoawa/minecraft/mod/cobblebattle/battle/RemoteTeamCodec.java","122","LOCAL_VARIABLE","decodeOne(java.lang.String,int)","nature","nature","待命名"
"src/main/java/xiaocaoawa/minecraft/mod/cobblebattle/battle/RemoteTeamCodec.java","130","LOCAL_VARIABLE","decodeOne(java.lang.String,int)","ability","ability","待命名"
"src/main/java/xiaocaoawa/minecraft/mod/cobblebattle/battle/RemoteTeamCodec.java","136","LOCAL_VARIABLE","decodeOne(java.lang.String,int)","misc","misc","待命名"
"src/main/java/xiaocaoawa/minecraft/mod/cobblebattle/battle/RemoteTeamCodec.java","143","LOCAL_VARIABLE","decodeOne(java.lang.String,int)","tera","tera","待命名"
"src/main/java/xiaocaoawa/minecraft/mod/cobblebattle/battle/RemoteTeamCodec.java","150","LOCAL_VARIABLE","decodeOne(java.lang.String,int)","currentHp","currentHp","待命名"
"src/main/java/xiaocaoawa/minecraft/mod/cobblebattle/battle/RemoteTeamCodec.java","157","METHOD","xiaocaoawa.minecraft.mod.cobblebattle.battle.RemoteTeamCodec","optional","optional","待命名"
"src/main/java/xiaocaoawa/minecraft/mod/cobblebattle/battle/RemoteTeamCodec.java","157","PARAMETER","optional(int,java.lang.String,java.lang.Runnable)","slot","slot","待命名"
"src/main/java/xiaocaoawa/minecraft/mod/cobblebattle/battle/RemoteTeamCodec.java","157","PARAMETER","optional(int,java.lang.String,java.lang.Runnable)","what","what","待命名"
"src/main/java/xiaocaoawa/minecraft/mod/cobblebattle/battle/RemoteTeamCodec.java","157","PARAMETER","optional(int,java.lang.String,java.lang.Runnable)","apply","apply","待命名"
"src/main/java/xiaocaoawa/minecraft/mod/cobblebattle/battle/RemoteTeamCodec.java","160","EXCEPTION_PARAMETER","optional(int,java.lang.String,java.lang.Runnable)","var4","failure","待验证"
"src/main/java/xiaocaoawa/minecraft/mod/cobblebattle/battle/RemoteTeamCodec.java","165","METHOD","xiaocaoawa.minecraft.mod.cobblebattle.battle.RemoteTeamCodec","teraType","teraType","待命名"
"src/main/java/xiaocaoawa/minecraft/mod/cobblebattle/battle/RemoteTeamCodec.java","165","PARAMETER","teraType(java.lang.String)","raw","raw","待命名"
"src/main/java/xiaocaoawa/minecraft/mod/cobblebattle/battle/RemoteTeamCodec.java","166","LOCAL_VARIABLE","teraType(java.lang.String)","value","value","待命名"
"src/main/java/xiaocaoawa/minecraft/mod/cobblebattle/battle/RemoteTeamCodec.java","167","LOCAL_VARIABLE","teraType(java.lang.String)","byName","byName","待命名"
"src/main/java/xiaocaoawa/minecraft/mod/cobblebattle/battle/RemoteTeamCodec.java","173","EXCEPTION_PARAMETER","teraType(java.lang.String)","var4","failure","待验证"
"src/main/java/xiaocaoawa/minecraft/mod/cobblebattle/battle/RemoteTeamCodec.java","180","METHOD","xiaocaoawa.minecraft.mod.cobblebattle.battle.RemoteTeamCodec","applyStats","applyStats","待命名"
"src/main/java/xiaocaoawa/minecraft/mod/cobblebattle/battle/RemoteTeamCodec.java","180","PARAMETER","applyStats(com.cobblemon.mod.common.pokemon.Pokemon,java.lang.String,boolean,int)","pokemon","creature","待验证"
"src/main/java/xiaocaoawa/minecraft/mod/cobblebattle/battle/RemoteTeamCodec.java","180","PARAMETER","applyStats(com.cobblemon.mod.common.pokemon.Pokemon,java.lang.String,boolean,int)","csv","csv","待命名"
"src/main/java/xiaocaoawa/minecraft/mod/cobblebattle/battle/RemoteTeamCodec.java","180","PARAMETER","applyStats(com.cobblemon.mod.common.pokemon.Pokemon,java.lang.String,boolean,int)","ivs","ivs","待命名"
"src/main/java/xiaocaoawa/minecraft/mod/cobblebattle/battle/RemoteTeamCodec.java","180","PARAMETER","applyStats(com.cobblemon.mod.common.pokemon.Pokemon,java.lang.String,boolean,int)","slot","slot","待命名"
"src/main/java/xiaocaoawa/minecraft/mod/cobblebattle/battle/RemoteTeamCodec.java","182","LOCAL_VARIABLE","applyStats(com.cobblemon.mod.common.pokemon.Pokemon,java.lang.String,boolean,int)","parts","parts","待命名"
"src/main/java/xiaocaoawa/minecraft/mod/cobblebattle/battle/RemoteTeamCodec.java","186","LOCAL_VARIABLE","applyStats(com.cobblemon.mod.common.pokemon.Pokemon,java.lang.String,boolean,int)","i","i","待命名"
"src/main/java/xiaocaoawa/minecraft/mod/cobblebattle/battle/RemoteTeamCodec.java","187","LOCAL_VARIABLE","applyStats(com.cobblemon.mod.common.pokemon.Pokemon,java.lang.String,boolean,int)","value","value","待命名"
"src/main/java/xiaocaoawa/minecraft/mod/cobblebattle/battle/RemoteTeamCodec.java","198","METHOD","xiaocaoawa.minecraft.mod.cobblebattle.battle.RemoteTeamCodec","applyMoves","applyMoves","待命名"
"src/main/java/xiaocaoawa/minecraft/mod/cobblebattle/battle/RemoteTeamCodec.java","198","PARAMETER","applyMoves(com.cobblemon.mod.common.pokemon.Pokemon,java.lang.String,java.lang.String,int)","pokemon","creature","待验证"
"src/main/java/xiaocaoawa/minecraft/mod/cobblebattle/battle/RemoteTeamCodec.java","198","PARAMETER","applyMoves(com.cobblemon.mod.common.pokemon.Pokemon,java.lang.String,java.lang.String,int)","movesCsv","movesCsv","待命名"
"src/main/java/xiaocaoawa/minecraft/mod/cobblebattle/battle/RemoteTeamCodec.java","198","PARAMETER","applyMoves(com.cobblemon.mod.common.pokemon.Pokemon,java.lang.String,java.lang.String,int)","ppCsv","ppCsv","待命名"
"src/main/java/xiaocaoawa/minecraft/mod/cobblebattle/battle/RemoteTeamCodec.java","198","PARAMETER","applyMoves(com.cobblemon.mod.common.pokemon.Pokemon,java.lang.String,java.lang.String,int)","slot","slot","待命名"
"src/main/java/xiaocaoawa/minecraft/mod/cobblebattle/battle/RemoteTeamCodec.java","200","LOCAL_VARIABLE","applyMoves(com.cobblemon.mod.common.pokemon.Pokemon,java.lang.String,java.lang.String,int)","names","names","待命名"
"src/main/java/xiaocaoawa/minecraft/mod/cobblebattle/battle/RemoteTeamCodec.java","201","LOCAL_VARIABLE","applyMoves(com.cobblemon.mod.common.pokemon.Pokemon,java.lang.String,java.lang.String,int)","pps","pps","待命名"
"src/main/java/xiaocaoawa/minecraft/mod/cobblebattle/battle/RemoteTeamCodec.java","204","LOCAL_VARIABLE","applyMoves(com.cobblemon.mod.common.pokemon.Pokemon,java.lang.String,java.lang.String,int)","i","i","待命名"
"src/main/java/xiaocaoawa/minecraft/mod/cobblebattle/battle/RemoteTeamCodec.java","206","LOCAL_VARIABLE","applyMoves(com.cobblemon.mod.common.pokemon.Pokemon,java.lang.String,java.lang.String,int)","template","template","待命名"
"src/main/java/xiaocaoawa/minecraft/mod/cobblebattle/battle/RemoteTeamCodec.java","210","LOCAL_VARIABLE","applyMoves(com.cobblemon.mod.common.pokemon.Pokemon,java.lang.String,java.lang.String,int)","move","move","待命名"
"src/main/java/xiaocaoawa/minecraft/mod/cobblebattle/battle/RemoteTeamCodec.java","212","LOCAL_VARIABLE","applyMoves(com.cobblemon.mod.common.pokemon.Pokemon,java.lang.String,java.lang.String,int)","pair","pair","待命名"
"src/main/java/xiaocaoawa/minecraft/mod/cobblebattle/battle/RemoteTeamCodec.java","223","METHOD","xiaocaoawa.minecraft.mod.cobblebattle.battle.RemoteTeamCodec","parseGender","parseGender","待命名"
"src/main/java/xiaocaoawa/minecraft/mod/cobblebattle/battle/RemoteTeamCodec.java","223","PARAMETER","parseGender(java.lang.String)","raw","raw","待命名"
"src/main/java/xiaocaoawa/minecraft/mod/cobblebattle/battle/RemoteTeamCodec.java","231","METHOD","xiaocaoawa.minecraft.mod.cobblebattle.battle.RemoteTeamCodec","parseUuid","parseUuid","待命名"
"src/main/java/xiaocaoawa/minecraft/mod/cobblebattle/battle/RemoteTeamCodec.java","231","PARAMETER","parseUuid(java.lang.String)","raw","raw","待命名"
"src/main/java/xiaocaoawa/minecraft/mod/cobblebattle/battle/RemoteTeamCodec.java","234","EXCEPTION_PARAMETER","parseUuid(java.lang.String)","var2","failure","待验证"
"src/main/java/xiaocaoawa/minecraft/mod/cobblebattle/battle/RemoteTeamCodec.java","240","METHOD","xiaocaoawa.minecraft.mod.cobblebattle.battle.RemoteTeamCodec","parseInt","parseInt","待命名"
"src/main/java/xiaocaoawa/minecraft/mod/cobblebattle/battle/RemoteTeamCodec.java","240","PARAMETER","parseInt(java.lang.String,int,int,int)","raw","raw","待命名"
"src/main/java/xiaocaoawa/minecraft/mod/cobblebattle/battle/RemoteTeamCodec.java","240","PARAMETER","parseInt(java.lang.String,int,int,int)","fallback","fallback","待命名"
"src/main/java/xiaocaoawa/minecraft/mod/cobblebattle/battle/RemoteTeamCodec.java","240","PARAMETER","parseInt(java.lang.String,int,int,int)","min","min","待命名"
"src/main/java/xiaocaoawa/minecraft/mod/cobblebattle/battle/RemoteTeamCodec.java","240","PARAMETER","parseInt(java.lang.String,int,int,int)","max","max","待命名"
"src/main/java/xiaocaoawa/minecraft/mod/cobblebattle/battle/RemoteTeamCodec.java","243","EXCEPTION_PARAMETER","parseInt(java.lang.String,int,int,int)","var5","failure","待验证"
"src/main/java/xiaocaoawa/minecraft/mod/cobblebattle/battle/SpectatorFactory.java","30","FIELD","xiaocaoawa.minecraft.mod.cobblebattle.battle.SpectatorFactory","LOGGER","LOGGER","待命名"
"src/main/java/xiaocaoawa/minecraft/mod/cobblebattle/battle/SpectatorFactory.java","31","FIELD","xiaocaoawa.minecraft.mod.cobblebattle.battle.SpectatorFactory","service","service","待命名"
"src/main/java/xiaocaoawa/minecraft/mod/cobblebattle/battle/SpectatorFactory.java","33","PARAMETER","SpectatorFactory(xiaocaoawa.minecraft.mod.cobblebattle.battle.CrossServerBattleService)","service","service","待命名"
"src/main/java/xiaocaoawa/minecraft/mod/cobblebattle/battle/SpectatorFactory.java","37","METHOD","xiaocaoawa.minecraft.mod.cobblebattle.battle.SpectatorFactory","begin","begin","待命名"
"src/main/java/xiaocaoawa/minecraft/mod/cobblebattle/battle/SpectatorFactory.java","37","PARAMETER","begin(com.google.gson.JsonObject)","message","document","待验证"
"src/main/java/xiaocaoawa/minecraft/mod/cobblebattle/battle/SpectatorFactory.java","38","LOCAL_VARIABLE","begin(com.google.gson.JsonObject)","remoteBattleId","remoteBattleId","待命名"
"src/main/java/xiaocaoawa/minecraft/mod/cobblebattle/battle/SpectatorFactory.java","39","LOCAL_VARIABLE","begin(com.google.gson.JsonObject)","watcher","watcher","待命名"
"src/main/java/xiaocaoawa/minecraft/mod/cobblebattle/battle/SpectatorFactory.java","43","EXCEPTION_PARAMETER","begin(com.google.gson.JsonObject)","var5","failure","待验证"
"src/main/java/xiaocaoawa/minecraft/mod/cobblebattle/battle/SpectatorFactory.java","52","METHOD","xiaocaoawa.minecraft.mod.cobblebattle.battle.SpectatorFactory","beginOrThrow","beginOrThrow","待命名"
"src/main/java/xiaocaoawa/minecraft/mod/cobblebattle/battle/SpectatorFactory.java","52","PARAMETER","beginOrThrow(com.google.gson.JsonObject,java.lang.String,java.util.UUID)","message","document","待验证"
"src/main/java/xiaocaoawa/minecraft/mod/cobblebattle/battle/SpectatorFactory.java","52","PARAMETER","beginOrThrow(com.google.gson.JsonObject,java.lang.String,java.util.UUID)","remoteBattleId","remoteBattleId","待命名"
"src/main/java/xiaocaoawa/minecraft/mod/cobblebattle/battle/SpectatorFactory.java","52","PARAMETER","beginOrThrow(com.google.gson.JsonObject,java.lang.String,java.util.UUID)","watcher","watcher","待命名"
"src/main/java/xiaocaoawa/minecraft/mod/cobblebattle/battle/SpectatorFactory.java","53","LOCAL_VARIABLE","beginOrThrow(com.google.gson.JsonObject,java.lang.String,java.util.UUID)","server","server","待命名"
"src/main/java/xiaocaoawa/minecraft/mod/cobblebattle/battle/SpectatorFactory.java","54","LOCAL_VARIABLE","beginOrThrow(com.google.gson.JsonObject,java.lang.String,java.util.UUID)","player","participant","待验证"
"src/main/java/xiaocaoawa/minecraft/mod/cobblebattle/battle/SpectatorFactory.java","56","LOCAL_VARIABLE","beginOrThrow(com.google.gson.JsonObject,java.lang.String,java.util.UUID)","mirror","mirror","待命名"
"src/main/java/xiaocaoawa/minecraft/mod/cobblebattle/battle/SpectatorFactory.java","60","LOCAL_VARIABLE","beginOrThrow(com.google.gson.JsonObject,java.lang.String,java.util.UUID)","wantsMirror","wantsMirror","待命名"
"src/main/java/xiaocaoawa/minecraft/mod/cobblebattle/battle/SpectatorFactory.java","65","LOCAL_VARIABLE","beginOrThrow(com.google.gson.JsonObject,java.lang.String,java.util.UUID)","built","built","待命名"
"src/main/java/xiaocaoawa/minecraft/mod/cobblebattle/battle/SpectatorFactory.java","68","LOCAL_VARIABLE","beginOrThrow(com.google.gson.JsonObject,java.lang.String,java.util.UUID)","ack","ack","待命名"
"src/main/java/xiaocaoawa/minecraft/mod/cobblebattle/battle/SpectatorFactory.java","78","METHOD","xiaocaoawa.minecraft.mod.cobblebattle.battle.SpectatorFactory","build","build","待命名"
"src/main/java/xiaocaoawa/minecraft/mod/cobblebattle/battle/SpectatorFactory.java","78","PARAMETER","build(com.google.gson.JsonObject,java.lang.String,net.minecraft.server.level.ServerPlayer)","message","document","待验证"
"src/main/java/xiaocaoawa/minecraft/mod/cobblebattle/battle/SpectatorFactory.java","78","PARAMETER","build(com.google.gson.JsonObject,java.lang.String,net.minecraft.server.level.ServerPlayer)","remoteBattleId","remoteBattleId","待命名"
"src/main/java/xiaocaoawa/minecraft/mod/cobblebattle/battle/SpectatorFactory.java","78","PARAMETER","build(com.google.gson.JsonObject,java.lang.String,net.minecraft.server.level.ServerPlayer)","watching","watching","待命名"
"src/main/java/xiaocaoawa/minecraft/mod/cobblebattle/battle/SpectatorFactory.java","79","LOCAL_VARIABLE","build(com.google.gson.JsonObject,java.lang.String,net.minecraft.server.level.ServerPlayer)","watcher","watcher","待命名"
"src/main/java/xiaocaoawa/minecraft/mod/cobblebattle/battle/SpectatorFactory.java","80","LOCAL_VARIABLE","build(com.google.gson.JsonObject,java.lang.String,net.minecraft.server.level.ServerPlayer)","teams","teams","待命名"
"src/main/java/xiaocaoawa/minecraft/mod/cobblebattle/battle/SpectatorFactory.java","81","LOCAL_VARIABLE","build(com.google.gson.JsonObject,java.lang.String,net.minecraft.server.level.ServerPlayer)","seats","seats","待命名"
"src/main/java/xiaocaoawa/minecraft/mod/cobblebattle/battle/SpectatorFactory.java","83","LOCAL_VARIABLE","build(com.google.gson.JsonObject,java.lang.String,net.minecraft.server.level.ServerPlayer)","names","names","待命名"
"src/main/java/xiaocaoawa/minecraft/mod/cobblebattle/battle/SpectatorFactory.java","84","LOCAL_VARIABLE","build(com.google.gson.JsonObject,java.lang.String,net.minecraft.server.level.ServerPlayer)","uuids","uuids","待命名"
"src/main/java/xiaocaoawa/minecraft/mod/cobblebattle/battle/SpectatorFactory.java","85","LOCAL_VARIABLE","build(com.google.gson.JsonObject,java.lang.String,net.minecraft.server.level.ServerPlayer)","servers","servers","待命名"
"src/main/java/xiaocaoawa/minecraft/mod/cobblebattle/battle/SpectatorFactory.java","86","LOCAL_VARIABLE","build(com.google.gson.JsonObject,java.lang.String,net.minecraft.server.level.ServerPlayer)","showdownIds","showdownIds","待命名"
"src/main/java/xiaocaoawa/minecraft/mod/cobblebattle/battle/SpectatorFactory.java","87","LOCAL_VARIABLE","build(com.google.gson.JsonObject,java.lang.String,net.minecraft.server.level.ServerPlayer)","squads","squads","待命名"
"src/main/java/xiaocaoawa/minecraft/mod/cobblebattle/battle/SpectatorFactory.java","91","LOCAL_VARIABLE","build(com.google.gson.JsonObject,java.lang.String,net.minecraft.server.level.ServerPlayer)","element","element","待命名"
"src/main/java/xiaocaoawa/minecraft/mod/cobblebattle/battle/SpectatorFactory.java","92","LOCAL_VARIABLE","build(com.google.gson.JsonObject,java.lang.String,net.minecraft.server.level.ServerPlayer)","seat","seat","待命名"
"src/main/java/xiaocaoawa/minecraft/mod/cobblebattle/battle/SpectatorFactory.java","93","LOCAL_VARIABLE","build(com.google.gson.JsonObject,java.lang.String,net.minecraft.server.level.ServerPlayer)","showdownId","showdownId","待命名"
"src/main/java/xiaocaoawa/minecraft/mod/cobblebattle/battle/SpectatorFactory.java","94","LOCAL_VARIABLE","build(com.google.gson.JsonObject,java.lang.String,net.minecraft.server.level.ServerPlayer)","index","index","待命名"
"src/main/java/xiaocaoawa/minecraft/mod/cobblebattle/battle/SpectatorFactory.java","95","LOCAL_VARIABLE","build(com.google.gson.JsonObject,java.lang.String,net.minecraft.server.level.ServerPlayer)","who","who","待命名"
"src/main/java/xiaocaoawa/minecraft/mod/cobblebattle/battle/SpectatorFactory.java","96","LOCAL_VARIABLE","build(com.google.gson.JsonObject,java.lang.String,net.minecraft.server.level.ServerPlayer)","team","roster","待验证"
"src/main/java/xiaocaoawa/minecraft/mod/cobblebattle/battle/SpectatorFactory.java","111","LOCAL_VARIABLE","build(com.google.gson.JsonObject,java.lang.String,net.minecraft.server.level.ServerPlayer)","npcs","npcs","待命名"
"src/main/java/xiaocaoawa/minecraft/mod/cobblebattle/battle/SpectatorFactory.java","112","LOCAL_VARIABLE","build(com.google.gson.JsonObject,java.lang.String,net.minecraft.server.level.ServerPlayer)","actors","actors","待命名"
"src/main/java/xiaocaoawa/minecraft/mod/cobblebattle/battle/SpectatorFactory.java","114","LOCAL_VARIABLE","build(com.google.gson.JsonObject,java.lang.String,net.minecraft.server.level.ServerPlayer)","i","i","待命名"
"src/main/java/xiaocaoawa/minecraft/mod/cobblebattle/battle/SpectatorFactory.java","120","LOCAL_VARIABLE","build(com.google.gson.JsonObject,java.lang.String,net.minecraft.server.level.ServerPlayer)","mirror","mirror","待命名"
"src/main/java/xiaocaoawa/minecraft/mod/cobblebattle/battle/SpectatorFactory.java","122","LOCAL_VARIABLE","build(com.google.gson.JsonObject,java.lang.String,net.minecraft.server.level.ServerPlayer)","i","i","待命名"
"src/main/java/xiaocaoawa/minecraft/mod/cobblebattle/battle/SpectatorFactory.java","129","LOCAL_VARIABLE","build(com.google.gson.JsonObject,java.lang.String,net.minecraft.server.level.ServerPlayer)","var33","var33","待命名"
"src/main/java/xiaocaoawa/minecraft/mod/cobblebattle/battle/SpectatorFactory.java","135","EXCEPTION_PARAMETER","build(com.google.gson.JsonObject,java.lang.String,net.minecraft.server.level.ServerPlayer)","var23","failure","待验证"
"src/main/java/xiaocaoawa/minecraft/mod/cobblebattle/battle/SpectatorFactory.java","138","LOCAL_VARIABLE","build(com.google.gson.JsonObject,java.lang.String,net.minecraft.server.level.ServerPlayer)","npc","npc","待命名"
"src/main/java/xiaocaoawa/minecraft/mod/cobblebattle/battle/SpectatorFactory.java","142","LOCAL_VARIABLE","build(com.google.gson.JsonObject,java.lang.String,net.minecraft.server.level.ServerPlayer)","i","i","待命名"
"src/main/java/xiaocaoawa/minecraft/mod/cobblebattle/battle/SpectatorFactory.java","155","LOCAL_VARIABLE","build(com.google.gson.JsonObject,java.lang.String,net.minecraft.server.level.ServerPlayer)","localBattleId","localBattleId","待命名"
"src/main/java/xiaocaoawa/minecraft/mod/cobblebattle/battle/SpectatorFactory.java","159","LOCAL_VARIABLE","build(com.google.gson.JsonObject,java.lang.String,net.minecraft.server.level.ServerPlayer)","npc","npc","待命名"
"src/main/java/xiaocaoawa/minecraft/mod/cobblebattle/battle/SpectatorFactory.java","163","LOCAL_VARIABLE","build(com.google.gson.JsonObject,java.lang.String,net.minecraft.server.level.ServerPlayer)","i","i","待命名"
"src/main/java/xiaocaoawa/minecraft/mod/cobblebattle/battle/SpectatorFactory.java","170","LOCAL_VARIABLE","build(com.google.gson.JsonObject,java.lang.String,net.minecraft.server.level.ServerPlayer)","i","i","待命名"
"src/main/java/xiaocaoawa/minecraft/mod/cobblebattle/battle/SpectatorFactory.java","189","METHOD","xiaocaoawa.minecraft.mod.cobblebattle.battle.SpectatorFactory","attach","attach","待命名"
"src/main/java/xiaocaoawa/minecraft/mod/cobblebattle/battle/SpectatorFactory.java","189","PARAMETER","attach(xiaocaoawa.minecraft.mod.cobblebattle.battle.MirrorBattle,net.minecraft.server.level.ServerPlayer)","mirror","mirror","待命名"
"src/main/java/xiaocaoawa/minecraft/mod/cobblebattle/battle/SpectatorFactory.java","189","PARAMETER","attach(xiaocaoawa.minecraft.mod.cobblebattle.battle.MirrorBattle,net.minecraft.server.level.ServerPlayer)","player","participant","待验证"
"src/main/java/xiaocaoawa/minecraft/mod/cobblebattle/battle/SpectatorFactory.java","190","LOCAL_VARIABLE","attach(xiaocaoawa.minecraft.mod.cobblebattle.battle.MirrorBattle,net.minecraft.server.level.ServerPlayer)","battle","battle","待命名"
"src/main/java/xiaocaoawa/minecraft/mod/cobblebattle/battle/SpectatorFactory.java","204","METHOD","xiaocaoawa.minecraft.mod.cobblebattle.battle.SpectatorFactory","end","end","待命名"
"src/main/java/xiaocaoawa/minecraft/mod/cobblebattle/battle/SpectatorFactory.java","204","PARAMETER","end(com.google.gson.JsonObject)","message","document","待验证"
"src/main/java/xiaocaoawa/minecraft/mod/cobblebattle/battle/SpectatorFactory.java","205","LOCAL_VARIABLE","end(com.google.gson.JsonObject)","remoteBattleId","remoteBattleId","待命名"
"src/main/java/xiaocaoawa/minecraft/mod/cobblebattle/battle/SpectatorFactory.java","206","LOCAL_VARIABLE","end(com.google.gson.JsonObject)","watcher","watcher","待命名"
"src/main/java/xiaocaoawa/minecraft/mod/cobblebattle/battle/SpectatorFactory.java","207","LOCAL_VARIABLE","end(com.google.gson.JsonObject)","mirror","mirror","待命名"
"src/main/java/xiaocaoawa/minecraft/mod/cobblebattle/battle/SpectatorFactory.java","209","LOCAL_VARIABLE","end(com.google.gson.JsonObject)","battle","battle","待命名"
"src/main/java/xiaocaoawa/minecraft/mod/cobblebattle/battle/SpectatorFactory.java","214","LOCAL_VARIABLE","end(com.google.gson.JsonObject)","wasLast","wasLast","待命名"
"src/main/java/xiaocaoawa/minecraft/mod/cobblebattle/battle/SpectatorFactory.java","216","LOCAL_VARIABLE","end(com.google.gson.JsonObject)","server","server","待命名"
"src/main/java/xiaocaoawa/minecraft/mod/cobblebattle/battle/SpectatorFactory.java","217","LOCAL_VARIABLE","end(com.google.gson.JsonObject)","player","participant","待验证"
"src/main/java/xiaocaoawa/minecraft/mod/cobblebattle/battle/SpectatorFactory.java","228","METHOD","xiaocaoawa.minecraft.mod.cobblebattle.battle.SpectatorFactory","readFormat","readFormat","待命名"
"src/main/java/xiaocaoawa/minecraft/mod/cobblebattle/battle/SpectatorFactory.java","228","PARAMETER","readFormat(com.google.gson.JsonObject)","message","document","待验证"
"src/main/java/xiaocaoawa/minecraft/mod/cobblebattle/battle/SpectatorFactory.java","229","LOCAL_VARIABLE","readFormat(com.google.gson.JsonObject)","described","described","待命名"
"src/main/java/xiaocaoawa/minecraft/mod/cobblebattle/battle/SpectatorFactory.java","230","LOCAL_VARIABLE","readFormat(com.google.gson.JsonObject)","battleType","battleType","待命名"
"src/main/java/xiaocaoawa/minecraft/mod/cobblebattle/battle/SpectatorFactory.java","232","LOCAL_VARIABLE","readFormat(com.google.gson.JsonObject)","type","type","待命名"
"src/main/java/xiaocaoawa/minecraft/mod/cobblebattle/battle/SpectatorFactory.java","238","LOCAL_VARIABLE","readFormat(com.google.gson.JsonObject)","base","base","待命名"
"src/main/java/xiaocaoawa/minecraft/mod/cobblebattle/battle/SpectatorFactory.java","242","LOCAL_VARIABLE","readFormat(com.google.gson.JsonObject)","rules","rules","待命名"
"src/main/java/xiaocaoawa/minecraft/mod/cobblebattle/battle/SpectatorFactory.java","243","LOCAL_VARIABLE","readFormat(com.google.gson.JsonObject)","ruleSet","ruleSet","待命名"
"src/main/java/xiaocaoawa/minecraft/mod/cobblebattle/battle/SpectatorFactory.java","245","LOCAL_VARIABLE","readFormat(com.google.gson.JsonObject)","rule","rule","待命名"
"src/main/java/xiaocaoawa/minecraft/mod/cobblebattle/battle/SpectatorFactory.java","256","LOCAL_VARIABLE","readFormat(com.google.gson.JsonObject)","adjustLevel","adjustLevel","待命名"
"src/main/java/xiaocaoawa/minecraft/mod/cobblebattle/battle/SpectatorFactory.java","261","METHOD","xiaocaoawa.minecraft.mod.cobblebattle.battle.SpectatorFactory","uuid","uuid","待命名"
"src/main/java/xiaocaoawa/minecraft/mod/cobblebattle/battle/SpectatorFactory.java","261","PARAMETER","uuid(java.lang.String)","raw","raw","待命名"
"src/main/java/xiaocaoawa/minecraft/mod/cobblebattle/battle/SpectatorFactory.java","265","EXCEPTION_PARAMETER","uuid(java.lang.String)","var2","failure","待验证"
"src/main/java/xiaocaoawa/minecraft/mod/cobblebattle/battle/TeamPreviews.java","24","FIELD","xiaocaoawa.minecraft.mod.cobblebattle.battle.TeamPreviews","LOGGER","LOGGER","待命名"
"src/main/java/xiaocaoawa/minecraft/mod/cobblebattle/battle/TeamPreviews.java","25","FIELD","xiaocaoawa.minecraft.mod.cobblebattle.battle.TeamPreviews","service","service","待命名"
"src/main/java/xiaocaoawa/minecraft/mod/cobblebattle/battle/TeamPreviews.java","26","FIELD","xiaocaoawa.minecraft.mod.cobblebattle.battle.TeamPreviews","open","open","待命名"
"src/main/java/xiaocaoawa/minecraft/mod/cobblebattle/battle/TeamPreviews.java","28","PARAMETER","TeamPreviews(xiaocaoawa.minecraft.mod.cobblebattle.battle.CrossServerBattleService)","service","service","待命名"
"src/main/java/xiaocaoawa/minecraft/mod/cobblebattle/battle/TeamPreviews.java","32","METHOD","xiaocaoawa.minecraft.mod.cobblebattle.battle.TeamPreviews","clear","clear","待命名"
"src/main/java/xiaocaoawa/minecraft/mod/cobblebattle/battle/TeamPreviews.java","36","METHOD","xiaocaoawa.minecraft.mod.cobblebattle.battle.TeamPreviews","forget","forget","待命名"
"src/main/java/xiaocaoawa/minecraft/mod/cobblebattle/battle/TeamPreviews.java","36","PARAMETER","forget(java.util.UUID)","playerUuid","participantUuid","待验证"
"src/main/java/xiaocaoawa/minecraft/mod/cobblebattle/battle/TeamPreviews.java","40","METHOD","xiaocaoawa.minecraft.mod.cobblebattle.battle.TeamPreviews","onOpen","onOpen","待命名"
"src/main/java/xiaocaoawa/minecraft/mod/cobblebattle/battle/TeamPreviews.java","40","PARAMETER","onOpen(com.google.gson.JsonObject)","message","document","待验证"
"src/main/java/xiaocaoawa/minecraft/mod/cobblebattle/battle/TeamPreviews.java","41","LOCAL_VARIABLE","onOpen(com.google.gson.JsonObject)","battleId","battleId","待命名"
"src/main/java/xiaocaoawa/minecraft/mod/cobblebattle/battle/TeamPreviews.java","42","LOCAL_VARIABLE","onOpen(com.google.gson.JsonObject)","playerRaw","participantRaw","待验证"
"src/main/java/xiaocaoawa/minecraft/mod/cobblebattle/battle/TeamPreviews.java","43","LOCAL_VARIABLE","onOpen(com.google.gson.JsonObject)","seat","seat","待命名"
"src/main/java/xiaocaoawa/minecraft/mod/cobblebattle/battle/TeamPreviews.java","45","LOCAL_VARIABLE","onOpen(com.google.gson.JsonObject)","playerUuid","participantUuid","待验证"
"src/main/java/xiaocaoawa/minecraft/mod/cobblebattle/battle/TeamPreviews.java","48","EXCEPTION_PARAMETER","onOpen(com.google.gson.JsonObject)","var15","failure","待验证"
"src/main/java/xiaocaoawa/minecraft/mod/cobblebattle/battle/TeamPreviews.java","53","LOCAL_VARIABLE","onOpen(com.google.gson.JsonObject)","rosters","rosters","待命名"
"src/main/java/xiaocaoawa/minecraft/mod/cobblebattle/battle/TeamPreviews.java","54","LOCAL_VARIABLE","onOpen(com.google.gson.JsonObject)","mine","mine","待命名"
"src/main/java/xiaocaoawa/minecraft/mod/cobblebattle/battle/TeamPreviews.java","55","LOCAL_VARIABLE","onOpen(com.google.gson.JsonObject)","theirs","theirs","待命名"
"src/main/java/xiaocaoawa/minecraft/mod/cobblebattle/battle/TeamPreviews.java","56","LOCAL_VARIABLE","onOpen(com.google.gson.JsonObject)","pick","pick","待命名"
"src/main/java/xiaocaoawa/minecraft/mod/cobblebattle/battle/TeamPreviews.java","57","LOCAL_VARIABLE","onOpen(com.google.gson.JsonObject)","lead","lead","待命名"
"src/main/java/xiaocaoawa/minecraft/mod/cobblebattle/battle/TeamPreviews.java","58","LOCAL_VARIABLE","onOpen(com.google.gson.JsonObject)","deadline","deadline","待命名"
"src/main/java/xiaocaoawa/minecraft/mod/cobblebattle/battle/TeamPreviews.java","59","LOCAL_VARIABLE","onOpen(com.google.gson.JsonObject)","player","participant","待验证"
"src/main/java/xiaocaoawa/minecraft/mod/cobblebattle/battle/TeamPreviews.java","64","LOCAL_VARIABLE","onOpen(com.google.gson.JsonObject)","shown","shown","待命名"
"src/main/java/xiaocaoawa/minecraft/mod/cobblebattle/battle/TeamPreviews.java","91","METHOD","xiaocaoawa.minecraft.mod.cobblebattle.battle.TeamPreviews","onState","onState","待命名"
"src/main/java/xiaocaoawa/minecraft/mod/cobblebattle/battle/TeamPreviews.java","91","PARAMETER","onState(com.google.gson.JsonObject)","message","document","待验证"
"src/main/java/xiaocaoawa/minecraft/mod/cobblebattle/battle/TeamPreviews.java","92","LOCAL_VARIABLE","onState(com.google.gson.JsonObject)","battleId","battleId","待命名"
"src/main/java/xiaocaoawa/minecraft/mod/cobblebattle/battle/TeamPreviews.java","94","LOCAL_VARIABLE","onState(com.google.gson.JsonObject)","ready","ready","待命名"
"src/main/java/xiaocaoawa/minecraft/mod/cobblebattle/battle/TeamPreviews.java","96","LOCAL_VARIABLE","onState(com.google.gson.JsonObject)","session","session","待命名"
"src/main/java/xiaocaoawa/minecraft/mod/cobblebattle/battle/TeamPreviews.java","98","LOCAL_VARIABLE","onState(com.google.gson.JsonObject)","player","participant","待验证"
"src/main/java/xiaocaoawa/minecraft/mod/cobblebattle/battle/TeamPreviews.java","100","LOCAL_VARIABLE","onState(com.google.gson.JsonObject)","mineReady","mineReady","待命名"
"src/main/java/xiaocaoawa/minecraft/mod/cobblebattle/battle/TeamPreviews.java","101","LOCAL_VARIABLE","onState(com.google.gson.JsonObject)","theirsReady","theirsReady","待命名"
"src/main/java/xiaocaoawa/minecraft/mod/cobblebattle/battle/TeamPreviews.java","103","LOCAL_VARIABLE","onState(com.google.gson.JsonObject)","entry","entry","待命名"
"src/main/java/xiaocaoawa/minecraft/mod/cobblebattle/battle/TeamPreviews.java","104","LOCAL_VARIABLE","onState(com.google.gson.JsonObject)","value","value","待命名"
"src/main/java/xiaocaoawa/minecraft/mod/cobblebattle/battle/TeamPreviews.java","112","LOCAL_VARIABLE","onState(com.google.gson.JsonObject)","shown","shown","待命名"
"src/main/java/xiaocaoawa/minecraft/mod/cobblebattle/battle/TeamPreviews.java","126","METHOD","xiaocaoawa.minecraft.mod.cobblebattle.battle.TeamPreviews","onClosed","onClosed","待命名"
"src/main/java/xiaocaoawa/minecraft/mod/cobblebattle/battle/TeamPreviews.java","126","PARAMETER","onClosed(com.google.gson.JsonObject)","message","document","待验证"
"src/main/java/xiaocaoawa/minecraft/mod/cobblebattle/battle/TeamPreviews.java","127","LOCAL_VARIABLE","onClosed(com.google.gson.JsonObject)","battleId","battleId","待命名"
"src/main/java/xiaocaoawa/minecraft/mod/cobblebattle/battle/TeamPreviews.java","128","LOCAL_VARIABLE","onClosed(com.google.gson.JsonObject)","reason","reason","待命名"
"src/main/java/xiaocaoawa/minecraft/mod/cobblebattle/battle/TeamPreviews.java","130","LOCAL_VARIABLE","onClosed(com.google.gson.JsonObject)","session","session","待命名"
"src/main/java/xiaocaoawa/minecraft/mod/cobblebattle/battle/TeamPreviews.java","133","LOCAL_VARIABLE","onClosed(com.google.gson.JsonObject)","player","participant","待验证"
"src/main/java/xiaocaoawa/minecraft/mod/cobblebattle/battle/TeamPreviews.java","145","METHOD","xiaocaoawa.minecraft.mod.cobblebattle.battle.TeamPreviews","onPicked","onPicked","待命名"
"src/main/java/xiaocaoawa/minecraft/mod/cobblebattle/battle/TeamPreviews.java","145","PARAMETER","onPicked(net.minecraft.server.level.ServerPlayer,java.lang.String,java.util.List<java.lang.Integer>)","player","participant","待验证"
"src/main/java/xiaocaoawa/minecraft/mod/cobblebattle/battle/TeamPreviews.java","145","PARAMETER","onPicked(net.minecraft.server.level.ServerPlayer,java.lang.String,java.util.List<java.lang.Integer>)","battleId","battleId","待命名"
"src/main/java/xiaocaoawa/minecraft/mod/cobblebattle/battle/TeamPreviews.java","145","PARAMETER","onPicked(net.minecraft.server.level.ServerPlayer,java.lang.String,java.util.List<java.lang.Integer>)","picks","picks","待命名"
"src/main/java/xiaocaoawa/minecraft/mod/cobblebattle/battle/TeamPreviews.java","146","LOCAL_VARIABLE","onPicked(net.minecraft.server.level.ServerPlayer,java.lang.String,java.util.List<java.lang.Integer>)","playerUuid","participantUuid","待验证"
"src/main/java/xiaocaoawa/minecraft/mod/cobblebattle/battle/TeamPreviews.java","147","LOCAL_VARIABLE","onPicked(net.minecraft.server.level.ServerPlayer,java.lang.String,java.util.List<java.lang.Integer>)","session","session","待命名"
"src/main/java/xiaocaoawa/minecraft/mod/cobblebattle/battle/TeamPreviews.java","152","LOCAL_VARIABLE","onPicked(net.minecraft.server.level.ServerPlayer,java.lang.String,java.util.List<java.lang.Integer>)","seen","seen","待命名"
"src/main/java/xiaocaoawa/minecraft/mod/cobblebattle/battle/TeamPreviews.java","154","LOCAL_VARIABLE","onPicked(net.minecraft.server.level.ServerPlayer,java.lang.String,java.util.List<java.lang.Integer>)","pick","pick","待命名"
"src/main/java/xiaocaoawa/minecraft/mod/cobblebattle/battle/TeamPreviews.java","161","LOCAL_VARIABLE","onPicked(net.minecraft.server.level.ServerPlayer,java.lang.String,java.util.List<java.lang.Integer>)","shown","shown","待命名"
"src/main/java/xiaocaoawa/minecraft/mod/cobblebattle/battle/TeamPreviews.java","168","METHOD","xiaocaoawa.minecraft.mod.cobblebattle.battle.TeamPreviews","send","send","待命名"
"src/main/java/xiaocaoawa/minecraft/mod/cobblebattle/battle/TeamPreviews.java","168","PARAMETER","send(java.lang.String,java.util.UUID,java.util.List<java.lang.Integer>)","battleId","battleId","待命名"
"src/main/java/xiaocaoawa/minecraft/mod/cobblebattle/battle/TeamPreviews.java","168","PARAMETER","send(java.lang.String,java.util.UUID,java.util.List<java.lang.Integer>)","playerUuid","participantUuid","待验证"
"src/main/java/xiaocaoawa/minecraft/mod/cobblebattle/battle/TeamPreviews.java","168","PARAMETER","send(java.lang.String,java.util.UUID,java.util.List<java.lang.Integer>)","picks","picks","待命名"
"src/main/java/xiaocaoawa/minecraft/mod/cobblebattle/battle/TeamPreviews.java","169","LOCAL_VARIABLE","send(java.lang.String,java.util.UUID,java.util.List<java.lang.Integer>)","array","array","待命名"
"src/main/java/xiaocaoawa/minecraft/mod/cobblebattle/battle/TeamPreviews.java","171","LOCAL_VARIABLE","send(java.lang.String,java.util.UUID,java.util.List<java.lang.Integer>)","pick","pick","待命名"
"src/main/java/xiaocaoawa/minecraft/mod/cobblebattle/battle/TeamPreviews.java","175","LOCAL_VARIABLE","send(java.lang.String,java.util.UUID,java.util.List<java.lang.Integer>)","msg","msg","待命名"
"src/main/java/xiaocaoawa/minecraft/mod/cobblebattle/battle/TeamPreviews.java","182","METHOD","xiaocaoawa.minecraft.mod.cobblebattle.battle.TeamPreviews","readRoster","readRoster","待命名"
"src/main/java/xiaocaoawa/minecraft/mod/cobblebattle/battle/TeamPreviews.java","182","PARAMETER","readRoster(com.google.gson.JsonObject,java.lang.String)","rosters","rosters","待命名"
"src/main/java/xiaocaoawa/minecraft/mod/cobblebattle/battle/TeamPreviews.java","182","PARAMETER","readRoster(com.google.gson.JsonObject,java.lang.String)","seat","seat","待命名"
"src/main/java/xiaocaoawa/minecraft/mod/cobblebattle/battle/TeamPreviews.java","183","LOCAL_VARIABLE","readRoster(com.google.gson.JsonObject,java.lang.String)","out","outputStream","待验证"
"src/main/java/xiaocaoawa/minecraft/mod/cobblebattle/battle/TeamPreviews.java","185","LOCAL_VARIABLE","readRoster(com.google.gson.JsonObject,java.lang.String)","element","element","待命名"
"src/main/java/xiaocaoawa/minecraft/mod/cobblebattle/battle/TeamPreviews.java","187","LOCAL_VARIABLE","readRoster(com.google.gson.JsonObject,java.lang.String)","entry","entry","待命名"
"src/main/java/xiaocaoawa/minecraft/mod/cobblebattle/battle/TeamPreviews.java","189","LOCAL_VARIABLE","readRoster(com.google.gson.JsonObject,java.lang.String)","slot","slot","待命名"
"src/main/java/xiaocaoawa/minecraft/mod/cobblebattle/battle/TeamPreviews.java","211","METHOD","xiaocaoawa.minecraft.mod.cobblebattle.battle.TeamPreviews","otherSeat","otherSeat","待命名"
"src/main/java/xiaocaoawa/minecraft/mod/cobblebattle/battle/TeamPreviews.java","211","PARAMETER","otherSeat(com.google.gson.JsonObject,java.lang.String)","rosters","rosters","待命名"
"src/main/java/xiaocaoawa/minecraft/mod/cobblebattle/battle/TeamPreviews.java","211","PARAMETER","otherSeat(com.google.gson.JsonObject,java.lang.String)","seat","seat","待命名"
"src/main/java/xiaocaoawa/minecraft/mod/cobblebattle/battle/TeamPreviews.java","215","LOCAL_VARIABLE","otherSeat(com.google.gson.JsonObject,java.lang.String)","key","key","待命名"
"src/main/java/xiaocaoawa/minecraft/mod/cobblebattle/battle/TeamPreviews.java","225","METHOD","xiaocaoawa.minecraft.mod.cobblebattle.battle.TeamPreviews","deadlineOf","deadlineOf","待命名"
"src/main/java/xiaocaoawa/minecraft/mod/cobblebattle/battle/TeamPreviews.java","225","PARAMETER","deadlineOf(com.google.gson.JsonObject)","message","document","待验证"
"src/main/java/xiaocaoawa/minecraft/mod/cobblebattle/battle/TeamPreviews.java","226","LOCAL_VARIABLE","deadlineOf(com.google.gson.JsonObject)","deadline","deadline","待命名"
"src/main/java/xiaocaoawa/minecraft/mod/cobblebattle/battle/TeamPreviews.java","227","LOCAL_VARIABLE","deadlineOf(com.google.gson.JsonObject)","left","left","待命名"
"src/main/java/xiaocaoawa/minecraft/mod/cobblebattle/battle/TeamPreviews.java","231","METHOD","xiaocaoawa.minecraft.mod.cobblebattle.battle.TeamPreviews","frontOf","frontOf","待命名"
"src/main/java/xiaocaoawa/minecraft/mod/cobblebattle/battle/TeamPreviews.java","231","PARAMETER","frontOf(int,int)","teamSize","rosterSize","待验证"
"src/main/java/xiaocaoawa/minecraft/mod/cobblebattle/battle/TeamPreviews.java","231","PARAMETER","frontOf(int,int)","pick","pick","待命名"
"src/main/java/xiaocaoawa/minecraft/mod/cobblebattle/battle/TeamPreviews.java","232","LOCAL_VARIABLE","frontOf(int,int)","out","outputStream","待验证"
"src/main/java/xiaocaoawa/minecraft/mod/cobblebattle/battle/TeamPreviews.java","234","LOCAL_VARIABLE","frontOf(int,int)","i","i","待命名"
"src/main/java/xiaocaoawa/minecraft/mod/cobblebattle/battle/TeamPreviews.java","241","METHOD","xiaocaoawa.minecraft.mod.cobblebattle.battle.TeamPreviews","repaint","repaint","待命名"
"src/main/java/xiaocaoawa/minecraft/mod/cobblebattle/battle/TeamPreviews.java","241","PARAMETER","repaint(xiaocaoawa.minecraft.mod.cobblebattle.network.TeamPreviewPayload,boolean,boolean,java.lang.String)","shown","shown","待命名"
"src/main/java/xiaocaoawa/minecraft/mod/cobblebattle/battle/TeamPreviews.java","241","PARAMETER","repaint(xiaocaoawa.minecraft.mod.cobblebattle.network.TeamPreviewPayload,boolean,boolean,java.lang.String)","mineReady","mineReady","待命名"
"src/main/java/xiaocaoawa/minecraft/mod/cobblebattle/battle/TeamPreviews.java","241","PARAMETER","repaint(xiaocaoawa.minecraft.mod.cobblebattle.network.TeamPreviewPayload,boolean,boolean,java.lang.String)","theirsReady","theirsReady","待命名"
"src/main/java/xiaocaoawa/minecraft/mod/cobblebattle/battle/TeamPreviews.java","241","PARAMETER","repaint(xiaocaoawa.minecraft.mod.cobblebattle.network.TeamPreviewPayload,boolean,boolean,java.lang.String)","closed","closed","待命名"
"src/main/java/xiaocaoawa/minecraft/mod/cobblebattle/client/AuthScreen.java","17","FIELD","xiaocaoawa.minecraft.mod.cobblebattle.client.AuthScreen","BACKGROUND","BACKGROUND","待命名"
"src/main/java/xiaocaoawa/minecraft/mod/cobblebattle/client/AuthScreen.java","18","FIELD","xiaocaoawa.minecraft.mod.cobblebattle.client.AuthScreen","PANEL_W","PANEL_W","待命名"
"src/main/java/xiaocaoawa/minecraft/mod/cobblebattle/client/AuthScreen.java","19","FIELD","xiaocaoawa.minecraft.mod.cobblebattle.client.AuthScreen","PANEL_H","PANEL_H","待命名"
"src/main/java/xiaocaoawa/minecraft/mod/cobblebattle/client/AuthScreen.java","20","FIELD","xiaocaoawa.minecraft.mod.cobblebattle.client.AuthScreen","TITLE_X","TITLE_X","待命名"
"src/main/java/xiaocaoawa/minecraft/mod/cobblebattle/client/AuthScreen.java","21","FIELD","xiaocaoawa.minecraft.mod.cobblebattle.client.AuthScreen","TITLE_Y","TITLE_Y","待命名"
"src/main/java/xiaocaoawa/minecraft/mod/cobblebattle/client/AuthScreen.java","22","FIELD","xiaocaoawa.minecraft.mod.cobblebattle.client.AuthScreen","TITLE_W","TITLE_W","待命名"
"src/main/java/xiaocaoawa/minecraft/mod/cobblebattle/client/AuthScreen.java","23","FIELD","xiaocaoawa.minecraft.mod.cobblebattle.client.AuthScreen","TITLE_H","TITLE_H","待命名"
"src/main/java/xiaocaoawa/minecraft/mod/cobblebattle/client/AuthScreen.java","24","FIELD","xiaocaoawa.minecraft.mod.cobblebattle.client.AuthScreen","AVATAR_SIZE","AVATAR_SIZE","待命名"
"src/main/java/xiaocaoawa/minecraft/mod/cobblebattle/client/AuthScreen.java","25","FIELD","xiaocaoawa.minecraft.mod.cobblebattle.client.AuthScreen","AVATAR_Y","AVATAR_Y","待命名"
"src/main/java/xiaocaoawa/minecraft/mod/cobblebattle/client/AuthScreen.java","26","FIELD","xiaocaoawa.minecraft.mod.cobblebattle.client.AuthScreen","PLAYER_Y","PARTICIPANT_Y","待验证"
"src/main/java/xiaocaoawa/minecraft/mod/cobblebattle/client/AuthScreen.java","27","FIELD","xiaocaoawa.minecraft.mod.cobblebattle.client.AuthScreen","FIELD_H","FIELD_H","待命名"
"src/main/java/xiaocaoawa/minecraft/mod/cobblebattle/client/AuthScreen.java","28","FIELD","xiaocaoawa.minecraft.mod.cobblebattle.client.AuthScreen","FIELD_X","FIELD_X","待命名"
"src/main/java/xiaocaoawa/minecraft/mod/cobblebattle/client/AuthScreen.java","29","FIELD","xiaocaoawa.minecraft.mod.cobblebattle.client.AuthScreen","FIELD_W","FIELD_W","待命名"
"src/main/java/xiaocaoawa/minecraft/mod/cobblebattle/client/AuthScreen.java","30","FIELD","xiaocaoawa.minecraft.mod.cobblebattle.client.AuthScreen","ROW_1","ROW_1","待命名"
"src/main/java/xiaocaoawa/minecraft/mod/cobblebattle/client/AuthScreen.java","31","FIELD","xiaocaoawa.minecraft.mod.cobblebattle.client.AuthScreen","ROW_2","ROW_2","待命名"
"src/main/java/xiaocaoawa/minecraft/mod/cobblebattle/client/AuthScreen.java","32","FIELD","xiaocaoawa.minecraft.mod.cobblebattle.client.AuthScreen","ROW_3","ROW_3","待命名"
"src/main/java/xiaocaoawa/minecraft/mod/cobblebattle/client/AuthScreen.java","33","FIELD","xiaocaoawa.minecraft.mod.cobblebattle.client.AuthScreen","ROW_4","ROW_4","待命名"
"src/main/java/xiaocaoawa/minecraft/mod/cobblebattle/client/AuthScreen.java","34","FIELD","xiaocaoawa.minecraft.mod.cobblebattle.client.AuthScreen","ROW_SPACING","ROW_SPACING","待命名"
"src/main/java/xiaocaoawa/minecraft/mod/cobblebattle/client/AuthScreen.java","35","FIELD","xiaocaoawa.minecraft.mod.cobblebattle.client.AuthScreen","BUTTON_H","BUTTON_H","待命名"
"src/main/java/xiaocaoawa/minecraft/mod/cobblebattle/client/AuthScreen.java","36","FIELD","xiaocaoawa.minecraft.mod.cobblebattle.client.AuthScreen","LINK_GAP","LINK_GAP","待命名"
"src/main/java/xiaocaoawa/minecraft/mod/cobblebattle/client/AuthScreen.java","37","FIELD","xiaocaoawa.minecraft.mod.cobblebattle.client.AuthScreen","LINK_H","LINK_H","待命名"
"src/main/java/xiaocaoawa/minecraft/mod/cobblebattle/client/AuthScreen.java","38","FIELD","xiaocaoawa.minecraft.mod.cobblebattle.client.AuthScreen","CODE_W","CODE_W","待命名"
"src/main/java/xiaocaoawa/minecraft/mod/cobblebattle/client/AuthScreen.java","39","FIELD","xiaocaoawa.minecraft.mod.cobblebattle.client.AuthScreen","SEND_GAP","SEND_GAP","待命名"
"src/main/java/xiaocaoawa/minecraft/mod/cobblebattle/client/AuthScreen.java","40","FIELD","xiaocaoawa.minecraft.mod.cobblebattle.client.AuthScreen","SEND_W","SEND_W","待命名"
"src/main/java/xiaocaoawa/minecraft/mod/cobblebattle/client/AuthScreen.java","41","FIELD","xiaocaoawa.minecraft.mod.cobblebattle.client.AuthScreen","TEXT_INSET","TEXT_INSET","待命名"
"src/main/java/xiaocaoawa/minecraft/mod/cobblebattle/client/AuthScreen.java","42","FIELD","xiaocaoawa.minecraft.mod.cobblebattle.client.AuthScreen","FIELD_FILL","FIELD_FILL","待命名"
"src/main/java/xiaocaoawa/minecraft/mod/cobblebattle/client/AuthScreen.java","43","FIELD","xiaocaoawa.minecraft.mod.cobblebattle.client.AuthScreen","FIELD_BORDER","FIELD_BORDER","待命名"
"src/main/java/xiaocaoawa/minecraft/mod/cobblebattle/client/AuthScreen.java","44","FIELD","xiaocaoawa.minecraft.mod.cobblebattle.client.AuthScreen","FIELD_FOCUSED","FIELD_FOCUSED","待命名"
"src/main/java/xiaocaoawa/minecraft/mod/cobblebattle/client/AuthScreen.java","45","FIELD","xiaocaoawa.minecraft.mod.cobblebattle.client.AuthScreen","FIELD_TEXT","FIELD_TEXT","待命名"
"src/main/java/xiaocaoawa/minecraft/mod/cobblebattle/client/AuthScreen.java","46","FIELD","xiaocaoawa.minecraft.mod.cobblebattle.client.AuthScreen","HINT_TEXT","HINT_TEXT","待命名"
"src/main/java/xiaocaoawa/minecraft/mod/cobblebattle/client/AuthScreen.java","47","FIELD","xiaocaoawa.minecraft.mod.cobblebattle.client.AuthScreen","TITLE_TEXT","TITLE_TEXT","待命名"
"src/main/java/xiaocaoawa/minecraft/mod/cobblebattle/client/AuthScreen.java","48","FIELD","xiaocaoawa.minecraft.mod.cobblebattle.client.AuthScreen","ERROR_TEXT","ERROR_TEXT","待命名"
"src/main/java/xiaocaoawa/minecraft/mod/cobblebattle/client/AuthScreen.java","49","FIELD","xiaocaoawa.minecraft.mod.cobblebattle.client.AuthScreen","BUTTON_IDLE","BUTTON_IDLE","待命名"
"src/main/java/xiaocaoawa/minecraft/mod/cobblebattle/client/AuthScreen.java","50","FIELD","xiaocaoawa.minecraft.mod.cobblebattle.client.AuthScreen","BUTTON_HOVER","BUTTON_HOVER","待命名"
"src/main/java/xiaocaoawa/minecraft/mod/cobblebattle/client/AuthScreen.java","51","FIELD","xiaocaoawa.minecraft.mod.cobblebattle.client.AuthScreen","BUTTON_OFF","BUTTON_OFF","待命名"
"src/main/java/xiaocaoawa/minecraft/mod/cobblebattle/client/AuthScreen.java","52","FIELD","xiaocaoawa.minecraft.mod.cobblebattle.client.AuthScreen","BUTTON_TEXT_OFF","BUTTON_TEXT_OFF","待命名"
"src/main/java/xiaocaoawa/minecraft/mod/cobblebattle/client/AuthScreen.java","53","FIELD","xiaocaoawa.minecraft.mod.cobblebattle.client.AuthScreen","PLAYER_TEXT","PARTICIPANT_TEXT","待验证"
"src/main/java/xiaocaoawa/minecraft/mod/cobblebattle/client/AuthScreen.java","54","FIELD","xiaocaoawa.minecraft.mod.cobblebattle.client.AuthScreen","LINK_IDLE","LINK_IDLE","待命名"
"src/main/java/xiaocaoawa/minecraft/mod/cobblebattle/client/AuthScreen.java","55","FIELD","xiaocaoawa.minecraft.mod.cobblebattle.client.AuthScreen","LINK_HOVER","LINK_HOVER","待命名"
"src/main/java/xiaocaoawa/minecraft/mod/cobblebattle/client/AuthScreen.java","56","FIELD","xiaocaoawa.minecraft.mod.cobblebattle.client.AuthScreen","BACKDROP","BACKDROP","待命名"
"src/main/java/xiaocaoawa/minecraft/mod/cobblebattle/client/AuthScreen.java","57","FIELD","xiaocaoawa.minecraft.mod.cobblebattle.client.AuthScreen","CODE_COOLDOWN_TICKS","CODE_COOLDOWN_TICKS","待命名"
"src/main/java/xiaocaoawa/minecraft/mod/cobblebattle/client/AuthScreen.java","58","FIELD","xiaocaoawa.minecraft.mod.cobblebattle.client.AuthScreen","mode","mode","待命名"
"src/main/java/xiaocaoawa/minecraft/mod/cobblebattle/client/AuthScreen.java","59","FIELD","xiaocaoawa.minecraft.mod.cobblebattle.client.AuthScreen","suggestedId","suggestedId","待命名"
"src/main/java/xiaocaoawa/minecraft/mod/cobblebattle/client/AuthScreen.java","60","FIELD","xiaocaoawa.minecraft.mod.cobblebattle.client.AuthScreen","emailEnabled","emailEnabled","待命名"
"src/main/java/xiaocaoawa/minecraft/mod/cobblebattle/client/AuthScreen.java","61","FIELD","xiaocaoawa.minecraft.mod.cobblebattle.client.AuthScreen","idBox","idBox","待命名"
"src/main/java/xiaocaoawa/minecraft/mod/cobblebattle/client/AuthScreen.java","62","FIELD","xiaocaoawa.minecraft.mod.cobblebattle.client.AuthScreen","emailBox","emailBox","待命名"
"src/main/java/xiaocaoawa/minecraft/mod/cobblebattle/client/AuthScreen.java","63","FIELD","xiaocaoawa.minecraft.mod.cobblebattle.client.AuthScreen","codeBox","codeBox","待命名"
"src/main/java/xiaocaoawa/minecraft/mod/cobblebattle/client/AuthScreen.java","64","FIELD","xiaocaoawa.minecraft.mod.cobblebattle.client.AuthScreen","passwordBox","passwordBox","待命名"
"src/main/java/xiaocaoawa/minecraft/mod/cobblebattle/client/AuthScreen.java","65","FIELD","xiaocaoawa.minecraft.mod.cobblebattle.client.AuthScreen","confirmBox","confirmBox","待命名"
"src/main/java/xiaocaoawa/minecraft/mod/cobblebattle/client/AuthScreen.java","66","FIELD","xiaocaoawa.minecraft.mod.cobblebattle.client.AuthScreen","submit","submit","待命名"
"src/main/java/xiaocaoawa/minecraft/mod/cobblebattle/client/AuthScreen.java","67","FIELD","xiaocaoawa.minecraft.mod.cobblebattle.client.AuthScreen","sendCode","sendCode","待命名"
"src/main/java/xiaocaoawa/minecraft/mod/cobblebattle/client/AuthScreen.java","68","FIELD","xiaocaoawa.minecraft.mod.cobblebattle.client.AuthScreen","switchMode","switchMode","待命名"
"src/main/java/xiaocaoawa/minecraft/mod/cobblebattle/client/AuthScreen.java","69","FIELD","xiaocaoawa.minecraft.mod.cobblebattle.client.AuthScreen","idY","idY","待命名"
"src/main/java/xiaocaoawa/minecraft/mod/cobblebattle/client/AuthScreen.java","70","FIELD","xiaocaoawa.minecraft.mod.cobblebattle.client.AuthScreen","emailY","emailY","待命名"
"src/main/java/xiaocaoawa/minecraft/mod/cobblebattle/client/AuthScreen.java","71","FIELD","xiaocaoawa.minecraft.mod.cobblebattle.client.AuthScreen","codeY","codeY","待命名"
"src/main/java/xiaocaoawa/minecraft/mod/cobblebattle/client/AuthScreen.java","72","FIELD","xiaocaoawa.minecraft.mod.cobblebattle.client.AuthScreen","passwordY","passwordY","待命名"
"src/main/java/xiaocaoawa/minecraft/mod/cobblebattle/client/AuthScreen.java","73","FIELD","xiaocaoawa.minecraft.mod.cobblebattle.client.AuthScreen","confirmY","confirmY","待命名"
"src/main/java/xiaocaoawa/minecraft/mod/cobblebattle/client/AuthScreen.java","74","FIELD","xiaocaoawa.minecraft.mod.cobblebattle.client.AuthScreen","error","error","待命名"
"src/main/java/xiaocaoawa/minecraft/mod/cobblebattle/client/AuthScreen.java","75","FIELD","xiaocaoawa.minecraft.mod.cobblebattle.client.AuthScreen","waiting","waiting","待命名"
"src/main/java/xiaocaoawa/minecraft/mod/cobblebattle/client/AuthScreen.java","76","FIELD","xiaocaoawa.minecraft.mod.cobblebattle.client.AuthScreen","requestingCode","requestingCode","待命名"
"src/main/java/xiaocaoawa/minecraft/mod/cobblebattle/client/AuthScreen.java","77","FIELD","xiaocaoawa.minecraft.mod.cobblebattle.client.AuthScreen","codeCooldown","codeCooldown","待命名"
"src/main/java/xiaocaoawa/minecraft/mod/cobblebattle/client/AuthScreen.java","78","FIELD","xiaocaoawa.minecraft.mod.cobblebattle.client.AuthScreen","originX","originX","待命名"
"src/main/java/xiaocaoawa/minecraft/mod/cobblebattle/client/AuthScreen.java","79","FIELD","xiaocaoawa.minecraft.mod.cobblebattle.client.AuthScreen","originY","originY","待命名"
"src/main/java/xiaocaoawa/minecraft/mod/cobblebattle/client/AuthScreen.java","81","PARAMETER","AuthScreen(xiaocaoawa.minecraft.mod.cobblebattle.account.AuthMode,java.lang.String,boolean)","mode","mode","待命名"
"src/main/java/xiaocaoawa/minecraft/mod/cobblebattle/client/AuthScreen.java","81","PARAMETER","AuthScreen(xiaocaoawa.minecraft.mod.cobblebattle.account.AuthMode,java.lang.String,boolean)","suggestedId","suggestedId","待命名"
"src/main/java/xiaocaoawa/minecraft/mod/cobblebattle/client/AuthScreen.java","81","PARAMETER","AuthScreen(xiaocaoawa.minecraft.mod.cobblebattle.account.AuthMode,java.lang.String,boolean)","emailEnabled","emailEnabled","待命名"
"src/main/java/xiaocaoawa/minecraft/mod/cobblebattle/client/AuthScreen.java","84","LOCAL_VARIABLE","AuthScreen(xiaocaoawa.minecraft.mod.cobblebattle.account.AuthMode,java.lang.String,boolean)","wanted","connectionRequested","待验证"
"src/main/java/xiaocaoawa/minecraft/mod/cobblebattle/client/AuthScreen.java","89","METHOD","xiaocaoawa.minecraft.mod.cobblebattle.client.AuthScreen","titleOf","titleOf","待命名"
"src/main/java/xiaocaoawa/minecraft/mod/cobblebattle/client/AuthScreen.java","89","PARAMETER","titleOf(xiaocaoawa.minecraft.mod.cobblebattle.account.AuthMode)","mode","mode","待命名"
"src/main/java/xiaocaoawa/minecraft/mod/cobblebattle/client/AuthScreen.java","99","METHOD","xiaocaoawa.minecraft.mod.cobblebattle.client.AuthScreen","needsEmail","needsEmail","待命名"
"src/main/java/xiaocaoawa/minecraft/mod/cobblebattle/client/AuthScreen.java","106","LOCAL_VARIABLE","init()","keptId","keptId","待命名"
"src/main/java/xiaocaoawa/minecraft/mod/cobblebattle/client/AuthScreen.java","107","LOCAL_VARIABLE","init()","keptEmail","keptEmail","待命名"
"src/main/java/xiaocaoawa/minecraft/mod/cobblebattle/client/AuthScreen.java","117","LOCAL_VARIABLE","init()","row","row","待命名"
"src/main/java/xiaocaoawa/minecraft/mod/cobblebattle/client/AuthScreen.java","133","PARAMETER","init()","button","button","待命名"
"src/main/java/xiaocaoawa/minecraft/mod/cobblebattle/client/AuthScreen.java","153","PARAMETER","init()","button","button","待命名"
"src/main/java/xiaocaoawa/minecraft/mod/cobblebattle/client/AuthScreen.java","155","LOCAL_VARIABLE","init()","switchLabel","switchLabel","待命名"
"src/main/java/xiaocaoawa/minecraft/mod/cobblebattle/client/AuthScreen.java","156","LOCAL_VARIABLE","init()","switchWidth","switchWidth","待命名"
"src/main/java/xiaocaoawa/minecraft/mod/cobblebattle/client/AuthScreen.java","158","PARAMETER","init()","button","button","待命名"
"src/main/java/xiaocaoawa/minecraft/mod/cobblebattle/client/AuthScreen.java","161","LOCAL_VARIABLE","init()","first","first","待命名"
"src/main/java/xiaocaoawa/minecraft/mod/cobblebattle/client/AuthScreen.java","167","METHOD","xiaocaoawa.minecraft.mod.cobblebattle.client.AuthScreen","submitLabel","submitLabel","待命名"
"src/main/java/xiaocaoawa/minecraft/mod/cobblebattle/client/AuthScreen.java","173","METHOD","xiaocaoawa.minecraft.mod.cobblebattle.client.AuthScreen","switchLabel","switchLabel","待命名"
"src/main/java/xiaocaoawa/minecraft/mod/cobblebattle/client/AuthScreen.java","183","METHOD","xiaocaoawa.minecraft.mod.cobblebattle.client.AuthScreen","toggleMode","toggleMode","待命名"
"src/main/java/xiaocaoawa/minecraft/mod/cobblebattle/client/AuthScreen.java","200","METHOD","xiaocaoawa.minecraft.mod.cobblebattle.client.AuthScreen","addField","addField","待命名"
"src/main/java/xiaocaoawa/minecraft/mod/cobblebattle/client/AuthScreen.java","200","PARAMETER","addField(int,int,boolean,net.minecraft.network.chat.Component)","y","y","待命名"
"src/main/java/xiaocaoawa/minecraft/mod/cobblebattle/client/AuthScreen.java","200","PARAMETER","addField(int,int,boolean,net.minecraft.network.chat.Component)","maxLength","maxLength","待命名"
"src/main/java/xiaocaoawa/minecraft/mod/cobblebattle/client/AuthScreen.java","200","PARAMETER","addField(int,int,boolean,net.minecraft.network.chat.Component)","password","password","待命名"
"src/main/java/xiaocaoawa/minecraft/mod/cobblebattle/client/AuthScreen.java","200","PARAMETER","addField(int,int,boolean,net.minecraft.network.chat.Component)","label","label","待命名"
"src/main/java/xiaocaoawa/minecraft/mod/cobblebattle/client/AuthScreen.java","204","METHOD","xiaocaoawa.minecraft.mod.cobblebattle.client.AuthScreen","addField","addField","待命名"
"src/main/java/xiaocaoawa/minecraft/mod/cobblebattle/client/AuthScreen.java","204","PARAMETER","addField(int,int,boolean,int,net.minecraft.network.chat.Component)","y","y","待命名"
"src/main/java/xiaocaoawa/minecraft/mod/cobblebattle/client/AuthScreen.java","204","PARAMETER","addField(int,int,boolean,int,net.minecraft.network.chat.Component)","maxLength","maxLength","待命名"
"src/main/java/xiaocaoawa/minecraft/mod/cobblebattle/client/AuthScreen.java","204","PARAMETER","addField(int,int,boolean,int,net.minecraft.network.chat.Component)","password","password","待命名"
"src/main/java/xiaocaoawa/minecraft/mod/cobblebattle/client/AuthScreen.java","204","PARAMETER","addField(int,int,boolean,int,net.minecraft.network.chat.Component)","width","width","待命名"
"src/main/java/xiaocaoawa/minecraft/mod/cobblebattle/client/AuthScreen.java","204","PARAMETER","addField(int,int,boolean,int,net.minecraft.network.chat.Component)","label","label","待命名"
"src/main/java/xiaocaoawa/minecraft/mod/cobblebattle/client/AuthScreen.java","205","LOCAL_VARIABLE","addField(int,int,boolean,int,net.minecraft.network.chat.Component)","box","box","待命名"
"src/main/java/xiaocaoawa/minecraft/mod/cobblebattle/client/AuthScreen.java","209","PARAMETER","addField(int,int,boolean,int,net.minecraft.network.chat.Component)","value","value","待命名"
"src/main/java/xiaocaoawa/minecraft/mod/cobblebattle/client/AuthScreen.java","214","PARAMETER","addField(int,int,boolean,int,net.minecraft.network.chat.Component)","text","text","待命名"
"src/main/java/xiaocaoawa/minecraft/mod/cobblebattle/client/AuthScreen.java","214","PARAMETER","addField(int,int,boolean,int,net.minecraft.network.chat.Component)","offset","offset","待命名"
"src/main/java/xiaocaoawa/minecraft/mod/cobblebattle/client/AuthScreen.java","221","METHOD","xiaocaoawa.minecraft.mod.cobblebattle.client.AuthScreen","textY","textY","待命名"
"src/main/java/xiaocaoawa/minecraft/mod/cobblebattle/client/AuthScreen.java","221","PARAMETER","textY(int)","fieldY","fieldY","待命名"
"src/main/java/xiaocaoawa/minecraft/mod/cobblebattle/client/AuthScreen.java","225","METHOD","xiaocaoawa.minecraft.mod.cobblebattle.client.AuthScreen","refreshSubmit","refreshSubmit","待命名"
"src/main/java/xiaocaoawa/minecraft/mod/cobblebattle/client/AuthScreen.java","227","LOCAL_VARIABLE","refreshSubmit()","top","top","待命名"
"src/main/java/xiaocaoawa/minecraft/mod/cobblebattle/client/AuthScreen.java","228","LOCAL_VARIABLE","refreshSubmit()","identified","identified","待命名"
"src/main/java/xiaocaoawa/minecraft/mod/cobblebattle/client/AuthScreen.java","229","LOCAL_VARIABLE","refreshSubmit()","coded","coded","待命名"
"src/main/java/xiaocaoawa/minecraft/mod/cobblebattle/client/AuthScreen.java","234","METHOD","xiaocaoawa.minecraft.mod.cobblebattle.client.AuthScreen","updateCodeButton","updateCodeButton","待命名"
"src/main/java/xiaocaoawa/minecraft/mod/cobblebattle/client/AuthScreen.java","242","METHOD","xiaocaoawa.minecraft.mod.cobblebattle.client.AuthScreen","requestCode","requestCode","待命名"
"src/main/java/xiaocaoawa/minecraft/mod/cobblebattle/client/AuthScreen.java","262","METHOD","xiaocaoawa.minecraft.mod.cobblebattle.client.AuthScreen","send","send","待命名"
"src/main/java/xiaocaoawa/minecraft/mod/cobblebattle/client/AuthScreen.java","264","LOCAL_VARIABLE","send()","password","password","待命名"
"src/main/java/xiaocaoawa/minecraft/mod/cobblebattle/client/AuthScreen.java","268","LOCAL_VARIABLE","send()","id","id","待命名"
"src/main/java/xiaocaoawa/minecraft/mod/cobblebattle/client/AuthScreen.java","269","LOCAL_VARIABLE","send()","email","email","待命名"
"src/main/java/xiaocaoawa/minecraft/mod/cobblebattle/client/AuthScreen.java","270","LOCAL_VARIABLE","send()","code","code","待命名"
"src/main/java/xiaocaoawa/minecraft/mod/cobblebattle/client/AuthScreen.java","281","METHOD","xiaocaoawa.minecraft.mod.cobblebattle.client.AuthScreen","onResult","onResult","待命名"
"src/main/java/xiaocaoawa/minecraft/mod/cobblebattle/client/AuthScreen.java","281","PARAMETER","onResult(boolean,java.lang.String)","ok","ok","待命名"
"src/main/java/xiaocaoawa/minecraft/mod/cobblebattle/client/AuthScreen.java","281","PARAMETER","onResult(boolean,java.lang.String)","message","document","待验证"
"src/main/java/xiaocaoawa/minecraft/mod/cobblebattle/client/AuthScreen.java","311","PARAMETER","renderBackground(net.minecraft.client.gui.GuiGraphics,int,int,float)","graphics","graphics","待命名"
"src/main/java/xiaocaoawa/minecraft/mod/cobblebattle/client/AuthScreen.java","311","PARAMETER","renderBackground(net.minecraft.client.gui.GuiGraphics,int,int,float)","mouseX","mouseX","待命名"
"src/main/java/xiaocaoawa/minecraft/mod/cobblebattle/client/AuthScreen.java","311","PARAMETER","renderBackground(net.minecraft.client.gui.GuiGraphics,int,int,float)","mouseY","mouseY","待命名"
"src/main/java/xiaocaoawa/minecraft/mod/cobblebattle/client/AuthScreen.java","311","PARAMETER","renderBackground(net.minecraft.client.gui.GuiGraphics,int,int,float)","partialTick","partialTick","待命名"
"src/main/java/xiaocaoawa/minecraft/mod/cobblebattle/client/AuthScreen.java","314","PARAMETER","render(net.minecraft.client.gui.GuiGraphics,int,int,float)","graphics","graphics","待命名"
"src/main/java/xiaocaoawa/minecraft/mod/cobblebattle/client/AuthScreen.java","314","PARAMETER","render(net.minecraft.client.gui.GuiGraphics,int,int,float)","mouseX","mouseX","待命名"
"src/main/java/xiaocaoawa/minecraft/mod/cobblebattle/client/AuthScreen.java","314","PARAMETER","render(net.minecraft.client.gui.GuiGraphics,int,int,float)","mouseY","mouseY","待命名"
"src/main/java/xiaocaoawa/minecraft/mod/cobblebattle/client/AuthScreen.java","314","PARAMETER","render(net.minecraft.client.gui.GuiGraphics,int,int,float)","partialTick","partialTick","待命名"
"src/main/java/xiaocaoawa/minecraft/mod/cobblebattle/client/AuthScreen.java","330","METHOD","xiaocaoawa.minecraft.mod.cobblebattle.client.AuthScreen","drawTitle","drawTitle","待命名"
"src/main/java/xiaocaoawa/minecraft/mod/cobblebattle/client/AuthScreen.java","330","PARAMETER","drawTitle(net.minecraft.client.gui.GuiGraphics)","graphics","graphics","待命名"
"src/main/java/xiaocaoawa/minecraft/mod/cobblebattle/client/AuthScreen.java","331","LOCAL_VARIABLE","drawTitle(net.minecraft.client.gui.GuiGraphics)","centreX","centreX","待命名"
"src/main/java/xiaocaoawa/minecraft/mod/cobblebattle/client/AuthScreen.java","332","LOCAL_VARIABLE","drawTitle(net.minecraft.client.gui.GuiGraphics)","y","y","待命名"
"src/main/java/xiaocaoawa/minecraft/mod/cobblebattle/client/AuthScreen.java","336","METHOD","xiaocaoawa.minecraft.mod.cobblebattle.client.AuthScreen","drawAvatar","drawAvatar","待命名"
"src/main/java/xiaocaoawa/minecraft/mod/cobblebattle/client/AuthScreen.java","336","PARAMETER","drawAvatar(net.minecraft.client.gui.GuiGraphics)","graphics","graphics","待命名"
"src/main/java/xiaocaoawa/minecraft/mod/cobblebattle/client/AuthScreen.java","337","LOCAL_VARIABLE","drawAvatar(net.minecraft.client.gui.GuiGraphics)","skin","skin","待命名"
"src/main/java/xiaocaoawa/minecraft/mod/cobblebattle/client/AuthScreen.java","339","LOCAL_VARIABLE","drawAvatar(net.minecraft.client.gui.GuiGraphics)","var6","var6","待命名"
"src/main/java/xiaocaoawa/minecraft/mod/cobblebattle/client/AuthScreen.java","340","LOCAL_VARIABLE","drawAvatar(net.minecraft.client.gui.GuiGraphics)","x","x","待命名"
"src/main/java/xiaocaoawa/minecraft/mod/cobblebattle/client/AuthScreen.java","341","LOCAL_VARIABLE","drawAvatar(net.minecraft.client.gui.GuiGraphics)","y","y","待命名"
"src/main/java/xiaocaoawa/minecraft/mod/cobblebattle/client/AuthScreen.java","347","METHOD","xiaocaoawa.minecraft.mod.cobblebattle.client.AuthScreen","drawPlayerName","drawParticipantName","待验证"
"src/main/java/xiaocaoawa/minecraft/mod/cobblebattle/client/AuthScreen.java","347","PARAMETER","drawPlayerName(net.minecraft.client.gui.GuiGraphics)","graphics","graphics","待命名"
"src/main/java/xiaocaoawa/minecraft/mod/cobblebattle/client/AuthScreen.java","353","METHOD","xiaocaoawa.minecraft.mod.cobblebattle.client.AuthScreen","drawField","drawField","待命名"
"src/main/java/xiaocaoawa/minecraft/mod/cobblebattle/client/AuthScreen.java","353","PARAMETER","drawField(net.minecraft.client.gui.GuiGraphics,int,net.minecraft.client.gui.components.EditBox,int)","graphics","graphics","待命名"
"src/main/java/xiaocaoawa/minecraft/mod/cobblebattle/client/AuthScreen.java","353","PARAMETER","drawField(net.minecraft.client.gui.GuiGraphics,int,net.minecraft.client.gui.components.EditBox,int)","y","y","待命名"
"src/main/java/xiaocaoawa/minecraft/mod/cobblebattle/client/AuthScreen.java","353","PARAMETER","drawField(net.minecraft.client.gui.GuiGraphics,int,net.minecraft.client.gui.components.EditBox,int)","box","box","待命名"
"src/main/java/xiaocaoawa/minecraft/mod/cobblebattle/client/AuthScreen.java","353","PARAMETER","drawField(net.minecraft.client.gui.GuiGraphics,int,net.minecraft.client.gui.components.EditBox,int)","width","width","待命名"
"src/main/java/xiaocaoawa/minecraft/mod/cobblebattle/client/AuthScreen.java","355","LOCAL_VARIABLE","drawField(net.minecraft.client.gui.GuiGraphics,int,net.minecraft.client.gui.components.EditBox,int)","left","left","待命名"
"src/main/java/xiaocaoawa/minecraft/mod/cobblebattle/client/AuthScreen.java","356","LOCAL_VARIABLE","drawField(net.minecraft.client.gui.GuiGraphics,int,net.minecraft.client.gui.components.EditBox,int)","top","top","待命名"
"src/main/java/xiaocaoawa/minecraft/mod/cobblebattle/client/AuthScreen.java","362","METHOD","xiaocaoawa.minecraft.mod.cobblebattle.client.AuthScreen","drawPlaceholders","drawPlaceholders","待命名"
"src/main/java/xiaocaoawa/minecraft/mod/cobblebattle/client/AuthScreen.java","362","PARAMETER","drawPlaceholders(net.minecraft.client.gui.GuiGraphics)","graphics","graphics","待命名"
"src/main/java/xiaocaoawa/minecraft/mod/cobblebattle/client/AuthScreen.java","370","METHOD","xiaocaoawa.minecraft.mod.cobblebattle.client.AuthScreen","hint","hint","待命名"
"src/main/java/xiaocaoawa/minecraft/mod/cobblebattle/client/AuthScreen.java","370","PARAMETER","hint(net.minecraft.client.gui.GuiGraphics,net.minecraft.client.gui.components.EditBox,int,java.lang.String)","graphics","graphics","待命名"
"src/main/java/xiaocaoawa/minecraft/mod/cobblebattle/client/AuthScreen.java","370","PARAMETER","hint(net.minecraft.client.gui.GuiGraphics,net.minecraft.client.gui.components.EditBox,int,java.lang.String)","box","box","待命名"
"src/main/java/xiaocaoawa/minecraft/mod/cobblebattle/client/AuthScreen.java","370","PARAMETER","hint(net.minecraft.client.gui.GuiGraphics,net.minecraft.client.gui.components.EditBox,int,java.lang.String)","y","y","待命名"
"src/main/java/xiaocaoawa/minecraft/mod/cobblebattle/client/AuthScreen.java","370","PARAMETER","hint(net.minecraft.client.gui.GuiGraphics,net.minecraft.client.gui.components.EditBox,int,java.lang.String)","key","key","待命名"
"src/main/java/xiaocaoawa/minecraft/mod/cobblebattle/client/AuthScreen.java","376","METHOD","xiaocaoawa.minecraft.mod.cobblebattle.client.AuthScreen","drawStatus","drawStatus","待命名"
"src/main/java/xiaocaoawa/minecraft/mod/cobblebattle/client/AuthScreen.java","376","PARAMETER","drawStatus(net.minecraft.client.gui.GuiGraphics)","graphics","graphics","待命名"
"src/main/java/xiaocaoawa/minecraft/mod/cobblebattle/client/AuthScreen.java","377","LOCAL_VARIABLE","drawStatus(net.minecraft.client.gui.GuiGraphics)","text","text","待命名"
"src/main/java/xiaocaoawa/minecraft/mod/cobblebattle/client/AuthScreen.java","383","PARAMETER","keyPressed(int,int,int)","keyCode","keyCode","待命名"
"src/main/java/xiaocaoawa/minecraft/mod/cobblebattle/client/AuthScreen.java","383","PARAMETER","keyPressed(int,int,int)","scanCode","scanCode","待命名"
"src/main/java/xiaocaoawa/minecraft/mod/cobblebattle/client/AuthScreen.java","383","PARAMETER","keyPressed(int,int,int)","modifiers","modifiers","待命名"
"src/main/java/xiaocaoawa/minecraft/mod/cobblebattle/client/AuthScreen.java","387","LOCAL_VARIABLE","keyPressed(int,int,int)","next","next","待命名"
"src/main/java/xiaocaoawa/minecraft/mod/cobblebattle/client/AuthScreen.java","398","METHOD","xiaocaoawa.minecraft.mod.cobblebattle.client.AuthScreen","nextAfterFocused","nextAfterFocused","待命名"
"src/main/java/xiaocaoawa/minecraft/mod/cobblebattle/client/AuthScreen.java","399","LOCAL_VARIABLE","nextAfterFocused()","order","order","待命名"
"src/main/java/xiaocaoawa/minecraft/mod/cobblebattle/client/AuthScreen.java","400","LOCAL_VARIABLE","nextAfterFocused()","seen","seen","待命名"
"src/main/java/xiaocaoawa/minecraft/mod/cobblebattle/client/AuthScreen.java","402","LOCAL_VARIABLE","nextAfterFocused()","box","box","待命名"
"src/main/java/xiaocaoawa/minecraft/mod/cobblebattle/client/AuthScreen.java","424","PARAMETER","LinkButton(int,int,int,int,net.minecraft.network.chat.Component,net.minecraft.client.gui.components.Button.OnPress)","x","x","待命名"
"src/main/java/xiaocaoawa/minecraft/mod/cobblebattle/client/AuthScreen.java","424","PARAMETER","LinkButton(int,int,int,int,net.minecraft.network.chat.Component,net.minecraft.client.gui.components.Button.OnPress)","y","y","待命名"
"src/main/java/xiaocaoawa/minecraft/mod/cobblebattle/client/AuthScreen.java","424","PARAMETER","LinkButton(int,int,int,int,net.minecraft.network.chat.Component,net.minecraft.client.gui.components.Button.OnPress)","width","width","待命名"
"src/main/java/xiaocaoawa/minecraft/mod/cobblebattle/client/AuthScreen.java","424","PARAMETER","LinkButton(int,int,int,int,net.minecraft.network.chat.Component,net.minecraft.client.gui.components.Button.OnPress)","height","height","待命名"
"src/main/java/xiaocaoawa/minecraft/mod/cobblebattle/client/AuthScreen.java","424","PARAMETER","LinkButton(int,int,int,int,net.minecraft.network.chat.Component,net.minecraft.client.gui.components.Button.OnPress)","label","label","待命名"
"src/main/java/xiaocaoawa/minecraft/mod/cobblebattle/client/AuthScreen.java","424","PARAMETER","LinkButton(int,int,int,int,net.minecraft.network.chat.Component,net.minecraft.client.gui.components.Button.OnPress)","onPress","onPress","待命名"
"src/main/java/xiaocaoawa/minecraft/mod/cobblebattle/client/AuthScreen.java","428","PARAMETER","renderWidget(net.minecraft.client.gui.GuiGraphics,int,int,float)","graphics","graphics","待命名"
"src/main/java/xiaocaoawa/minecraft/mod/cobblebattle/client/AuthScreen.java","428","PARAMETER","renderWidget(net.minecraft.client.gui.GuiGraphics,int,int,float)","mouseX","mouseX","待命名"
"src/main/java/xiaocaoawa/minecraft/mod/cobblebattle/client/AuthScreen.java","428","PARAMETER","renderWidget(net.minecraft.client.gui.GuiGraphics,int,int,float)","mouseY","mouseY","待命名"
"src/main/java/xiaocaoawa/minecraft/mod/cobblebattle/client/AuthScreen.java","428","PARAMETER","renderWidget(net.minecraft.client.gui.GuiGraphics,int,int,float)","partialTick","partialTick","待命名"
"src/main/java/xiaocaoawa/minecraft/mod/cobblebattle/client/AuthScreen.java","439","PARAMETER","updateWidgetNarration(net.minecraft.client.gui.narration.NarrationElementOutput)","output","output","待命名"
"src/main/java/xiaocaoawa/minecraft/mod/cobblebattle/client/AuthScreen.java","445","PARAMETER","PanelButton(int,int,int,int,net.minecraft.network.chat.Component,net.minecraft.client.gui.components.Button.OnPress)","x","x","待命名"
"src/main/java/xiaocaoawa/minecraft/mod/cobblebattle/client/AuthScreen.java","445","PARAMETER","PanelButton(int,int,int,int,net.minecraft.network.chat.Component,net.minecraft.client.gui.components.Button.OnPress)","y","y","待命名"
"src/main/java/xiaocaoawa/minecraft/mod/cobblebattle/client/AuthScreen.java","445","PARAMETER","PanelButton(int,int,int,int,net.minecraft.network.chat.Component,net.minecraft.client.gui.components.Button.OnPress)","width","width","待命名"
"src/main/java/xiaocaoawa/minecraft/mod/cobblebattle/client/AuthScreen.java","445","PARAMETER","PanelButton(int,int,int,int,net.minecraft.network.chat.Component,net.minecraft.client.gui.components.Button.OnPress)","height","height","待命名"
"src/main/java/xiaocaoawa/minecraft/mod/cobblebattle/client/AuthScreen.java","445","PARAMETER","PanelButton(int,int,int,int,net.minecraft.network.chat.Component,net.minecraft.client.gui.components.Button.OnPress)","label","label","待命名"
"src/main/java/xiaocaoawa/minecraft/mod/cobblebattle/client/AuthScreen.java","445","PARAMETER","PanelButton(int,int,int,int,net.minecraft.network.chat.Component,net.minecraft.client.gui.components.Button.OnPress)","onPress","onPress","待命名"
"src/main/java/xiaocaoawa/minecraft/mod/cobblebattle/client/AuthScreen.java","449","PARAMETER","renderWidget(net.minecraft.client.gui.GuiGraphics,int,int,float)","graphics","graphics","待命名"
"src/main/java/xiaocaoawa/minecraft/mod/cobblebattle/client/AuthScreen.java","449","PARAMETER","renderWidget(net.minecraft.client.gui.GuiGraphics,int,int,float)","mouseX","mouseX","待命名"
"src/main/java/xiaocaoawa/minecraft/mod/cobblebattle/client/AuthScreen.java","449","PARAMETER","renderWidget(net.minecraft.client.gui.GuiGraphics,int,int,float)","mouseY","mouseY","待命名"
"src/main/java/xiaocaoawa/minecraft/mod/cobblebattle/client/AuthScreen.java","449","PARAMETER","renderWidget(net.minecraft.client.gui.GuiGraphics,int,int,float)","partialTick","partialTick","待命名"
"src/main/java/xiaocaoawa/minecraft/mod/cobblebattle/client/AuthScreen.java","450","LOCAL_VARIABLE","renderWidget(net.minecraft.client.gui.GuiGraphics,int,int,float)","left","left","待命名"
"src/main/java/xiaocaoawa/minecraft/mod/cobblebattle/client/AuthScreen.java","451","LOCAL_VARIABLE","renderWidget(net.minecraft.client.gui.GuiGraphics,int,int,float)","top","top","待命名"
"src/main/java/xiaocaoawa/minecraft/mod/cobblebattle/client/AuthScreen.java","452","LOCAL_VARIABLE","renderWidget(net.minecraft.client.gui.GuiGraphics,int,int,float)","right","right","待命名"
"src/main/java/xiaocaoawa/minecraft/mod/cobblebattle/client/AuthScreen.java","453","LOCAL_VARIABLE","renderWidget(net.minecraft.client.gui.GuiGraphics,int,int,float)","bottom","bottom","待命名"
"src/main/java/xiaocaoawa/minecraft/mod/cobblebattle/client/AuthScreen.java","454","LOCAL_VARIABLE","renderWidget(net.minecraft.client.gui.GuiGraphics,int,int,float)","fill","fill","待命名"
"src/main/java/xiaocaoawa/minecraft/mod/cobblebattle/client/AuthScreen.java","462","PARAMETER","updateWidgetNarration(net.minecraft.client.gui.narration.NarrationElementOutput)","output","output","待命名"
"src/main/java/xiaocaoawa/minecraft/mod/cobblebattle/client/AuthScreenHandler.java","20","PARAMETER","init()","payload","body","待验证"
"src/main/java/xiaocaoawa/minecraft/mod/cobblebattle/client/AuthScreenHandler.java","20","PARAMETER","init()","context","context","待命名"
"src/main/java/xiaocaoawa/minecraft/mod/cobblebattle/client/AuthScreenHandler.java","24","PARAMETER","init()","payload","payload","待命名"
"src/main/java/xiaocaoawa/minecraft/mod/cobblebattle/client/AuthScreenHandler.java","24","PARAMETER","init()","context","context","待命名"
"src/main/java/xiaocaoawa/minecraft/mod/cobblebattle/client/AuthScreenHandler.java","25","BINDING_VARIABLE","init()","screen","screen","待命名"
"src/main/java/xiaocaoawa/minecraft/mod/cobblebattle/client/AuthScreenHandler.java","31","METHOD","xiaocaoawa.minecraft.mod.cobblebattle.client.AuthScreenHandler","submit","submit","待命名"
"src/main/java/xiaocaoawa/minecraft/mod/cobblebattle/client/AuthScreenHandler.java","31","PARAMETER","submit(xiaocaoawa.minecraft.mod.cobblebattle.account.AuthMode,java.lang.String,java.lang.String,java.lang.String,java.lang.String)","mode","mode","待命名"
"src/main/java/xiaocaoawa/minecraft/mod/cobblebattle/client/AuthScreenHandler.java","31","PARAMETER","submit(xiaocaoawa.minecraft.mod.cobblebattle.account.AuthMode,java.lang.String,java.lang.String,java.lang.String,java.lang.String)","accountId","accountId","待命名"
"src/main/java/xiaocaoawa/minecraft/mod/cobblebattle/client/AuthScreenHandler.java","31","PARAMETER","submit(xiaocaoawa.minecraft.mod.cobblebattle.account.AuthMode,java.lang.String,java.lang.String,java.lang.String,java.lang.String)","email","email","待命名"
"src/main/java/xiaocaoawa/minecraft/mod/cobblebattle/client/AuthScreenHandler.java","31","PARAMETER","submit(xiaocaoawa.minecraft.mod.cobblebattle.account.AuthMode,java.lang.String,java.lang.String,java.lang.String,java.lang.String)","password","password","待命名"
"src/main/java/xiaocaoawa/minecraft/mod/cobblebattle/client/AuthScreenHandler.java","31","PARAMETER","submit(xiaocaoawa.minecraft.mod.cobblebattle.account.AuthMode,java.lang.String,java.lang.String,java.lang.String,java.lang.String)","code","code","待命名"
"src/main/java/xiaocaoawa/minecraft/mod/cobblebattle/client/BackButton.java","12","FIELD","xiaocaoawa.minecraft.mod.cobblebattle.client.BackButton","FILL","FILL","待命名"
"src/main/java/xiaocaoawa/minecraft/mod/cobblebattle/client/BackButton.java","13","FIELD","xiaocaoawa.minecraft.mod.cobblebattle.client.BackButton","FILL_HOVER","FILL_HOVER","待命名"
"src/main/java/xiaocaoawa/minecraft/mod/cobblebattle/client/BackButton.java","14","FIELD","xiaocaoawa.minecraft.mod.cobblebattle.client.BackButton","EDGE","EDGE","待命名"
"src/main/java/xiaocaoawa/minecraft/mod/cobblebattle/client/BackButton.java","15","FIELD","xiaocaoawa.minecraft.mod.cobblebattle.client.BackButton","TEXT","TEXT","待命名"
"src/main/java/xiaocaoawa/minecraft/mod/cobblebattle/client/BackButton.java","20","PARAMETER","draw(net.minecraft.client.gui.GuiGraphics,net.minecraft.client.gui.Font,int,int,int,int)","graphics","graphics","待命名"
"src/main/java/xiaocaoawa/minecraft/mod/cobblebattle/client/BackButton.java","20","PARAMETER","draw(net.minecraft.client.gui.GuiGraphics,net.minecraft.client.gui.Font,int,int,int,int)","font","font","待命名"
"src/main/java/xiaocaoawa/minecraft/mod/cobblebattle/client/BackButton.java","20","PARAMETER","draw(net.minecraft.client.gui.GuiGraphics,net.minecraft.client.gui.Font,int,int,int,int)","originX","originX","待命名"
"src/main/java/xiaocaoawa/minecraft/mod/cobblebattle/client/BackButton.java","20","PARAMETER","draw(net.minecraft.client.gui.GuiGraphics,net.minecraft.client.gui.Font,int,int,int,int)","originY","originY","待命名"
"src/main/java/xiaocaoawa/minecraft/mod/cobblebattle/client/BackButton.java","20","PARAMETER","draw(net.minecraft.client.gui.GuiGraphics,net.minecraft.client.gui.Font,int,int,int,int)","mouseX","mouseX","待命名"
"src/main/java/xiaocaoawa/minecraft/mod/cobblebattle/client/BackButton.java","20","PARAMETER","draw(net.minecraft.client.gui.GuiGraphics,net.minecraft.client.gui.Font,int,int,int,int)","mouseY","mouseY","待命名"
"src/main/java/xiaocaoawa/minecraft/mod/cobblebattle/client/BackButton.java","21","LOCAL_VARIABLE","draw(net.minecraft.client.gui.GuiGraphics,net.minecraft.client.gui.Font,int,int,int,int)","x","x","待命名"
"src/main/java/xiaocaoawa/minecraft/mod/cobblebattle/client/BackButton.java","22","LOCAL_VARIABLE","draw(net.minecraft.client.gui.GuiGraphics,net.minecraft.client.gui.Font,int,int,int,int)","y","y","待命名"
"src/main/java/xiaocaoawa/minecraft/mod/cobblebattle/client/BackButton.java","23","LOCAL_VARIABLE","draw(net.minecraft.client.gui.GuiGraphics,net.minecraft.client.gui.Font,int,int,int,int)","hover","hover","待命名"
"src/main/java/xiaocaoawa/minecraft/mod/cobblebattle/client/BackButton.java","32","PARAMETER","contains(int,int,double,double)","originX","originX","待命名"
"src/main/java/xiaocaoawa/minecraft/mod/cobblebattle/client/BackButton.java","32","PARAMETER","contains(int,int,double,double)","originY","originY","待命名"
"src/main/java/xiaocaoawa/minecraft/mod/cobblebattle/client/BackButton.java","32","PARAMETER","contains(int,int,double,double)","mouseX","mouseX","待命名"
"src/main/java/xiaocaoawa/minecraft/mod/cobblebattle/client/BackButton.java","32","PARAMETER","contains(int,int,double,double)","mouseY","mouseY","待命名"
"src/main/java/xiaocaoawa/minecraft/mod/cobblebattle/client/BackButton.java","33","LOCAL_VARIABLE","contains(int,int,double,double)","x","x","待命名"
"src/main/java/xiaocaoawa/minecraft/mod/cobblebattle/client/BackButton.java","34","LOCAL_VARIABLE","contains(int,int,double,double)","y","y","待命名"
"src/main/java/xiaocaoawa/minecraft/mod/cobblebattle/client/Backdrop.java","7","FIELD","xiaocaoawa.minecraft.mod.cobblebattle.client.Backdrop","POKE_BALL","POKE_BALL","待命名"
"src/main/java/xiaocaoawa/minecraft/mod/cobblebattle/client/Backdrop.java","8","FIELD","xiaocaoawa.minecraft.mod.cobblebattle.client.Backdrop","FRAMES","FRAMES","待命名"
"src/main/java/xiaocaoawa/minecraft/mod/cobblebattle/client/Backdrop.java","9","FIELD","xiaocaoawa.minecraft.mod.cobblebattle.client.Backdrop","FRAME_W","FRAME_W","待命名"
"src/main/java/xiaocaoawa/minecraft/mod/cobblebattle/client/Backdrop.java","10","FIELD","xiaocaoawa.minecraft.mod.cobblebattle.client.Backdrop","FRAME_H","FRAME_H","待命名"
"src/main/java/xiaocaoawa/minecraft/mod/cobblebattle/client/Backdrop.java","11","FIELD","xiaocaoawa.minecraft.mod.cobblebattle.client.Backdrop","SHEET_H","SHEET_H","待命名"
"src/main/java/xiaocaoawa/minecraft/mod/cobblebattle/client/Backdrop.java","12","FIELD","xiaocaoawa.minecraft.mod.cobblebattle.client.Backdrop","MS_PER_FRAME","MS_PER_FRAME","待命名"
"src/main/java/xiaocaoawa/minecraft/mod/cobblebattle/client/Backdrop.java","13","FIELD","xiaocaoawa.minecraft.mod.cobblebattle.client.Backdrop","SHOWN_W","SHOWN_W","待命名"
"src/main/java/xiaocaoawa/minecraft/mod/cobblebattle/client/Backdrop.java","14","FIELD","xiaocaoawa.minecraft.mod.cobblebattle.client.Backdrop","SHOWN_H","SHOWN_H","待命名"
"src/main/java/xiaocaoawa/minecraft/mod/cobblebattle/client/Backdrop.java","15","FIELD","xiaocaoawa.minecraft.mod.cobblebattle.client.Backdrop","HOLE_X","HOLE_X","待命名"
"src/main/java/xiaocaoawa/minecraft/mod/cobblebattle/client/Backdrop.java","16","FIELD","xiaocaoawa.minecraft.mod.cobblebattle.client.Backdrop","HOLE_Y","HOLE_Y","待命名"
"src/main/java/xiaocaoawa/minecraft/mod/cobblebattle/client/Backdrop.java","17","FIELD","xiaocaoawa.minecraft.mod.cobblebattle.client.Backdrop","HOLE_W","HOLE_W","待命名"
"src/main/java/xiaocaoawa/minecraft/mod/cobblebattle/client/Backdrop.java","18","FIELD","xiaocaoawa.minecraft.mod.cobblebattle.client.Backdrop","HOLE_H","HOLE_H","待命名"
"src/main/java/xiaocaoawa/minecraft/mod/cobblebattle/client/Backdrop.java","19","FIELD","xiaocaoawa.minecraft.mod.cobblebattle.client.Backdrop","X","X","待命名"
"src/main/java/xiaocaoawa/minecraft/mod/cobblebattle/client/Backdrop.java","20","FIELD","xiaocaoawa.minecraft.mod.cobblebattle.client.Backdrop","Y","Y","待命名"
"src/main/java/xiaocaoawa/minecraft/mod/cobblebattle/client/Backdrop.java","25","PARAMETER","draw(net.minecraft.client.gui.GuiGraphics,int,int)","graphics","graphics","待命名"
"src/main/java/xiaocaoawa/minecraft/mod/cobblebattle/client/Backdrop.java","25","PARAMETER","draw(net.minecraft.client.gui.GuiGraphics,int,int)","originX","originX","待命名"
"src/main/java/xiaocaoawa/minecraft/mod/cobblebattle/client/Backdrop.java","25","PARAMETER","draw(net.minecraft.client.gui.GuiGraphics,int,int)","originY","originY","待命名"
"src/main/java/xiaocaoawa/minecraft/mod/cobblebattle/client/Backdrop.java","26","LOCAL_VARIABLE","draw(net.minecraft.client.gui.GuiGraphics,int,int)","frame","frame","待命名"
"src/main/java/xiaocaoawa/minecraft/mod/cobblebattle/client/Backdrop.java","27","LOCAL_VARIABLE","draw(net.minecraft.client.gui.GuiGraphics,int,int)","left","left","待命名"
"src/main/java/xiaocaoawa/minecraft/mod/cobblebattle/client/Backdrop.java","28","LOCAL_VARIABLE","draw(net.minecraft.client.gui.GuiGraphics,int,int)","top","top","待命名"
"src/main/java/xiaocaoawa/minecraft/mod/cobblebattle/client/ChatHud.java","13","FIELD","xiaocaoawa.minecraft.mod.cobblebattle.client.ChatHud","ROWS_PER_NOTCH","ROWS_PER_NOTCH","待命名"
"src/main/java/xiaocaoawa/minecraft/mod/cobblebattle/client/ChatHud.java","18","PARAMETER","render(net.minecraft.client.gui.GuiGraphics)","graphics","graphics","待命名"
"src/main/java/xiaocaoawa/minecraft/mod/cobblebattle/client/ChatHud.java","19","LOCAL_VARIABLE","render(net.minecraft.client.gui.GuiGraphics)","minecraft","minecraft","待命名"
"src/main/java/xiaocaoawa/minecraft/mod/cobblebattle/client/ChatHud.java","27","PARAMETER","drawOver(net.minecraft.client.gui.screens.Screen,net.minecraft.client.gui.GuiGraphics,int,int)","screen","screen","待命名"
"src/main/java/xiaocaoawa/minecraft/mod/cobblebattle/client/ChatHud.java","27","PARAMETER","drawOver(net.minecraft.client.gui.screens.Screen,net.minecraft.client.gui.GuiGraphics,int,int)","graphics","graphics","待命名"
"src/main/java/xiaocaoawa/minecraft/mod/cobblebattle/client/ChatHud.java","27","PARAMETER","drawOver(net.minecraft.client.gui.screens.Screen,net.minecraft.client.gui.GuiGraphics,int,int)","mouseX","mouseX","待命名"
"src/main/java/xiaocaoawa/minecraft/mod/cobblebattle/client/ChatHud.java","27","PARAMETER","drawOver(net.minecraft.client.gui.screens.Screen,net.minecraft.client.gui.GuiGraphics,int,int)","mouseY","mouseY","待命名"
"src/main/java/xiaocaoawa/minecraft/mod/cobblebattle/client/ChatHud.java","28","LOCAL_VARIABLE","drawOver(net.minecraft.client.gui.screens.Screen,net.minecraft.client.gui.GuiGraphics,int,int)","minecraft","minecraft","待命名"
"src/main/java/xiaocaoawa/minecraft/mod/cobblebattle/client/ChatHud.java","37","PARAMETER","drawNameCard(net.minecraft.client.gui.GuiGraphics,int,int)","graphics","graphics","待命名"
"src/main/java/xiaocaoawa/minecraft/mod/cobblebattle/client/ChatHud.java","37","PARAMETER","drawNameCard(net.minecraft.client.gui.GuiGraphics,int,int)","mouseX","mouseX","待命名"
"src/main/java/xiaocaoawa/minecraft/mod/cobblebattle/client/ChatHud.java","37","PARAMETER","drawNameCard(net.minecraft.client.gui.GuiGraphics,int,int)","mouseY","mouseY","待命名"
"src/main/java/xiaocaoawa/minecraft/mod/cobblebattle/client/ChatHud.java","38","LOCAL_VARIABLE","drawNameCard(net.minecraft.client.gui.GuiGraphics,int,int)","line","line","待命名"
"src/main/java/xiaocaoawa/minecraft/mod/cobblebattle/client/ChatHud.java","40","LOCAL_VARIABLE","drawNameCard(net.minecraft.client.gui.GuiGraphics,int,int)","card","card","待命名"
"src/main/java/xiaocaoawa/minecraft/mod/cobblebattle/client/ChatHud.java","49","PARAMETER","interactiveOver(net.minecraft.client.gui.screens.Screen)","screen","screen","待命名"
"src/main/java/xiaocaoawa/minecraft/mod/cobblebattle/client/ChatHud.java","55","METHOD","xiaocaoawa.minecraft.mod.cobblebattle.client.ChatHud","draw","draw","待命名"
"src/main/java/xiaocaoawa/minecraft/mod/cobblebattle/client/ChatHud.java","55","PARAMETER","draw(net.minecraft.client.gui.GuiGraphics,int,int,java.lang.String)","graphics","graphics","待命名"
"src/main/java/xiaocaoawa/minecraft/mod/cobblebattle/client/ChatHud.java","55","PARAMETER","draw(net.minecraft.client.gui.GuiGraphics,int,int,java.lang.String)","screenWidth","screenWidth","待命名"
"src/main/java/xiaocaoawa/minecraft/mod/cobblebattle/client/ChatHud.java","55","PARAMETER","draw(net.minecraft.client.gui.GuiGraphics,int,int,java.lang.String)","screenHeight","screenHeight","待命名"
"src/main/java/xiaocaoawa/minecraft/mod/cobblebattle/client/ChatHud.java","55","PARAMETER","draw(net.minecraft.client.gui.GuiGraphics,int,int,java.lang.String)","draft","draft","待命名"
"src/main/java/xiaocaoawa/minecraft/mod/cobblebattle/client/ChatHud.java","56","LOCAL_VARIABLE","draw(net.minecraft.client.gui.GuiGraphics,int,int,java.lang.String)","minecraft","minecraft","待命名"
"src/main/java/xiaocaoawa/minecraft/mod/cobblebattle/client/ChatHud.java","57","LOCAL_VARIABLE","draw(net.minecraft.client.gui.GuiGraphics,int,int,java.lang.String)","originX","originX","待命名"
"src/main/java/xiaocaoawa/minecraft/mod/cobblebattle/client/ChatHud.java","58","LOCAL_VARIABLE","draw(net.minecraft.client.gui.GuiGraphics,int,int,java.lang.String)","originY","originY","待命名"
"src/main/java/xiaocaoawa/minecraft/mod/cobblebattle/client/ChatHud.java","61","LOCAL_VARIABLE","draw(net.minecraft.client.gui.GuiGraphics,int,int,java.lang.String)","empty","empty","待命名"
"src/main/java/xiaocaoawa/minecraft/mod/cobblebattle/client/ChatHud.java","72","PARAMETER","scroll(double)","notches","notches","待命名"
"src/main/java/xiaocaoawa/minecraft/mod/cobblebattle/client/ChatHud.java","73","LOCAL_VARIABLE","scroll(double)","wanted","connectionRequested","待验证"
"src/main/java/xiaocaoawa/minecraft/mod/cobblebattle/client/ChatHud.java","74","LOCAL_VARIABLE","scroll(double)","max","max","待命名"
"src/main/java/xiaocaoawa/minecraft/mod/cobblebattle/client/ChatHud.java","78","METHOD","xiaocaoawa.minecraft.mod.cobblebattle.client.ChatHud","drawHint","drawHint","待命名"
"src/main/java/xiaocaoawa/minecraft/mod/cobblebattle/client/ChatHud.java","78","PARAMETER","drawHint(net.minecraft.client.gui.GuiGraphics,int,int)","graphics","graphics","待命名"
"src/main/java/xiaocaoawa/minecraft/mod/cobblebattle/client/ChatHud.java","78","PARAMETER","drawHint(net.minecraft.client.gui.GuiGraphics,int,int)","originX","originX","待命名"
"src/main/java/xiaocaoawa/minecraft/mod/cobblebattle/client/ChatHud.java","78","PARAMETER","drawHint(net.minecraft.client.gui.GuiGraphics,int,int)","originY","originY","待命名"
"src/main/java/xiaocaoawa/minecraft/mod/cobblebattle/client/ChatHud.java","79","LOCAL_VARIABLE","drawHint(net.minecraft.client.gui.GuiGraphics,int,int)","minecraft","minecraft","待命名"
"src/main/java/xiaocaoawa/minecraft/mod/cobblebattle/client/ChatHud.java","80","LOCAL_VARIABLE","drawHint(net.minecraft.client.gui.GuiGraphics,int,int)","hint","hint","待命名"
"src/main/java/xiaocaoawa/minecraft/mod/cobblebattle/client/ChatHud.java","81","LOCAL_VARIABLE","drawHint(net.minecraft.client.gui.GuiGraphics,int,int)","left","left","待命名"
"src/main/java/xiaocaoawa/minecraft/mod/cobblebattle/client/ChatHud.java","82","LOCAL_VARIABLE","drawHint(net.minecraft.client.gui.GuiGraphics,int,int)","top","top","待命名"
"src/main/java/xiaocaoawa/minecraft/mod/cobblebattle/client/ChatHud.java","88","METHOD","xiaocaoawa.minecraft.mod.cobblebattle.client.ChatHud","drawDraft","drawDraft","待命名"
"src/main/java/xiaocaoawa/minecraft/mod/cobblebattle/client/ChatHud.java","88","PARAMETER","drawDraft(net.minecraft.client.gui.GuiGraphics,int,int,java.lang.String)","graphics","graphics","待命名"
"src/main/java/xiaocaoawa/minecraft/mod/cobblebattle/client/ChatHud.java","88","PARAMETER","drawDraft(net.minecraft.client.gui.GuiGraphics,int,int,java.lang.String)","originX","originX","待命名"
"src/main/java/xiaocaoawa/minecraft/mod/cobblebattle/client/ChatHud.java","88","PARAMETER","drawDraft(net.minecraft.client.gui.GuiGraphics,int,int,java.lang.String)","originY","originY","待命名"
"src/main/java/xiaocaoawa/minecraft/mod/cobblebattle/client/ChatHud.java","88","PARAMETER","drawDraft(net.minecraft.client.gui.GuiGraphics,int,int,java.lang.String)","draft","draft","待命名"
"src/main/java/xiaocaoawa/minecraft/mod/cobblebattle/client/ChatHud.java","89","LOCAL_VARIABLE","drawDraft(net.minecraft.client.gui.GuiGraphics,int,int,java.lang.String)","minecraft","minecraft","待命名"
"src/main/java/xiaocaoawa/minecraft/mod/cobblebattle/client/ChatHud.java","90","LOCAL_VARIABLE","drawDraft(net.minecraft.client.gui.GuiGraphics,int,int,java.lang.String)","left","left","待命名"
"src/main/java/xiaocaoawa/minecraft/mod/cobblebattle/client/ChatHud.java","91","LOCAL_VARIABLE","drawDraft(net.minecraft.client.gui.GuiGraphics,int,int,java.lang.String)","top","top","待命名"
"src/main/java/xiaocaoawa/minecraft/mod/cobblebattle/client/ChatHud.java","92","LOCAL_VARIABLE","drawDraft(net.minecraft.client.gui.GuiGraphics,int,int,java.lang.String)","usable","usable","待命名"
"src/main/java/xiaocaoawa/minecraft/mod/cobblebattle/client/ChatHud.java","93","LOCAL_VARIABLE","drawDraft(net.minecraft.client.gui.GuiGraphics,int,int,java.lang.String)","shown","shown","待命名"
"src/main/java/xiaocaoawa/minecraft/mod/cobblebattle/client/ChatHud.java","99","LOCAL_VARIABLE","drawDraft(net.minecraft.client.gui.GuiGraphics,int,int,java.lang.String)","textY","textY","待命名"
"src/main/java/xiaocaoawa/minecraft/mod/cobblebattle/client/ChatHud.java","103","LOCAL_VARIABLE","drawDraft(net.minecraft.client.gui.GuiGraphics,int,int,java.lang.String)","caretX","caretX","待命名"
"src/main/java/xiaocaoawa/minecraft/mod/cobblebattle/client/ChatInput.java","4","FIELD","xiaocaoawa.minecraft.mod.cobblebattle.client.ChatInput","MAX_LENGTH","MAX_LENGTH","待命名"
"src/main/java/xiaocaoawa/minecraft/mod/cobblebattle/client/ChatInput.java","5","FIELD","xiaocaoawa.minecraft.mod.cobblebattle.client.ChatInput","typing","typing","待命名"
"src/main/java/xiaocaoawa/minecraft/mod/cobblebattle/client/ChatInput.java","6","FIELD","xiaocaoawa.minecraft.mod.cobblebattle.client.ChatInput","draft","draft","待命名"
"src/main/java/xiaocaoawa/minecraft/mod/cobblebattle/client/ChatInput.java","27","METHOD","xiaocaoawa.minecraft.mod.cobblebattle.client.ChatInput","typable","typable","待命名"
"src/main/java/xiaocaoawa/minecraft/mod/cobblebattle/client/ChatInput.java","27","PARAMETER","typable(char)","ch","ch","待命名"
"src/main/java/xiaocaoawa/minecraft/mod/cobblebattle/client/ChatInput.java","31","PARAMETER","type(char)","ch","ch","待命名"
"src/main/java/xiaocaoawa/minecraft/mod/cobblebattle/client/ChatInput.java","54","LOCAL_VARIABLE","send()","text","text","待命名"
"src/main/java/xiaocaoawa/minecraft/mod/cobblebattle/client/ChatLog.java","9","PARAMETER","add(xiaocaoawa.minecraft.mod.cobblebattle.client.ChatLog.Channel,xiaocaoawa.minecraft.mod.cobblebattle.client.ChatLog.Line)","channel","selectedConversation","待验证"
"src/main/java/xiaocaoawa/minecraft/mod/cobblebattle/client/ChatLog.java","9","PARAMETER","add(xiaocaoawa.minecraft.mod.cobblebattle.client.ChatLog.Channel,xiaocaoawa.minecraft.mod.cobblebattle.client.ChatLog.Line)","line","line","待命名"
"src/main/java/xiaocaoawa/minecraft/mod/cobblebattle/client/ChatLog.java","10","PARAMETER","lines(xiaocaoawa.minecraft.mod.cobblebattle.client.ChatLog.Channel)","channel","selectedConversation","待验证"
"src/main/java/xiaocaoawa/minecraft/mod/cobblebattle/client/ChatLog.java","16","PARAMETER","Channel(java.lang.String)","id","id","待命名"
"src/main/java/xiaocaoawa/minecraft/mod/cobblebattle/client/ChatLog.java","17","PARAMETER","of(java.lang.String)","id","id","待命名"
"src/main/java/xiaocaoawa/minecraft/mod/cobblebattle/client/ChatPanel.java","49","FIELD","xiaocaoawa.minecraft.mod.cobblebattle.client.ChatPanel","NAME_BOXES","NAME_BOXES","待命名"
"src/main/java/xiaocaoawa/minecraft/mod/cobblebattle/client/ChatPanel.java","50","FIELD","xiaocaoawa.minecraft.mod.cobblebattle.client.ChatPanel","listLeft","listLeft","待命名"
"src/main/java/xiaocaoawa/minecraft/mod/cobblebattle/client/ChatPanel.java","51","FIELD","xiaocaoawa.minecraft.mod.cobblebattle.client.ChatPanel","listTop","listTop","待命名"
"src/main/java/xiaocaoawa/minecraft/mod/cobblebattle/client/ChatPanel.java","64","PARAMETER","originX(int)","screenWidth","screenWidth","待命名"
"src/main/java/xiaocaoawa/minecraft/mod/cobblebattle/client/ChatPanel.java","68","PARAMETER","originY(int)","screenHeight","screenHeight","待命名"
"src/main/java/xiaocaoawa/minecraft/mod/cobblebattle/client/ChatPanel.java","76","PARAMETER","contains(int,int,double,double)","screenWidth","screenWidth","待命名"
"src/main/java/xiaocaoawa/minecraft/mod/cobblebattle/client/ChatPanel.java","76","PARAMETER","contains(int,int,double,double)","screenHeight","screenHeight","待命名"
"src/main/java/xiaocaoawa/minecraft/mod/cobblebattle/client/ChatPanel.java","76","PARAMETER","contains(int,int,double,double)","x","x","待命名"
"src/main/java/xiaocaoawa/minecraft/mod/cobblebattle/client/ChatPanel.java","76","PARAMETER","contains(int,int,double,double)","y","y","待命名"
"src/main/java/xiaocaoawa/minecraft/mod/cobblebattle/client/ChatPanel.java","77","LOCAL_VARIABLE","contains(int,int,double,double)","left","left","待命名"
"src/main/java/xiaocaoawa/minecraft/mod/cobblebattle/client/ChatPanel.java","78","LOCAL_VARIABLE","contains(int,int,double,double)","top","top","待命名"
"src/main/java/xiaocaoawa/minecraft/mod/cobblebattle/client/ChatPanel.java","82","PARAMETER","inInputBox(int,int)","relX","relX","待命名"
"src/main/java/xiaocaoawa/minecraft/mod/cobblebattle/client/ChatPanel.java","82","PARAMETER","inInputBox(int,int)","relY","relY","待命名"
"src/main/java/xiaocaoawa/minecraft/mod/cobblebattle/client/ChatPanel.java","86","PARAMETER","drawBackground(net.minecraft.client.gui.GuiGraphics,int,int)","graphics","graphics","待命名"
"src/main/java/xiaocaoawa/minecraft/mod/cobblebattle/client/ChatPanel.java","86","PARAMETER","drawBackground(net.minecraft.client.gui.GuiGraphics,int,int)","originX","originX","待命名"
"src/main/java/xiaocaoawa/minecraft/mod/cobblebattle/client/ChatPanel.java","86","PARAMETER","drawBackground(net.minecraft.client.gui.GuiGraphics,int,int)","originY","originY","待命名"
"src/main/java/xiaocaoawa/minecraft/mod/cobblebattle/client/ChatPanel.java","90","PARAMETER","drawTabs(net.minecraft.client.gui.GuiGraphics,net.minecraft.client.gui.Font,int,int,boolean)","graphics","graphics","待命名"
"src/main/java/xiaocaoawa/minecraft/mod/cobblebattle/client/ChatPanel.java","90","PARAMETER","drawTabs(net.minecraft.client.gui.GuiGraphics,net.minecraft.client.gui.Font,int,int,boolean)","font","font","待命名"
"src/main/java/xiaocaoawa/minecraft/mod/cobblebattle/client/ChatPanel.java","90","PARAMETER","drawTabs(net.minecraft.client.gui.GuiGraphics,net.minecraft.client.gui.Font,int,int,boolean)","originX","originX","待命名"
"src/main/java/xiaocaoawa/minecraft/mod/cobblebattle/client/ChatPanel.java","90","PARAMETER","drawTabs(net.minecraft.client.gui.GuiGraphics,net.minecraft.client.gui.Font,int,int,boolean)","originY","originY","待命名"
"src/main/java/xiaocaoawa/minecraft/mod/cobblebattle/client/ChatPanel.java","90","PARAMETER","drawTabs(net.minecraft.client.gui.GuiGraphics,net.minecraft.client.gui.Font,int,int,boolean)","battleSelected","battleSelected","待命名"
"src/main/java/xiaocaoawa/minecraft/mod/cobblebattle/client/ChatPanel.java","91","LOCAL_VARIABLE","drawTabs(net.minecraft.client.gui.GuiGraphics,net.minecraft.client.gui.Font,int,int,boolean)","global","global","待命名"
"src/main/java/xiaocaoawa/minecraft/mod/cobblebattle/client/ChatPanel.java","92","LOCAL_VARIABLE","drawTabs(net.minecraft.client.gui.GuiGraphics,net.minecraft.client.gui.Font,int,int,boolean)","battle","battle","待命名"
"src/main/java/xiaocaoawa/minecraft/mod/cobblebattle/client/ChatPanel.java","93","LOCAL_VARIABLE","drawTabs(net.minecraft.client.gui.GuiGraphics,net.minecraft.client.gui.Font,int,int,boolean)","scale","scale","待命名"
"src/main/java/xiaocaoawa/minecraft/mod/cobblebattle/client/ChatPanel.java","98","METHOD","xiaocaoawa.minecraft.mod.cobblebattle.client.ChatPanel","drawTab","drawTab","待命名"
"src/main/java/xiaocaoawa/minecraft/mod/cobblebattle/client/ChatPanel.java","98","PARAMETER","drawTab(net.minecraft.client.gui.GuiGraphics,net.minecraft.client.gui.Font,int,int,net.minecraft.network.chat.Component,boolean,float)","graphics","graphics","待命名"
"src/main/java/xiaocaoawa/minecraft/mod/cobblebattle/client/ChatPanel.java","98","PARAMETER","drawTab(net.minecraft.client.gui.GuiGraphics,net.minecraft.client.gui.Font,int,int,net.minecraft.network.chat.Component,boolean,float)","font","font","待命名"
"src/main/java/xiaocaoawa/minecraft/mod/cobblebattle/client/ChatPanel.java","98","PARAMETER","drawTab(net.minecraft.client.gui.GuiGraphics,net.minecraft.client.gui.Font,int,int,net.minecraft.network.chat.Component,boolean,float)","x","x","待命名"
"src/main/java/xiaocaoawa/minecraft/mod/cobblebattle/client/ChatPanel.java","98","PARAMETER","drawTab(net.minecraft.client.gui.GuiGraphics,net.minecraft.client.gui.Font,int,int,net.minecraft.network.chat.Component,boolean,float)","y","y","待命名"
"src/main/java/xiaocaoawa/minecraft/mod/cobblebattle/client/ChatPanel.java","98","PARAMETER","drawTab(net.minecraft.client.gui.GuiGraphics,net.minecraft.client.gui.Font,int,int,net.minecraft.network.chat.Component,boolean,float)","label","label","待命名"
"src/main/java/xiaocaoawa/minecraft/mod/cobblebattle/client/ChatPanel.java","98","PARAMETER","drawTab(net.minecraft.client.gui.GuiGraphics,net.minecraft.client.gui.Font,int,int,net.minecraft.network.chat.Component,boolean,float)","selected","selected","待命名"
"src/main/java/xiaocaoawa/minecraft/mod/cobblebattle/client/ChatPanel.java","98","PARAMETER","drawTab(net.minecraft.client.gui.GuiGraphics,net.minecraft.client.gui.Font,int,int,net.minecraft.network.chat.Component,boolean,float)","scale","scale","待命名"
"src/main/java/xiaocaoawa/minecraft/mod/cobblebattle/client/ChatPanel.java","99","LOCAL_VARIABLE","drawTab(net.minecraft.client.gui.GuiGraphics,net.minecraft.client.gui.Font,int,int,net.minecraft.network.chat.Component,boolean,float)","textHeight","textHeight","待命名"
"src/main/java/xiaocaoawa/minecraft/mod/cobblebattle/client/ChatPanel.java","107","METHOD","xiaocaoawa.minecraft.mod.cobblebattle.client.ChatPanel","tabScale","tabScale","待命名"
"src/main/java/xiaocaoawa/minecraft/mod/cobblebattle/client/ChatPanel.java","107","PARAMETER","tabScale(net.minecraft.client.gui.Font,net.minecraft.network.chat.Component...)","font","font","待命名"
"src/main/java/xiaocaoawa/minecraft/mod/cobblebattle/client/ChatPanel.java","107","PARAMETER","tabScale(net.minecraft.client.gui.Font,net.minecraft.network.chat.Component...)","labels","labels","待命名"
"src/main/java/xiaocaoawa/minecraft/mod/cobblebattle/client/ChatPanel.java","108","LOCAL_VARIABLE","tabScale(net.minecraft.client.gui.Font,net.minecraft.network.chat.Component...)","widest","widest","待命名"
"src/main/java/xiaocaoawa/minecraft/mod/cobblebattle/client/ChatPanel.java","110","LOCAL_VARIABLE","tabScale(net.minecraft.client.gui.Font,net.minecraft.network.chat.Component...)","label","label","待命名"
"src/main/java/xiaocaoawa/minecraft/mod/cobblebattle/client/ChatPanel.java","114","LOCAL_VARIABLE","tabScale(net.minecraft.client.gui.Font,net.minecraft.network.chat.Component...)","byWidth","byWidth","待命名"
"src/main/java/xiaocaoawa/minecraft/mod/cobblebattle/client/ChatPanel.java","115","LOCAL_VARIABLE","tabScale(net.minecraft.client.gui.Font,net.minecraft.network.chat.Component...)","byHeight","byHeight","待命名"
"src/main/java/xiaocaoawa/minecraft/mod/cobblebattle/client/ChatPanel.java","119","METHOD","xiaocaoawa.minecraft.mod.cobblebattle.client.ChatPanel","rows","rows","待命名"
"src/main/java/xiaocaoawa/minecraft/mod/cobblebattle/client/ChatPanel.java","119","PARAMETER","rows(net.minecraft.client.gui.Font,java.util.List<xiaocaoawa.minecraft.mod.cobblebattle.client.ChatLog.Line>)","font","font","待命名"
"src/main/java/xiaocaoawa/minecraft/mod/cobblebattle/client/ChatPanel.java","119","PARAMETER","rows(net.minecraft.client.gui.Font,java.util.List<xiaocaoawa.minecraft.mod.cobblebattle.client.ChatLog.Line>)","lines","lines","待命名"
"src/main/java/xiaocaoawa/minecraft/mod/cobblebattle/client/ChatPanel.java","120","LOCAL_VARIABLE","rows(net.minecraft.client.gui.Font,java.util.List<xiaocaoawa.minecraft.mod.cobblebattle.client.ChatLog.Line>)","out","outputStream","待验证"
"src/main/java/xiaocaoawa/minecraft/mod/cobblebattle/client/ChatPanel.java","122","LOCAL_VARIABLE","rows(net.minecraft.client.gui.Font,java.util.List<xiaocaoawa.minecraft.mod.cobblebattle.client.ChatLog.Line>)","line","line","待命名"
"src/main/java/xiaocaoawa/minecraft/mod/cobblebattle/client/ChatPanel.java","123","LOCAL_VARIABLE","rows(net.minecraft.client.gui.Font,java.util.List<xiaocaoawa.minecraft.mod.cobblebattle.client.ChatLog.Line>)","wrapped","wrapped","待命名"
"src/main/java/xiaocaoawa/minecraft/mod/cobblebattle/client/ChatPanel.java","125","LOCAL_VARIABLE","rows(net.minecraft.client.gui.Font,java.util.List<xiaocaoawa.minecraft.mod.cobblebattle.client.ChatLog.Line>)","i","i","待命名"
"src/main/java/xiaocaoawa/minecraft/mod/cobblebattle/client/ChatPanel.java","133","METHOD","xiaocaoawa.minecraft.mod.cobblebattle.client.ChatPanel","prefixOf","prefixOf","待命名"
"src/main/java/xiaocaoawa/minecraft/mod/cobblebattle/client/ChatPanel.java","133","PARAMETER","prefixOf(xiaocaoawa.minecraft.mod.cobblebattle.client.ChatLog.Line)","line","line","待命名"
"src/main/java/xiaocaoawa/minecraft/mod/cobblebattle/client/ChatPanel.java","137","PARAMETER","lineAt(double,double)","mouseX","mouseX","待命名"
"src/main/java/xiaocaoawa/minecraft/mod/cobblebattle/client/ChatPanel.java","137","PARAMETER","lineAt(double,double)","mouseY","mouseY","待命名"
"src/main/java/xiaocaoawa/minecraft/mod/cobblebattle/client/ChatPanel.java","139","LOCAL_VARIABLE","lineAt(double,double)","box","box","待命名"
"src/main/java/xiaocaoawa/minecraft/mod/cobblebattle/client/ChatPanel.java","151","PARAMETER","maxScroll(net.minecraft.client.gui.Font,java.util.List<xiaocaoawa.minecraft.mod.cobblebattle.client.ChatLog.Line>)","font","font","待命名"
"src/main/java/xiaocaoawa/minecraft/mod/cobblebattle/client/ChatPanel.java","151","PARAMETER","maxScroll(net.minecraft.client.gui.Font,java.util.List<xiaocaoawa.minecraft.mod.cobblebattle.client.ChatLog.Line>)","lines","lines","待命名"
"src/main/java/xiaocaoawa/minecraft/mod/cobblebattle/client/ChatPanel.java","155","PARAMETER","drawMessages(net.minecraft.client.gui.GuiGraphics,net.minecraft.client.gui.Font,int,int,java.util.List<xiaocaoawa.minecraft.mod.cobblebattle.client.ChatLog.Line>,net.minecraft.network.chat.Component,int)","graphics","graphics","待命名"
"src/main/java/xiaocaoawa/minecraft/mod/cobblebattle/client/ChatPanel.java","155","PARAMETER","drawMessages(net.minecraft.client.gui.GuiGraphics,net.minecraft.client.gui.Font,int,int,java.util.List<xiaocaoawa.minecraft.mod.cobblebattle.client.ChatLog.Line>,net.minecraft.network.chat.Component,int)","font","font","待命名"
"src/main/java/xiaocaoawa/minecraft/mod/cobblebattle/client/ChatPanel.java","155","PARAMETER","drawMessages(net.minecraft.client.gui.GuiGraphics,net.minecraft.client.gui.Font,int,int,java.util.List<xiaocaoawa.minecraft.mod.cobblebattle.client.ChatLog.Line>,net.minecraft.network.chat.Component,int)","originX","originX","待命名"
"src/main/java/xiaocaoawa/minecraft/mod/cobblebattle/client/ChatPanel.java","155","PARAMETER","drawMessages(net.minecraft.client.gui.GuiGraphics,net.minecraft.client.gui.Font,int,int,java.util.List<xiaocaoawa.minecraft.mod.cobblebattle.client.ChatLog.Line>,net.minecraft.network.chat.Component,int)","originY","originY","待命名"
"src/main/java/xiaocaoawa/minecraft/mod/cobblebattle/client/ChatPanel.java","155","PARAMETER","drawMessages(net.minecraft.client.gui.GuiGraphics,net.minecraft.client.gui.Font,int,int,java.util.List<xiaocaoawa.minecraft.mod.cobblebattle.client.ChatLog.Line>,net.minecraft.network.chat.Component,int)","lines","lines","待命名"
"src/main/java/xiaocaoawa/minecraft/mod/cobblebattle/client/ChatPanel.java","155","PARAMETER","drawMessages(net.minecraft.client.gui.GuiGraphics,net.minecraft.client.gui.Font,int,int,java.util.List<xiaocaoawa.minecraft.mod.cobblebattle.client.ChatLog.Line>,net.minecraft.network.chat.Component,int)","empty","empty","待命名"
"src/main/java/xiaocaoawa/minecraft/mod/cobblebattle/client/ChatPanel.java","155","PARAMETER","drawMessages(net.minecraft.client.gui.GuiGraphics,net.minecraft.client.gui.Font,int,int,java.util.List<xiaocaoawa.minecraft.mod.cobblebattle.client.ChatLog.Line>,net.minecraft.network.chat.Component,int)","scroll","scrollOffsets","待验证"
"src/main/java/xiaocaoawa/minecraft/mod/cobblebattle/client/ChatPanel.java","156","LOCAL_VARIABLE","drawMessages(net.minecraft.client.gui.GuiGraphics,net.minecraft.client.gui.Font,int,int,java.util.List<xiaocaoawa.minecraft.mod.cobblebattle.client.ChatLog.Line>,net.minecraft.network.chat.Component,int)","left","left","待命名"
"src/main/java/xiaocaoawa/minecraft/mod/cobblebattle/client/ChatPanel.java","157","LOCAL_VARIABLE","drawMessages(net.minecraft.client.gui.GuiGraphics,net.minecraft.client.gui.Font,int,int,java.util.List<xiaocaoawa.minecraft.mod.cobblebattle.client.ChatLog.Line>,net.minecraft.network.chat.Component,int)","top","top","待命名"
"src/main/java/xiaocaoawa/minecraft/mod/cobblebattle/client/ChatPanel.java","165","LOCAL_VARIABLE","drawMessages(net.minecraft.client.gui.GuiGraphics,net.minecraft.client.gui.Font,int,int,java.util.List<xiaocaoawa.minecraft.mod.cobblebattle.client.ChatLog.Line>,net.minecraft.network.chat.Component,int)","all","all","待命名"
"src/main/java/xiaocaoawa/minecraft/mod/cobblebattle/client/ChatPanel.java","166","LOCAL_VARIABLE","drawMessages(net.minecraft.client.gui.GuiGraphics,net.minecraft.client.gui.Font,int,int,java.util.List<xiaocaoawa.minecraft.mod.cobblebattle.client.ChatLog.Line>,net.minecraft.network.chat.Component,int)","clamped","clamped","待命名"
"src/main/java/xiaocaoawa/minecraft/mod/cobblebattle/client/ChatPanel.java","167","LOCAL_VARIABLE","drawMessages(net.minecraft.client.gui.GuiGraphics,net.minecraft.client.gui.Font,int,int,java.util.List<xiaocaoawa.minecraft.mod.cobblebattle.client.ChatLog.Line>,net.minecraft.network.chat.Component,int)","end","end","待命名"
"src/main/java/xiaocaoawa/minecraft/mod/cobblebattle/client/ChatPanel.java","168","LOCAL_VARIABLE","drawMessages(net.minecraft.client.gui.GuiGraphics,net.minecraft.client.gui.Font,int,int,java.util.List<xiaocaoawa.minecraft.mod.cobblebattle.client.ChatLog.Line>,net.minecraft.network.chat.Component,int)","start","start","待命名"
"src/main/java/xiaocaoawa/minecraft/mod/cobblebattle/client/ChatPanel.java","169","LOCAL_VARIABLE","drawMessages(net.minecraft.client.gui.GuiGraphics,net.minecraft.client.gui.Font,int,int,java.util.List<xiaocaoawa.minecraft.mod.cobblebattle.client.ChatLog.Line>,net.minecraft.network.chat.Component,int)","y","y","待命名"
"src/main/java/xiaocaoawa/minecraft/mod/cobblebattle/client/ChatPanel.java","171","LOCAL_VARIABLE","drawMessages(net.minecraft.client.gui.GuiGraphics,net.minecraft.client.gui.Font,int,int,java.util.List<xiaocaoawa.minecraft.mod.cobblebattle.client.ChatLog.Line>,net.minecraft.network.chat.Component,int)","i","i","待命名"
"src/main/java/xiaocaoawa/minecraft/mod/cobblebattle/client/ChatPanel.java","189","METHOD","xiaocaoawa.minecraft.mod.cobblebattle.client.ChatPanel","drawScrollHint","drawScrollOffsetsHint","待验证"
"src/main/java/xiaocaoawa/minecraft/mod/cobblebattle/client/ChatPanel.java","189","PARAMETER","drawScrollHint(net.minecraft.client.gui.GuiGraphics,int,int)","graphics","graphics","待命名"
"src/main/java/xiaocaoawa/minecraft/mod/cobblebattle/client/ChatPanel.java","189","PARAMETER","drawScrollHint(net.minecraft.client.gui.GuiGraphics,int,int)","left","left","待命名"
"src/main/java/xiaocaoawa/minecraft/mod/cobblebattle/client/ChatPanel.java","189","PARAMETER","drawScrollHint(net.minecraft.client.gui.GuiGraphics,int,int)","top","top","待命名"
"src/main/java/xiaocaoawa/minecraft/mod/cobblebattle/client/ChatPanel.java","190","LOCAL_VARIABLE","drawScrollHint(net.minecraft.client.gui.GuiGraphics,int,int)","x","x","待命名"
"src/main/java/xiaocaoawa/minecraft/mod/cobblebattle/client/ChatPanel.java","191","LOCAL_VARIABLE","drawScrollHint(net.minecraft.client.gui.GuiGraphics,int,int)","y","y","待命名"
"src/main/java/xiaocaoawa/minecraft/mod/cobblebattle/client/ChatPanel.java","195","METHOD","xiaocaoawa.minecraft.mod.cobblebattle.client.ChatPanel","drawRow","drawRow","待命名"
"src/main/java/xiaocaoawa/minecraft/mod/cobblebattle/client/ChatPanel.java","195","PARAMETER","drawRow(net.minecraft.client.gui.GuiGraphics,net.minecraft.client.gui.Font,int,int,xiaocaoawa.minecraft.mod.cobblebattle.client.ChatPanel.Row)","graphics","graphics","待命名"
"src/main/java/xiaocaoawa/minecraft/mod/cobblebattle/client/ChatPanel.java","195","PARAMETER","drawRow(net.minecraft.client.gui.GuiGraphics,net.minecraft.client.gui.Font,int,int,xiaocaoawa.minecraft.mod.cobblebattle.client.ChatPanel.Row)","font","font","待命名"
"src/main/java/xiaocaoawa/minecraft/mod/cobblebattle/client/ChatPanel.java","195","PARAMETER","drawRow(net.minecraft.client.gui.GuiGraphics,net.minecraft.client.gui.Font,int,int,xiaocaoawa.minecraft.mod.cobblebattle.client.ChatPanel.Row)","left","left","待命名"
"src/main/java/xiaocaoawa/minecraft/mod/cobblebattle/client/ChatPanel.java","195","PARAMETER","drawRow(net.minecraft.client.gui.GuiGraphics,net.minecraft.client.gui.Font,int,int,xiaocaoawa.minecraft.mod.cobblebattle.client.ChatPanel.Row)","y","y","待命名"
"src/main/java/xiaocaoawa/minecraft/mod/cobblebattle/client/ChatPanel.java","195","PARAMETER","drawRow(net.minecraft.client.gui.GuiGraphics,net.minecraft.client.gui.Font,int,int,xiaocaoawa.minecraft.mod.cobblebattle.client.ChatPanel.Row)","row","row","待命名"
"src/main/java/xiaocaoawa/minecraft/mod/cobblebattle/client/ChatPanel.java","196","LOCAL_VARIABLE","drawRow(net.minecraft.client.gui.GuiGraphics,net.minecraft.client.gui.Font,int,int,xiaocaoawa.minecraft.mod.cobblebattle.client.ChatPanel.Row)","textX","textX","待命名"
"src/main/java/xiaocaoawa/minecraft/mod/cobblebattle/client/ChatPanel.java","197","LOCAL_VARIABLE","drawRow(net.minecraft.client.gui.GuiGraphics,net.minecraft.client.gui.Font,int,int,xiaocaoawa.minecraft.mod.cobblebattle.client.ChatPanel.Row)","textY","textY","待命名"
"src/main/java/xiaocaoawa/minecraft/mod/cobblebattle/client/ChatPanel.java","202","LOCAL_VARIABLE","drawRow(net.minecraft.client.gui.GuiGraphics,net.minecraft.client.gui.Font,int,int,xiaocaoawa.minecraft.mod.cobblebattle.client.ChatPanel.Row)","prefix","prefix","待命名"
"src/main/java/xiaocaoawa/minecraft/mod/cobblebattle/client/ChatPanel.java","206","LOCAL_VARIABLE","drawRow(net.minecraft.client.gui.GuiGraphics,net.minecraft.client.gui.Font,int,int,xiaocaoawa.minecraft.mod.cobblebattle.client.ChatPanel.Row)","who","who","待命名"
"src/main/java/xiaocaoawa/minecraft/mod/cobblebattle/client/ChatPanel.java","207","LOCAL_VARIABLE","drawRow(net.minecraft.client.gui.GuiGraphics,net.minecraft.client.gui.Font,int,int,xiaocaoawa.minecraft.mod.cobblebattle.client.ChatPanel.Row)","nameWidth","nameWidth","待命名"
"src/main/java/xiaocaoawa/minecraft/mod/cobblebattle/client/ChatPanel.java","216","PARAMETER","drawFace(net.minecraft.client.gui.GuiGraphics,java.util.UUID,int,int)","graphics","graphics","待命名"
"src/main/java/xiaocaoawa/minecraft/mod/cobblebattle/client/ChatPanel.java","216","PARAMETER","drawFace(net.minecraft.client.gui.GuiGraphics,java.util.UUID,int,int)","sender","sender","待命名"
"src/main/java/xiaocaoawa/minecraft/mod/cobblebattle/client/ChatPanel.java","216","PARAMETER","drawFace(net.minecraft.client.gui.GuiGraphics,java.util.UUID,int,int)","x","x","待命名"
"src/main/java/xiaocaoawa/minecraft/mod/cobblebattle/client/ChatPanel.java","216","PARAMETER","drawFace(net.minecraft.client.gui.GuiGraphics,java.util.UUID,int,int)","y","y","待命名"
"src/main/java/xiaocaoawa/minecraft/mod/cobblebattle/client/ChatPanel.java","217","LOCAL_VARIABLE","drawFace(net.minecraft.client.gui.GuiGraphics,java.util.UUID,int,int)","minecraft","minecraft","待命名"
"src/main/java/xiaocaoawa/minecraft/mod/cobblebattle/client/ChatPanel.java","218","LOCAL_VARIABLE","drawFace(net.minecraft.client.gui.GuiGraphics,java.util.UUID,int,int)","skin","skin","待命名"
"src/main/java/xiaocaoawa/minecraft/mod/cobblebattle/client/ChatPanel.java","219","LOCAL_VARIABLE","drawFace(net.minecraft.client.gui.GuiGraphics,java.util.UUID,int,int)","var7","var7","待命名"
"src/main/java/xiaocaoawa/minecraft/mod/cobblebattle/client/ChatPanel.java","232","PARAMETER","wrap(net.minecraft.client.gui.Font,java.lang.String,int)","font","font","待命名"
"src/main/java/xiaocaoawa/minecraft/mod/cobblebattle/client/ChatPanel.java","232","PARAMETER","wrap(net.minecraft.client.gui.Font,java.lang.String,int)","text","text","待命名"
"src/main/java/xiaocaoawa/minecraft/mod/cobblebattle/client/ChatPanel.java","232","PARAMETER","wrap(net.minecraft.client.gui.Font,java.lang.String,int)","width","width","待命名"
"src/main/java/xiaocaoawa/minecraft/mod/cobblebattle/client/ChatPanel.java","233","LOCAL_VARIABLE","wrap(net.minecraft.client.gui.Font,java.lang.String,int)","out","outputStream","待验证"
"src/main/java/xiaocaoawa/minecraft/mod/cobblebattle/client/ChatPanel.java","234","LOCAL_VARIABLE","wrap(net.minecraft.client.gui.Font,java.lang.String,int)","row","row","待命名"
"src/main/java/xiaocaoawa/minecraft/mod/cobblebattle/client/ChatPanel.java","235","LOCAL_VARIABLE","wrap(net.minecraft.client.gui.Font,java.lang.String,int)","rowWidth","rowWidth","待命名"
"src/main/java/xiaocaoawa/minecraft/mod/cobblebattle/client/ChatPanel.java","236","LOCAL_VARIABLE","wrap(net.minecraft.client.gui.Font,java.lang.String,int)","i","i","待命名"
"src/main/java/xiaocaoawa/minecraft/mod/cobblebattle/client/ChatPanel.java","239","LOCAL_VARIABLE","wrap(net.minecraft.client.gui.Font,java.lang.String,int)","cp","cp","待命名"
"src/main/java/xiaocaoawa/minecraft/mod/cobblebattle/client/ChatPanel.java","240","LOCAL_VARIABLE","wrap(net.minecraft.client.gui.Font,java.lang.String,int)","ch","ch","待命名"
"src/main/java/xiaocaoawa/minecraft/mod/cobblebattle/client/ChatPanel.java","242","LOCAL_VARIABLE","wrap(net.minecraft.client.gui.Font,java.lang.String,int)","chWidth","chWidth","待命名"
"src/main/java/xiaocaoawa/minecraft/mod/cobblebattle/client/ChatPanel.java","264","PARAMETER","tabAt(int,int)","relX","relX","待命名"
"src/main/java/xiaocaoawa/minecraft/mod/cobblebattle/client/ChatPanel.java","264","PARAMETER","tabAt(int,int)","relY","relY","待命名"
"src/main/java/xiaocaoawa/minecraft/mod/cobblebattle/client/ChatRoomScreen.java","13","FIELD","xiaocaoawa.minecraft.mod.cobblebattle.client.ChatRoomScreen","BASE","BASE","待命名"
"src/main/java/xiaocaoawa/minecraft/mod/cobblebattle/client/ChatRoomScreen.java","14","FIELD","xiaocaoawa.minecraft.mod.cobblebattle.client.ChatRoomScreen","SCREEN","SCREEN","待命名"
"src/main/java/xiaocaoawa/minecraft/mod/cobblebattle/client/ChatRoomScreen.java","15","FIELD","xiaocaoawa.minecraft.mod.cobblebattle.client.ChatRoomScreen","WIDTH","WIDTH","待命名"
"src/main/java/xiaocaoawa/minecraft/mod/cobblebattle/client/ChatRoomScreen.java","16","FIELD","xiaocaoawa.minecraft.mod.cobblebattle.client.ChatRoomScreen","HEIGHT","HEIGHT","待命名"
"src/main/java/xiaocaoawa/minecraft/mod/cobblebattle/client/ChatRoomScreen.java","17","FIELD","xiaocaoawa.minecraft.mod.cobblebattle.client.ChatRoomScreen","HOLE_X","HOLE_X","待命名"
"src/main/java/xiaocaoawa/minecraft/mod/cobblebattle/client/ChatRoomScreen.java","18","FIELD","xiaocaoawa.minecraft.mod.cobblebattle.client.ChatRoomScreen","HOLE_Y","HOLE_Y","待命名"
"src/main/java/xiaocaoawa/minecraft/mod/cobblebattle/client/ChatRoomScreen.java","19","FIELD","xiaocaoawa.minecraft.mod.cobblebattle.client.ChatRoomScreen","HOLE_W","HOLE_W","待命名"
"src/main/java/xiaocaoawa/minecraft/mod/cobblebattle/client/ChatRoomScreen.java","20","FIELD","xiaocaoawa.minecraft.mod.cobblebattle.client.ChatRoomScreen","HOLE_H","HOLE_H","待命名"
"src/main/java/xiaocaoawa/minecraft/mod/cobblebattle/client/ChatRoomScreen.java","21","FIELD","xiaocaoawa.minecraft.mod.cobblebattle.client.ChatRoomScreen","TITLE_X","TITLE_X","待命名"
"src/main/java/xiaocaoawa/minecraft/mod/cobblebattle/client/ChatRoomScreen.java","22","FIELD","xiaocaoawa.minecraft.mod.cobblebattle.client.ChatRoomScreen","TITLE_Y","TITLE_Y","待命名"
"src/main/java/xiaocaoawa/minecraft/mod/cobblebattle/client/ChatRoomScreen.java","23","FIELD","xiaocaoawa.minecraft.mod.cobblebattle.client.ChatRoomScreen","TAB_X","TAB_X","待命名"
"src/main/java/xiaocaoawa/minecraft/mod/cobblebattle/client/ChatRoomScreen.java","24","FIELD","xiaocaoawa.minecraft.mod.cobblebattle.client.ChatRoomScreen","TAB_W","TAB_W","待命名"
"src/main/java/xiaocaoawa/minecraft/mod/cobblebattle/client/ChatRoomScreen.java","25","FIELD","xiaocaoawa.minecraft.mod.cobblebattle.client.ChatRoomScreen","TAB_H","TAB_H","待命名"
"src/main/java/xiaocaoawa/minecraft/mod/cobblebattle/client/ChatRoomScreen.java","26","FIELD","xiaocaoawa.minecraft.mod.cobblebattle.client.ChatRoomScreen","TAB_Y","TAB_Y","待命名"
"src/main/java/xiaocaoawa/minecraft/mod/cobblebattle/client/ChatRoomScreen.java","27","FIELD","xiaocaoawa.minecraft.mod.cobblebattle.client.ChatRoomScreen","LIST_X","LIST_X","待命名"
"src/main/java/xiaocaoawa/minecraft/mod/cobblebattle/client/ChatRoomScreen.java","28","FIELD","xiaocaoawa.minecraft.mod.cobblebattle.client.ChatRoomScreen","LIST_Y","LIST_Y","待命名"
"src/main/java/xiaocaoawa/minecraft/mod/cobblebattle/client/ChatRoomScreen.java","29","FIELD","xiaocaoawa.minecraft.mod.cobblebattle.client.ChatRoomScreen","LIST_W","LIST_W","待命名"
"src/main/java/xiaocaoawa/minecraft/mod/cobblebattle/client/ChatRoomScreen.java","30","FIELD","xiaocaoawa.minecraft.mod.cobblebattle.client.ChatRoomScreen","LIST_H","LIST_H","待命名"
"src/main/java/xiaocaoawa/minecraft/mod/cobblebattle/client/ChatRoomScreen.java","31","FIELD","xiaocaoawa.minecraft.mod.cobblebattle.client.ChatRoomScreen","INPUT_Y","INPUT_Y","待命名"
"src/main/java/xiaocaoawa/minecraft/mod/cobblebattle/client/ChatRoomScreen.java","32","FIELD","xiaocaoawa.minecraft.mod.cobblebattle.client.ChatRoomScreen","INPUT_H","INPUT_H","待命名"
"src/main/java/xiaocaoawa/minecraft/mod/cobblebattle/client/ChatRoomScreen.java","33","FIELD","xiaocaoawa.minecraft.mod.cobblebattle.client.ChatRoomScreen","INPUT_W","INPUT_W","待命名"
"src/main/java/xiaocaoawa/minecraft/mod/cobblebattle/client/ChatRoomScreen.java","34","FIELD","xiaocaoawa.minecraft.mod.cobblebattle.client.ChatRoomScreen","PAD","PAD","待命名"
"src/main/java/xiaocaoawa/minecraft/mod/cobblebattle/client/ChatRoomScreen.java","35","FIELD","xiaocaoawa.minecraft.mod.cobblebattle.client.ChatRoomScreen","FACE","FACE","待命名"
"src/main/java/xiaocaoawa/minecraft/mod/cobblebattle/client/ChatRoomScreen.java","36","FIELD","xiaocaoawa.minecraft.mod.cobblebattle.client.ChatRoomScreen","BUBBLE_MAX_W","BUBBLE_MAX_W","待命名"
"src/main/java/xiaocaoawa/minecraft/mod/cobblebattle/client/ChatRoomScreen.java","37","FIELD","xiaocaoawa.minecraft.mod.cobblebattle.client.ChatRoomScreen","LINE_H","LINE_H","待命名"
"src/main/java/xiaocaoawa/minecraft/mod/cobblebattle/client/ChatRoomScreen.java","38","FIELD","xiaocaoawa.minecraft.mod.cobblebattle.client.ChatRoomScreen","NAME_H","NAME_H","待命名"
"src/main/java/xiaocaoawa/minecraft/mod/cobblebattle/client/ChatRoomScreen.java","39","FIELD","xiaocaoawa.minecraft.mod.cobblebattle.client.ChatRoomScreen","GAP","GAP","待命名"
"src/main/java/xiaocaoawa/minecraft/mod/cobblebattle/client/ChatRoomScreen.java","40","FIELD","xiaocaoawa.minecraft.mod.cobblebattle.client.ChatRoomScreen","TITLE_COLOUR","TITLE_COLOUR","待命名"
"src/main/java/xiaocaoawa/minecraft/mod/cobblebattle/client/ChatRoomScreen.java","41","FIELD","xiaocaoawa.minecraft.mod.cobblebattle.client.ChatRoomScreen","TAB_ON","TAB_ON","待命名"
"src/main/java/xiaocaoawa/minecraft/mod/cobblebattle/client/ChatRoomScreen.java","42","FIELD","xiaocaoawa.minecraft.mod.cobblebattle.client.ChatRoomScreen","TAB_OFF","TAB_OFF","待命名"
"src/main/java/xiaocaoawa/minecraft/mod/cobblebattle/client/ChatRoomScreen.java","43","FIELD","xiaocaoawa.minecraft.mod.cobblebattle.client.ChatRoomScreen","NAME_COLOUR","NAME_COLOUR","待命名"
"src/main/java/xiaocaoawa/minecraft/mod/cobblebattle/client/ChatRoomScreen.java","44","FIELD","xiaocaoawa.minecraft.mod.cobblebattle.client.ChatRoomScreen","NAME_SHADE","NAME_SHADE","待命名"
"src/main/java/xiaocaoawa/minecraft/mod/cobblebattle/client/ChatRoomScreen.java","45","FIELD","xiaocaoawa.minecraft.mod.cobblebattle.client.ChatRoomScreen","BUBBLE","BUBBLE","待命名"
"src/main/java/xiaocaoawa/minecraft/mod/cobblebattle/client/ChatRoomScreen.java","46","FIELD","xiaocaoawa.minecraft.mod.cobblebattle.client.ChatRoomScreen","BUBBLE_MINE","BUBBLE_MINE","待命名"
"src/main/java/xiaocaoawa/minecraft/mod/cobblebattle/client/ChatRoomScreen.java","47","FIELD","xiaocaoawa.minecraft.mod.cobblebattle.client.ChatRoomScreen","BUBBLE_TEXT","BUBBLE_TEXT","待命名"
"src/main/java/xiaocaoawa/minecraft/mod/cobblebattle/client/ChatRoomScreen.java","48","FIELD","xiaocaoawa.minecraft.mod.cobblebattle.client.ChatRoomScreen","INPUT_FILL","INPUT_FILL","待命名"
"src/main/java/xiaocaoawa/minecraft/mod/cobblebattle/client/ChatRoomScreen.java","49","FIELD","xiaocaoawa.minecraft.mod.cobblebattle.client.ChatRoomScreen","INPUT_EDGE","INPUT_EDGE","待命名"
"src/main/java/xiaocaoawa/minecraft/mod/cobblebattle/client/ChatRoomScreen.java","50","FIELD","xiaocaoawa.minecraft.mod.cobblebattle.client.ChatRoomScreen","INPUT_TEXT","INPUT_TEXT","待命名"
"src/main/java/xiaocaoawa/minecraft/mod/cobblebattle/client/ChatRoomScreen.java","51","FIELD","xiaocaoawa.minecraft.mod.cobblebattle.client.ChatRoomScreen","input","input","待命名"
"src/main/java/xiaocaoawa/minecraft/mod/cobblebattle/client/ChatRoomScreen.java","52","FIELD","xiaocaoawa.minecraft.mod.cobblebattle.client.ChatRoomScreen","originX","originX","待命名"
"src/main/java/xiaocaoawa/minecraft/mod/cobblebattle/client/ChatRoomScreen.java","53","FIELD","xiaocaoawa.minecraft.mod.cobblebattle.client.ChatRoomScreen","originY","originY","待命名"
"src/main/java/xiaocaoawa/minecraft/mod/cobblebattle/client/ChatRoomScreen.java","54","FIELD","xiaocaoawa.minecraft.mod.cobblebattle.client.ChatRoomScreen","scroll","scrollOffsets","待验证"
"src/main/java/xiaocaoawa/minecraft/mod/cobblebattle/client/ChatRoomScreen.java","63","LOCAL_VARIABLE","init()","was","was","待命名"
"src/main/java/xiaocaoawa/minecraft/mod/cobblebattle/client/ChatRoomScreen.java","77","PARAMETER","render(net.minecraft.client.gui.GuiGraphics,int,int,float)","graphics","graphics","待命名"
"src/main/java/xiaocaoawa/minecraft/mod/cobblebattle/client/ChatRoomScreen.java","77","PARAMETER","render(net.minecraft.client.gui.GuiGraphics,int,int,float)","mouseX","mouseX","待命名"
"src/main/java/xiaocaoawa/minecraft/mod/cobblebattle/client/ChatRoomScreen.java","77","PARAMETER","render(net.minecraft.client.gui.GuiGraphics,int,int,float)","mouseY","mouseY","待命名"
"src/main/java/xiaocaoawa/minecraft/mod/cobblebattle/client/ChatRoomScreen.java","77","PARAMETER","render(net.minecraft.client.gui.GuiGraphics,int,int,float)","partialTick","partialTick","待命名"
"src/main/java/xiaocaoawa/minecraft/mod/cobblebattle/client/ChatRoomScreen.java","81","LOCAL_VARIABLE","render(net.minecraft.client.gui.GuiGraphics,int,int,float)","left","left","待命名"
"src/main/java/xiaocaoawa/minecraft/mod/cobblebattle/client/ChatRoomScreen.java","82","LOCAL_VARIABLE","render(net.minecraft.client.gui.GuiGraphics,int,int,float)","top","top","待命名"
"src/main/java/xiaocaoawa/minecraft/mod/cobblebattle/client/ChatRoomScreen.java","98","METHOD","xiaocaoawa.minecraft.mod.cobblebattle.client.ChatRoomScreen","drawHeader","drawHeader","待命名"
"src/main/java/xiaocaoawa/minecraft/mod/cobblebattle/client/ChatRoomScreen.java","98","PARAMETER","drawHeader(net.minecraft.client.gui.GuiGraphics,int,int)","graphics","graphics","待命名"
"src/main/java/xiaocaoawa/minecraft/mod/cobblebattle/client/ChatRoomScreen.java","98","PARAMETER","drawHeader(net.minecraft.client.gui.GuiGraphics,int,int)","mouseX","mouseX","待命名"
"src/main/java/xiaocaoawa/minecraft/mod/cobblebattle/client/ChatRoomScreen.java","98","PARAMETER","drawHeader(net.minecraft.client.gui.GuiGraphics,int,int)","mouseY","mouseY","待命名"
"src/main/java/xiaocaoawa/minecraft/mod/cobblebattle/client/ChatRoomScreen.java","104","METHOD","xiaocaoawa.minecraft.mod.cobblebattle.client.ChatRoomScreen","drawTab","drawTab","待命名"
"src/main/java/xiaocaoawa/minecraft/mod/cobblebattle/client/ChatRoomScreen.java","104","PARAMETER","drawTab(net.minecraft.client.gui.GuiGraphics,int,net.minecraft.network.chat.Component,boolean,int,int)","graphics","graphics","待命名"
"src/main/java/xiaocaoawa/minecraft/mod/cobblebattle/client/ChatRoomScreen.java","104","PARAMETER","drawTab(net.minecraft.client.gui.GuiGraphics,int,net.minecraft.network.chat.Component,boolean,int,int)","index","index","待命名"
"src/main/java/xiaocaoawa/minecraft/mod/cobblebattle/client/ChatRoomScreen.java","104","PARAMETER","drawTab(net.minecraft.client.gui.GuiGraphics,int,net.minecraft.network.chat.Component,boolean,int,int)","label","label","待命名"
"src/main/java/xiaocaoawa/minecraft/mod/cobblebattle/client/ChatRoomScreen.java","104","PARAMETER","drawTab(net.minecraft.client.gui.GuiGraphics,int,net.minecraft.network.chat.Component,boolean,int,int)","on","on","待命名"
"src/main/java/xiaocaoawa/minecraft/mod/cobblebattle/client/ChatRoomScreen.java","104","PARAMETER","drawTab(net.minecraft.client.gui.GuiGraphics,int,net.minecraft.network.chat.Component,boolean,int,int)","mouseX","mouseX","待命名"
"src/main/java/xiaocaoawa/minecraft/mod/cobblebattle/client/ChatRoomScreen.java","104","PARAMETER","drawTab(net.minecraft.client.gui.GuiGraphics,int,net.minecraft.network.chat.Component,boolean,int,int)","mouseY","mouseY","待命名"
"src/main/java/xiaocaoawa/minecraft/mod/cobblebattle/client/ChatRoomScreen.java","105","LOCAL_VARIABLE","drawTab(net.minecraft.client.gui.GuiGraphics,int,net.minecraft.network.chat.Component,boolean,int,int)","x","x","待命名"
"src/main/java/xiaocaoawa/minecraft/mod/cobblebattle/client/ChatRoomScreen.java","106","LOCAL_VARIABLE","drawTab(net.minecraft.client.gui.GuiGraphics,int,net.minecraft.network.chat.Component,boolean,int,int)","y","y","待命名"
"src/main/java/xiaocaoawa/minecraft/mod/cobblebattle/client/ChatRoomScreen.java","107","LOCAL_VARIABLE","drawTab(net.minecraft.client.gui.GuiGraphics,int,net.minecraft.network.chat.Component,boolean,int,int)","hover","hover","待命名"
"src/main/java/xiaocaoawa/minecraft/mod/cobblebattle/client/ChatRoomScreen.java","112","METHOD","xiaocaoawa.minecraft.mod.cobblebattle.client.ChatRoomScreen","drawMessages","drawMessages","待命名"
"src/main/java/xiaocaoawa/minecraft/mod/cobblebattle/client/ChatRoomScreen.java","112","PARAMETER","drawMessages(net.minecraft.client.gui.GuiGraphics)","graphics","graphics","待命名"
"src/main/java/xiaocaoawa/minecraft/mod/cobblebattle/client/ChatRoomScreen.java","113","LOCAL_VARIABLE","drawMessages(net.minecraft.client.gui.GuiGraphics)","left","left","待命名"
"src/main/java/xiaocaoawa/minecraft/mod/cobblebattle/client/ChatRoomScreen.java","114","LOCAL_VARIABLE","drawMessages(net.minecraft.client.gui.GuiGraphics)","top","top","待命名"
"src/main/java/xiaocaoawa/minecraft/mod/cobblebattle/client/ChatRoomScreen.java","115","LOCAL_VARIABLE","drawMessages(net.minecraft.client.gui.GuiGraphics)","right","right","待命名"
"src/main/java/xiaocaoawa/minecraft/mod/cobblebattle/client/ChatRoomScreen.java","116","LOCAL_VARIABLE","drawMessages(net.minecraft.client.gui.GuiGraphics)","bottom","bottom","待命名"
"src/main/java/xiaocaoawa/minecraft/mod/cobblebattle/client/ChatRoomScreen.java","120","LOCAL_VARIABLE","drawMessages(net.minecraft.client.gui.GuiGraphics)","lines","lines","待命名"
"src/main/java/xiaocaoawa/minecraft/mod/cobblebattle/client/ChatRoomScreen.java","122","LOCAL_VARIABLE","drawMessages(net.minecraft.client.gui.GuiGraphics)","empty","empty","待命名"
"src/main/java/xiaocaoawa/minecraft/mod/cobblebattle/client/ChatRoomScreen.java","133","LOCAL_VARIABLE","drawMessages(net.minecraft.client.gui.GuiGraphics)","bubbles","bubbles","待命名"
"src/main/java/xiaocaoawa/minecraft/mod/cobblebattle/client/ChatRoomScreen.java","134","LOCAL_VARIABLE","drawMessages(net.minecraft.client.gui.GuiGraphics)","total","total","待命名"
"src/main/java/xiaocaoawa/minecraft/mod/cobblebattle/client/ChatRoomScreen.java","136","LOCAL_VARIABLE","drawMessages(net.minecraft.client.gui.GuiGraphics)","line","line","待命名"
"src/main/java/xiaocaoawa/minecraft/mod/cobblebattle/client/ChatRoomScreen.java","137","LOCAL_VARIABLE","drawMessages(net.minecraft.client.gui.GuiGraphics)","bubble","bubble","待命名"
"src/main/java/xiaocaoawa/minecraft/mod/cobblebattle/client/ChatRoomScreen.java","142","LOCAL_VARIABLE","drawMessages(net.minecraft.client.gui.GuiGraphics)","maxScroll","maxScrollOffsets","待验证"
"src/main/java/xiaocaoawa/minecraft/mod/cobblebattle/client/ChatRoomScreen.java","147","LOCAL_VARIABLE","drawMessages(net.minecraft.client.gui.GuiGraphics)","y","y","待命名"
"src/main/java/xiaocaoawa/minecraft/mod/cobblebattle/client/ChatRoomScreen.java","149","LOCAL_VARIABLE","drawMessages(net.minecraft.client.gui.GuiGraphics)","bubble","bubble","待命名"
"src/main/java/xiaocaoawa/minecraft/mod/cobblebattle/client/ChatRoomScreen.java","161","METHOD","xiaocaoawa.minecraft.mod.cobblebattle.client.ChatRoomScreen","layout","layout","待命名"
"src/main/java/xiaocaoawa/minecraft/mod/cobblebattle/client/ChatRoomScreen.java","161","PARAMETER","layout(xiaocaoawa.minecraft.mod.cobblebattle.client.ChatLog.Line)","line","line","待命名"
"src/main/java/xiaocaoawa/minecraft/mod/cobblebattle/client/ChatRoomScreen.java","162","LOCAL_VARIABLE","layout(xiaocaoawa.minecraft.mod.cobblebattle.client.ChatLog.Line)","mine","mine","待命名"
"src/main/java/xiaocaoawa/minecraft/mod/cobblebattle/client/ChatRoomScreen.java","163","LOCAL_VARIABLE","layout(xiaocaoawa.minecraft.mod.cobblebattle.client.ChatLog.Line)","rows","rows","待命名"
"src/main/java/xiaocaoawa/minecraft/mod/cobblebattle/client/ChatRoomScreen.java","164","LOCAL_VARIABLE","layout(xiaocaoawa.minecraft.mod.cobblebattle.client.ChatLog.Line)","width","width","待命名"
"src/main/java/xiaocaoawa/minecraft/mod/cobblebattle/client/ChatRoomScreen.java","166","LOCAL_VARIABLE","layout(xiaocaoawa.minecraft.mod.cobblebattle.client.ChatLog.Line)","row","row","待命名"
"src/main/java/xiaocaoawa/minecraft/mod/cobblebattle/client/ChatRoomScreen.java","171","LOCAL_VARIABLE","layout(xiaocaoawa.minecraft.mod.cobblebattle.client.ChatLog.Line)","height","height","待命名"
"src/main/java/xiaocaoawa/minecraft/mod/cobblebattle/client/ChatRoomScreen.java","175","METHOD","xiaocaoawa.minecraft.mod.cobblebattle.client.ChatRoomScreen","drawBubble","drawBubble","待命名"
"src/main/java/xiaocaoawa/minecraft/mod/cobblebattle/client/ChatRoomScreen.java","175","PARAMETER","drawBubble(net.minecraft.client.gui.GuiGraphics,xiaocaoawa.minecraft.mod.cobblebattle.client.ChatRoomScreen.Bubble,int,int,int)","graphics","graphics","待命名"
"src/main/java/xiaocaoawa/minecraft/mod/cobblebattle/client/ChatRoomScreen.java","175","PARAMETER","drawBubble(net.minecraft.client.gui.GuiGraphics,xiaocaoawa.minecraft.mod.cobblebattle.client.ChatRoomScreen.Bubble,int,int,int)","bubble","bubble","待命名"
"src/main/java/xiaocaoawa/minecraft/mod/cobblebattle/client/ChatRoomScreen.java","175","PARAMETER","drawBubble(net.minecraft.client.gui.GuiGraphics,xiaocaoawa.minecraft.mod.cobblebattle.client.ChatRoomScreen.Bubble,int,int,int)","left","left","待命名"
"src/main/java/xiaocaoawa/minecraft/mod/cobblebattle/client/ChatRoomScreen.java","175","PARAMETER","drawBubble(net.minecraft.client.gui.GuiGraphics,xiaocaoawa.minecraft.mod.cobblebattle.client.ChatRoomScreen.Bubble,int,int,int)","right","right","待命名"
"src/main/java/xiaocaoawa/minecraft/mod/cobblebattle/client/ChatRoomScreen.java","175","PARAMETER","drawBubble(net.minecraft.client.gui.GuiGraphics,xiaocaoawa.minecraft.mod.cobblebattle.client.ChatRoomScreen.Bubble,int,int,int)","y","y","待命名"
"src/main/java/xiaocaoawa/minecraft/mod/cobblebattle/client/ChatRoomScreen.java","176","LOCAL_VARIABLE","drawBubble(net.minecraft.client.gui.GuiGraphics,xiaocaoawa.minecraft.mod.cobblebattle.client.ChatRoomScreen.Bubble,int,int,int)","line","line","待命名"
"src/main/java/xiaocaoawa/minecraft/mod/cobblebattle/client/ChatRoomScreen.java","177","LOCAL_VARIABLE","drawBubble(net.minecraft.client.gui.GuiGraphics,xiaocaoawa.minecraft.mod.cobblebattle.client.ChatRoomScreen.Bubble,int,int,int)","name","name","待命名"
"src/main/java/xiaocaoawa/minecraft/mod/cobblebattle/client/ChatRoomScreen.java","178","LOCAL_VARIABLE","drawBubble(net.minecraft.client.gui.GuiGraphics,xiaocaoawa.minecraft.mod.cobblebattle.client.ChatRoomScreen.Bubble,int,int,int)","nameWidth","nameWidth","待命名"
"src/main/java/xiaocaoawa/minecraft/mod/cobblebattle/client/ChatRoomScreen.java","179","LOCAL_VARIABLE","drawBubble(net.minecraft.client.gui.GuiGraphics,xiaocaoawa.minecraft.mod.cobblebattle.client.ChatRoomScreen.Bubble,int,int,int)","bubbleTop","bubbleTop","待命名"
"src/main/java/xiaocaoawa/minecraft/mod/cobblebattle/client/ChatRoomScreen.java","181","LOCAL_VARIABLE","drawBubble(net.minecraft.client.gui.GuiGraphics,xiaocaoawa.minecraft.mod.cobblebattle.client.ChatRoomScreen.Bubble,int,int,int)","faceX","faceX","待命名"
"src/main/java/xiaocaoawa/minecraft/mod/cobblebattle/client/ChatRoomScreen.java","184","LOCAL_VARIABLE","drawBubble(net.minecraft.client.gui.GuiGraphics,xiaocaoawa.minecraft.mod.cobblebattle.client.ChatRoomScreen.Bubble,int,int,int)","bx","bx","待命名"
"src/main/java/xiaocaoawa/minecraft/mod/cobblebattle/client/ChatRoomScreen.java","188","LOCAL_VARIABLE","drawBubble(net.minecraft.client.gui.GuiGraphics,xiaocaoawa.minecraft.mod.cobblebattle.client.ChatRoomScreen.Bubble,int,int,int)","faceX","faceX","待命名"
"src/main/java/xiaocaoawa/minecraft/mod/cobblebattle/client/ChatRoomScreen.java","191","LOCAL_VARIABLE","drawBubble(net.minecraft.client.gui.GuiGraphics,xiaocaoawa.minecraft.mod.cobblebattle.client.ChatRoomScreen.Bubble,int,int,int)","bx","bx","待命名"
"src/main/java/xiaocaoawa/minecraft/mod/cobblebattle/client/ChatRoomScreen.java","197","METHOD","xiaocaoawa.minecraft.mod.cobblebattle.client.ChatRoomScreen","drawRows","drawRows","待命名"
"src/main/java/xiaocaoawa/minecraft/mod/cobblebattle/client/ChatRoomScreen.java","197","PARAMETER","drawRows(net.minecraft.client.gui.GuiGraphics,xiaocaoawa.minecraft.mod.cobblebattle.client.ChatRoomScreen.Bubble,int,int)","graphics","graphics","待命名"
"src/main/java/xiaocaoawa/minecraft/mod/cobblebattle/client/ChatRoomScreen.java","197","PARAMETER","drawRows(net.minecraft.client.gui.GuiGraphics,xiaocaoawa.minecraft.mod.cobblebattle.client.ChatRoomScreen.Bubble,int,int)","bubble","bubble","待命名"
"src/main/java/xiaocaoawa/minecraft/mod/cobblebattle/client/ChatRoomScreen.java","197","PARAMETER","drawRows(net.minecraft.client.gui.GuiGraphics,xiaocaoawa.minecraft.mod.cobblebattle.client.ChatRoomScreen.Bubble,int,int)","x","x","待命名"
"src/main/java/xiaocaoawa/minecraft/mod/cobblebattle/client/ChatRoomScreen.java","197","PARAMETER","drawRows(net.minecraft.client.gui.GuiGraphics,xiaocaoawa.minecraft.mod.cobblebattle.client.ChatRoomScreen.Bubble,int,int)","y","y","待命名"
"src/main/java/xiaocaoawa/minecraft/mod/cobblebattle/client/ChatRoomScreen.java","198","LOCAL_VARIABLE","drawRows(net.minecraft.client.gui.GuiGraphics,xiaocaoawa.minecraft.mod.cobblebattle.client.ChatRoomScreen.Bubble,int,int)","row","row","待命名"
"src/main/java/xiaocaoawa/minecraft/mod/cobblebattle/client/ChatRoomScreen.java","204","METHOD","xiaocaoawa.minecraft.mod.cobblebattle.client.ChatRoomScreen","drawInput","drawInput","待命名"
"src/main/java/xiaocaoawa/minecraft/mod/cobblebattle/client/ChatRoomScreen.java","204","PARAMETER","drawInput(net.minecraft.client.gui.GuiGraphics)","graphics","graphics","待命名"
"src/main/java/xiaocaoawa/minecraft/mod/cobblebattle/client/ChatRoomScreen.java","205","LOCAL_VARIABLE","drawInput(net.minecraft.client.gui.GuiGraphics)","x","x","待命名"
"src/main/java/xiaocaoawa/minecraft/mod/cobblebattle/client/ChatRoomScreen.java","206","LOCAL_VARIABLE","drawInput(net.minecraft.client.gui.GuiGraphics)","y","y","待命名"
"src/main/java/xiaocaoawa/minecraft/mod/cobblebattle/client/ChatRoomScreen.java","211","METHOD","xiaocaoawa.minecraft.mod.cobblebattle.client.ChatRoomScreen","send","send","待命名"
"src/main/java/xiaocaoawa/minecraft/mod/cobblebattle/client/ChatRoomScreen.java","212","LOCAL_VARIABLE","send()","text","text","待命名"
"src/main/java/xiaocaoawa/minecraft/mod/cobblebattle/client/ChatRoomScreen.java","220","PARAMETER","mouseClicked(double,double,int)","mouseX","mouseX","待命名"
"src/main/java/xiaocaoawa/minecraft/mod/cobblebattle/client/ChatRoomScreen.java","220","PARAMETER","mouseClicked(double,double,int)","mouseY","mouseY","待命名"
"src/main/java/xiaocaoawa/minecraft/mod/cobblebattle/client/ChatRoomScreen.java","220","PARAMETER","mouseClicked(double,double,int)","button","button","待命名"
"src/main/java/xiaocaoawa/minecraft/mod/cobblebattle/client/ChatRoomScreen.java","227","LOCAL_VARIABLE","mouseClicked(double,double,int)","i","i","待命名"
"src/main/java/xiaocaoawa/minecraft/mod/cobblebattle/client/ChatRoomScreen.java","228","LOCAL_VARIABLE","mouseClicked(double,double,int)","x","x","待命名"
"src/main/java/xiaocaoawa/minecraft/mod/cobblebattle/client/ChatRoomScreen.java","229","LOCAL_VARIABLE","mouseClicked(double,double,int)","y","y","待命名"
"src/main/java/xiaocaoawa/minecraft/mod/cobblebattle/client/ChatRoomScreen.java","241","PARAMETER","mouseScrolled(double,double,double,double)","mouseX","mouseX","待命名"
"src/main/java/xiaocaoawa/minecraft/mod/cobblebattle/client/ChatRoomScreen.java","241","PARAMETER","mouseScrolled(double,double,double,double)","mouseY","mouseY","待命名"
"src/main/java/xiaocaoawa/minecraft/mod/cobblebattle/client/ChatRoomScreen.java","241","PARAMETER","mouseScrolled(double,double,double,double)","amountX","amountX","待命名"
"src/main/java/xiaocaoawa/minecraft/mod/cobblebattle/client/ChatRoomScreen.java","241","PARAMETER","mouseScrolled(double,double,double,double)","amountY","amountY","待命名"
"src/main/java/xiaocaoawa/minecraft/mod/cobblebattle/client/ChatRoomScreen.java","246","PARAMETER","keyPressed(int,int,int)","keyCode","keyCode","待命名"
"src/main/java/xiaocaoawa/minecraft/mod/cobblebattle/client/ChatRoomScreen.java","246","PARAMETER","keyPressed(int,int,int)","scanCode","scanCode","待命名"
"src/main/java/xiaocaoawa/minecraft/mod/cobblebattle/client/ChatRoomScreen.java","246","PARAMETER","keyPressed(int,int,int)","modifiers","modifiers","待命名"
"src/main/java/xiaocaoawa/minecraft/mod/cobblebattle/client/ChatScreen.java","8","FIELD","xiaocaoawa.minecraft.mod.cobblebattle.client.ChatScreen","parent","parent","待命名"
"src/main/java/xiaocaoawa/minecraft/mod/cobblebattle/client/ChatScreen.java","10","PARAMETER","ChatScreen(net.minecraft.client.gui.screens.Screen)","parent","parent","待命名"
"src/main/java/xiaocaoawa/minecraft/mod/cobblebattle/client/ChatScreen.java","25","PARAMETER","renderBackground(net.minecraft.client.gui.GuiGraphics,int,int,float)","graphics","graphics","待命名"
"src/main/java/xiaocaoawa/minecraft/mod/cobblebattle/client/ChatScreen.java","25","PARAMETER","renderBackground(net.minecraft.client.gui.GuiGraphics,int,int,float)","mouseX","mouseX","待命名"
"src/main/java/xiaocaoawa/minecraft/mod/cobblebattle/client/ChatScreen.java","25","PARAMETER","renderBackground(net.minecraft.client.gui.GuiGraphics,int,int,float)","mouseY","mouseY","待命名"
"src/main/java/xiaocaoawa/minecraft/mod/cobblebattle/client/ChatScreen.java","25","PARAMETER","renderBackground(net.minecraft.client.gui.GuiGraphics,int,int,float)","partialTick","partialTick","待命名"
"src/main/java/xiaocaoawa/minecraft/mod/cobblebattle/client/ChatScreen.java","28","PARAMETER","render(net.minecraft.client.gui.GuiGraphics,int,int,float)","graphics","graphics","待命名"
"src/main/java/xiaocaoawa/minecraft/mod/cobblebattle/client/ChatScreen.java","28","PARAMETER","render(net.minecraft.client.gui.GuiGraphics,int,int,float)","mouseX","mouseX","待命名"
"src/main/java/xiaocaoawa/minecraft/mod/cobblebattle/client/ChatScreen.java","28","PARAMETER","render(net.minecraft.client.gui.GuiGraphics,int,int,float)","mouseY","mouseY","待命名"
"src/main/java/xiaocaoawa/minecraft/mod/cobblebattle/client/ChatScreen.java","28","PARAMETER","render(net.minecraft.client.gui.GuiGraphics,int,int,float)","partialTick","partialTick","待命名"
"src/main/java/xiaocaoawa/minecraft/mod/cobblebattle/client/ChatScreen.java","34","PARAMETER","mouseClicked(double,double,int)","mouseX","mouseX","待命名"
"src/main/java/xiaocaoawa/minecraft/mod/cobblebattle/client/ChatScreen.java","34","PARAMETER","mouseClicked(double,double,int)","mouseY","mouseY","待命名"
"src/main/java/xiaocaoawa/minecraft/mod/cobblebattle/client/ChatScreen.java","34","PARAMETER","mouseClicked(double,double,int)","button","button","待命名"
"src/main/java/xiaocaoawa/minecraft/mod/cobblebattle/client/ChatScreen.java","35","LOCAL_VARIABLE","mouseClicked(double,double,int)","relX","relX","待命名"
"src/main/java/xiaocaoawa/minecraft/mod/cobblebattle/client/ChatScreen.java","36","LOCAL_VARIABLE","mouseClicked(double,double,int)","relY","relY","待命名"
"src/main/java/xiaocaoawa/minecraft/mod/cobblebattle/client/ChatScreen.java","37","LOCAL_VARIABLE","mouseClicked(double,double,int)","tab","tab","待命名"
"src/main/java/xiaocaoawa/minecraft/mod/cobblebattle/client/ChatScreen.java","46","PARAMETER","mouseScrolled(double,double,double,double)","mouseX","mouseX","待命名"
"src/main/java/xiaocaoawa/minecraft/mod/cobblebattle/client/ChatScreen.java","46","PARAMETER","mouseScrolled(double,double,double,double)","mouseY","mouseY","待命名"
"src/main/java/xiaocaoawa/minecraft/mod/cobblebattle/client/ChatScreen.java","46","PARAMETER","mouseScrolled(double,double,double,double)","amountX","amountX","待命名"
"src/main/java/xiaocaoawa/minecraft/mod/cobblebattle/client/ChatScreen.java","46","PARAMETER","mouseScrolled(double,double,double,double)","amountY","amountY","待命名"
"src/main/java/xiaocaoawa/minecraft/mod/cobblebattle/client/ChatScreen.java","55","PARAMETER","charTyped(char,int)","ch","ch","待命名"
"src/main/java/xiaocaoawa/minecraft/mod/cobblebattle/client/ChatScreen.java","55","PARAMETER","charTyped(char,int)","modifiers","modifiers","待命名"
"src/main/java/xiaocaoawa/minecraft/mod/cobblebattle/client/ChatScreen.java","59","PARAMETER","keyPressed(int,int,int)","keyCode","keyCode","待命名"
"src/main/java/xiaocaoawa/minecraft/mod/cobblebattle/client/ChatScreen.java","59","PARAMETER","keyPressed(int,int,int)","scanCode","scanCode","待命名"
"src/main/java/xiaocaoawa/minecraft/mod/cobblebattle/client/ChatScreen.java","59","PARAMETER","keyPressed(int,int,int)","modifiers","modifiers","待命名"
"src/main/java/xiaocaoawa/minecraft/mod/cobblebattle/client/ChatScreen.java","76","METHOD","xiaocaoawa.minecraft.mod.cobblebattle.client.ChatScreen","send","send","待命名"
"src/main/java/xiaocaoawa/minecraft/mod/cobblebattle/client/ChatScreenHandler.java","31","PARAMETER","init()","payload","body","待验证"
"src/main/java/xiaocaoawa/minecraft/mod/cobblebattle/client/ChatScreenHandler.java","31","PARAMETER","init()","context","context","待命名"
"src/main/java/xiaocaoawa/minecraft/mod/cobblebattle/client/ChatScreenHandler.java","37","PARAMETER","init()","payload","payload","待命名"
"src/main/java/xiaocaoawa/minecraft/mod/cobblebattle/client/ChatScreenHandler.java","37","PARAMETER","init()","context","context","待命名"
"src/main/java/xiaocaoawa/minecraft/mod/cobblebattle/client/ChatScreenHandler.java","41","PARAMETER","init()","graphics","graphics","待命名"
"src/main/java/xiaocaoawa/minecraft/mod/cobblebattle/client/ChatScreenHandler.java","41","PARAMETER","init()","delta","delta","待命名"
"src/main/java/xiaocaoawa/minecraft/mod/cobblebattle/client/ChatScreenHandler.java","42","PARAMETER","init()","screen","screen","待命名"
"src/main/java/xiaocaoawa/minecraft/mod/cobblebattle/client/ChatScreenHandler.java","42","PARAMETER","init()","graphics","graphics","待命名"
"src/main/java/xiaocaoawa/minecraft/mod/cobblebattle/client/ChatScreenHandler.java","42","PARAMETER","init()","mouseX","mouseX","待命名"
"src/main/java/xiaocaoawa/minecraft/mod/cobblebattle/client/ChatScreenHandler.java","42","PARAMETER","init()","mouseY","mouseY","待命名"
"src/main/java/xiaocaoawa/minecraft/mod/cobblebattle/client/ChatScreenHandler.java","42","PARAMETER","init()","delta","delta","待命名"
"src/main/java/xiaocaoawa/minecraft/mod/cobblebattle/client/ChatScreenHandler.java","43","PARAMETER","init()","minecraft","minecraft","待命名"
"src/main/java/xiaocaoawa/minecraft/mod/cobblebattle/client/ChatScreenHandler.java","43","PARAMETER","init()","keyCode","keyCode","待命名"
"src/main/java/xiaocaoawa/minecraft/mod/cobblebattle/client/ChatScreenHandler.java","43","PARAMETER","init()","scanCode","scanCode","待命名"
"src/main/java/xiaocaoawa/minecraft/mod/cobblebattle/client/ChatScreenHandler.java","43","PARAMETER","init()","action","action","待命名"
"src/main/java/xiaocaoawa/minecraft/mod/cobblebattle/client/ChatScreenHandler.java","43","PARAMETER","init()","modifiers","modifiers","待命名"
"src/main/java/xiaocaoawa/minecraft/mod/cobblebattle/client/ChatScreenHandler.java","53","PARAMETER","init()","minecraft","minecraft","待命名"
"src/main/java/xiaocaoawa/minecraft/mod/cobblebattle/client/ChatScreenHandler.java","53","PARAMETER","init()","screen","screen","待命名"
"src/main/java/xiaocaoawa/minecraft/mod/cobblebattle/client/ChatScreenHandler.java","53","PARAMETER","init()","mouseX","mouseX","待命名"
"src/main/java/xiaocaoawa/minecraft/mod/cobblebattle/client/ChatScreenHandler.java","53","PARAMETER","init()","mouseY","mouseY","待命名"
"src/main/java/xiaocaoawa/minecraft/mod/cobblebattle/client/ChatScreenHandler.java","53","PARAMETER","init()","button","button","待命名"
"src/main/java/xiaocaoawa/minecraft/mod/cobblebattle/client/ChatScreenHandler.java","60","LOCAL_VARIABLE","init()","relX","relX","待命名"
"src/main/java/xiaocaoawa/minecraft/mod/cobblebattle/client/ChatScreenHandler.java","61","LOCAL_VARIABLE","init()","relY","relY","待命名"
"src/main/java/xiaocaoawa/minecraft/mod/cobblebattle/client/ChatScreenHandler.java","62","LOCAL_VARIABLE","init()","tab","tab","待命名"
"src/main/java/xiaocaoawa/minecraft/mod/cobblebattle/client/ChatScreenHandler.java","73","PARAMETER","init()","minecraft","minecraft","待命名"
"src/main/java/xiaocaoawa/minecraft/mod/cobblebattle/client/ChatScreenHandler.java","73","PARAMETER","init()","screen","screen","待命名"
"src/main/java/xiaocaoawa/minecraft/mod/cobblebattle/client/ChatScreenHandler.java","73","PARAMETER","init()","keyCode","keyCode","待命名"
"src/main/java/xiaocaoawa/minecraft/mod/cobblebattle/client/ChatScreenHandler.java","73","PARAMETER","init()","scanCode","scanCode","待命名"
"src/main/java/xiaocaoawa/minecraft/mod/cobblebattle/client/ChatScreenHandler.java","73","PARAMETER","init()","modifiers","modifiers","待命名"
"src/main/java/xiaocaoawa/minecraft/mod/cobblebattle/client/ChatScreenHandler.java","100","PARAMETER","init()","minecraft","minecraft","待命名"
"src/main/java/xiaocaoawa/minecraft/mod/cobblebattle/client/ChatScreenHandler.java","100","PARAMETER","init()","screen","screen","待命名"
"src/main/java/xiaocaoawa/minecraft/mod/cobblebattle/client/ChatScreenHandler.java","100","PARAMETER","init()","mouseX","mouseX","待命名"
"src/main/java/xiaocaoawa/minecraft/mod/cobblebattle/client/ChatScreenHandler.java","100","PARAMETER","init()","mouseY","mouseY","待命名"
"src/main/java/xiaocaoawa/minecraft/mod/cobblebattle/client/ChatScreenHandler.java","100","PARAMETER","init()","amountX","amountX","待命名"
"src/main/java/xiaocaoawa/minecraft/mod/cobblebattle/client/ChatScreenHandler.java","100","PARAMETER","init()","amountY","amountY","待命名"
"src/main/java/xiaocaoawa/minecraft/mod/cobblebattle/client/ChatScreenHandler.java","110","PARAMETER","init()","minecraft","minecraft","待命名"
"src/main/java/xiaocaoawa/minecraft/mod/cobblebattle/client/ChatScreenHandler.java","110","PARAMETER","init()","screen","screen","待命名"
"src/main/java/xiaocaoawa/minecraft/mod/cobblebattle/client/ChatScreenHandler.java","110","PARAMETER","init()","ch","ch","待命名"
"src/main/java/xiaocaoawa/minecraft/mod/cobblebattle/client/ChatScreenHandler.java","110","PARAMETER","init()","modifiers","modifiers","待命名"
"src/main/java/xiaocaoawa/minecraft/mod/cobblebattle/client/ChatScreenHandler.java","119","METHOD","xiaocaoawa.minecraft.mod.cobblebattle.client.ChatScreenHandler","ready","ready","待命名"
"src/main/java/xiaocaoawa/minecraft/mod/cobblebattle/client/ChatScreenHandler.java","119","PARAMETER","ready(net.minecraft.client.Minecraft)","minecraft","minecraft","待命名"
"src/main/java/xiaocaoawa/minecraft/mod/cobblebattle/client/ChatScreenHandler.java","123","METHOD","xiaocaoawa.minecraft.mod.cobblebattle.client.ChatScreenHandler","send","send","待命名"
"src/main/java/xiaocaoawa/minecraft/mod/cobblebattle/client/ChatScreenHandler.java","123","PARAMETER","send(xiaocaoawa.minecraft.mod.cobblebattle.client.ChatLog.Channel,java.lang.String)","channel","selectedConversation","待验证"
"src/main/java/xiaocaoawa/minecraft/mod/cobblebattle/client/ChatScreenHandler.java","123","PARAMETER","send(xiaocaoawa.minecraft.mod.cobblebattle.client.ChatLog.Channel,java.lang.String)","text","text","待命名"
"src/main/java/xiaocaoawa/minecraft/mod/cobblebattle/client/ChatState.java","8","PARAMETER","setEnabled(boolean)","value","value","待命名"
"src/main/java/xiaocaoawa/minecraft/mod/cobblebattle/client/ChatState.java","10","PARAMETER","setScroll(int)","rows","rows","待命名"
"src/main/java/xiaocaoawa/minecraft/mod/cobblebattle/client/ChatState.java","16","PARAMETER","select(xiaocaoawa.minecraft.mod.cobblebattle.client.ChatLog.Channel)","wanted","connectionRequested","待验证"
"src/main/java/xiaocaoawa/minecraft/mod/cobblebattle/client/ChatState.java","17","PARAMETER","accept(boolean,boolean,long,java.lang.String)","nowSignedIn","nowSignedIn","待命名"
"src/main/java/xiaocaoawa/minecraft/mod/cobblebattle/client/ChatState.java","17","PARAMETER","accept(boolean,boolean,long,java.lang.String)","nowInBattle","nowInBattle","待命名"
"src/main/java/xiaocaoawa/minecraft/mod/cobblebattle/client/ChatState.java","17","PARAMETER","accept(boolean,boolean,long,java.lang.String)","nowUid","nowAccountNumber","待验证"
"src/main/java/xiaocaoawa/minecraft/mod/cobblebattle/client/ChatState.java","17","PARAMETER","accept(boolean,boolean,long,java.lang.String)","nowName","nowName","待命名"
"src/main/java/xiaocaoawa/minecraft/mod/cobblebattle/client/ClientSettings.java","13","FIELD","xiaocaoawa.minecraft.mod.cobblebattle.client.ClientSettings","LOGGER","LOGGER","待命名"
"src/main/java/xiaocaoawa/minecraft/mod/cobblebattle/client/ClientSettings.java","14","FIELD","xiaocaoawa.minecraft.mod.cobblebattle.client.ClientSettings","loaded","loaded","待命名"
"src/main/java/xiaocaoawa/minecraft/mod/cobblebattle/client/ClientSettings.java","15","FIELD","xiaocaoawa.minecraft.mod.cobblebattle.client.ClientSettings","chatHud","chatHud","待命名"
"src/main/java/xiaocaoawa/minecraft/mod/cobblebattle/client/ClientSettings.java","25","PARAMETER","setChatHud(boolean)","on","on","待命名"
"src/main/java/xiaocaoawa/minecraft/mod/cobblebattle/client/ClientSettings.java","31","METHOD","xiaocaoawa.minecraft.mod.cobblebattle.client.ClientSettings","file","file","待命名"
"src/main/java/xiaocaoawa/minecraft/mod/cobblebattle/client/ClientSettings.java","35","METHOD","xiaocaoawa.minecraft.mod.cobblebattle.client.ClientSettings","load","load","待命名"
"src/main/java/xiaocaoawa/minecraft/mod/cobblebattle/client/ClientSettings.java","40","LOCAL_VARIABLE","load()","file","file","待命名"
"src/main/java/xiaocaoawa/minecraft/mod/cobblebattle/client/ClientSettings.java","45","LOCAL_VARIABLE","load()","root","root","待命名"
"src/main/java/xiaocaoawa/minecraft/mod/cobblebattle/client/ClientSettings.java","49","EXCEPTION_PARAMETER","load()","var2","failure","待验证"
"src/main/java/xiaocaoawa/minecraft/mod/cobblebattle/client/ClientSettings.java","55","METHOD","xiaocaoawa.minecraft.mod.cobblebattle.client.ClientSettings","save","save","待命名"
"src/main/java/xiaocaoawa/minecraft/mod/cobblebattle/client/ClientSettings.java","57","LOCAL_VARIABLE","save()","file","file","待命名"
"src/main/java/xiaocaoawa/minecraft/mod/cobblebattle/client/ClientSettings.java","59","LOCAL_VARIABLE","save()","root","root","待命名"
"src/main/java/xiaocaoawa/minecraft/mod/cobblebattle/client/ClientSettings.java","62","EXCEPTION_PARAMETER","save()","var2","failure","待验证"
"src/main/java/xiaocaoawa/minecraft/mod/cobblebattle/client/CobblemonCompat.java","18","FIELD","xiaocaoawa.minecraft.mod.cobblebattle.client.CobblemonCompat","LOGGER","LOGGER","待命名"
"src/main/java/xiaocaoawa/minecraft/mod/cobblebattle/client/CobblemonCompat.java","19","FIELD","xiaocaoawa.minecraft.mod.cobblebattle.client.CobblemonCompat","DRAW_PROFILE","DRAW_PROFILE","待命名"
"src/main/java/xiaocaoawa/minecraft/mod/cobblebattle/client/CobblemonCompat.java","20","FIELD","xiaocaoawa.minecraft.mod.cobblebattle.client.CobblemonCompat","TRANSFORM_NONE","TRANSFORM_NONE","待命名"
"src/main/java/xiaocaoawa/minecraft/mod/cobblebattle/client/CobblemonCompat.java","31","PARAMETER","drawProfile(com.cobblemon.mod.common.pokemon.RenderablePokemon,com.mojang.blaze3d.vertex.PoseStack,org.joml.Quaternionf,com.cobblemon.mod.common.entity.PoseType,com.cobblemon.mod.common.client.render.models.blockbench.PosableState,float,float,boolean,float,float,float,float,float,float,int)","pokemon","creature","待验证"
"src/main/java/xiaocaoawa/minecraft/mod/cobblebattle/client/CobblemonCompat.java","32","PARAMETER","drawProfile(com.cobblemon.mod.common.pokemon.RenderablePokemon,com.mojang.blaze3d.vertex.PoseStack,org.joml.Quaternionf,com.cobblemon.mod.common.entity.PoseType,com.cobblemon.mod.common.client.render.models.blockbench.PosableState,float,float,boolean,float,float,float,float,float,float,int)","pose","pose","待命名"
"src/main/java/xiaocaoawa/minecraft/mod/cobblebattle/client/CobblemonCompat.java","33","PARAMETER","drawProfile(com.cobblemon.mod.common.pokemon.RenderablePokemon,com.mojang.blaze3d.vertex.PoseStack,org.joml.Quaternionf,com.cobblemon.mod.common.entity.PoseType,com.cobblemon.mod.common.client.render.models.blockbench.PosableState,float,float,boolean,float,float,float,float,float,float,int)","rotation","rotation","待命名"
"src/main/java/xiaocaoawa/minecraft/mod/cobblebattle/client/CobblemonCompat.java","34","PARAMETER","drawProfile(com.cobblemon.mod.common.pokemon.RenderablePokemon,com.mojang.blaze3d.vertex.PoseStack,org.joml.Quaternionf,com.cobblemon.mod.common.entity.PoseType,com.cobblemon.mod.common.client.render.models.blockbench.PosableState,float,float,boolean,float,float,float,float,float,float,int)","poseType","poseType","待命名"
"src/main/java/xiaocaoawa/minecraft/mod/cobblebattle/client/CobblemonCompat.java","35","PARAMETER","drawProfile(com.cobblemon.mod.common.pokemon.RenderablePokemon,com.mojang.blaze3d.vertex.PoseStack,org.joml.Quaternionf,com.cobblemon.mod.common.entity.PoseType,com.cobblemon.mod.common.client.render.models.blockbench.PosableState,float,float,boolean,float,float,float,float,float,float,int)","state","state","待命名"
"src/main/java/xiaocaoawa/minecraft/mod/cobblebattle/client/CobblemonCompat.java","36","PARAMETER","drawProfile(com.cobblemon.mod.common.pokemon.RenderablePokemon,com.mojang.blaze3d.vertex.PoseStack,org.joml.Quaternionf,com.cobblemon.mod.common.entity.PoseType,com.cobblemon.mod.common.client.render.models.blockbench.PosableState,float,float,boolean,float,float,float,float,float,float,int)","partialTicks","partialTicks","待命名"
"src/main/java/xiaocaoawa/minecraft/mod/cobblebattle/client/CobblemonCompat.java","37","PARAMETER","drawProfile(com.cobblemon.mod.common.pokemon.RenderablePokemon,com.mojang.blaze3d.vertex.PoseStack,org.joml.Quaternionf,com.cobblemon.mod.common.entity.PoseType,com.cobblemon.mod.common.client.render.models.blockbench.PosableState,float,float,boolean,float,float,float,float,float,float,int)","scale","scale","待命名"
"src/main/java/xiaocaoawa/minecraft/mod/cobblebattle/client/CobblemonCompat.java","38","PARAMETER","drawProfile(com.cobblemon.mod.common.pokemon.RenderablePokemon,com.mojang.blaze3d.vertex.PoseStack,org.joml.Quaternionf,com.cobblemon.mod.common.entity.PoseType,com.cobblemon.mod.common.client.render.models.blockbench.PosableState,float,float,boolean,float,float,float,float,float,float,int)","applyBaseScale","applyBaseScale","待命名"
"src/main/java/xiaocaoawa/minecraft/mod/cobblebattle/client/CobblemonCompat.java","39","PARAMETER","drawProfile(com.cobblemon.mod.common.pokemon.RenderablePokemon,com.mojang.blaze3d.vertex.PoseStack,org.joml.Quaternionf,com.cobblemon.mod.common.entity.PoseType,com.cobblemon.mod.common.client.render.models.blockbench.PosableState,float,float,boolean,float,float,float,float,float,float,int)","r","r","待命名"
"src/main/java/xiaocaoawa/minecraft/mod/cobblebattle/client/CobblemonCompat.java","40","PARAMETER","drawProfile(com.cobblemon.mod.common.pokemon.RenderablePokemon,com.mojang.blaze3d.vertex.PoseStack,org.joml.Quaternionf,com.cobblemon.mod.common.entity.PoseType,com.cobblemon.mod.common.client.render.models.blockbench.PosableState,float,float,boolean,float,float,float,float,float,float,int)","g","g","待命名"
"src/main/java/xiaocaoawa/minecraft/mod/cobblebattle/client/CobblemonCompat.java","41","PARAMETER","drawProfile(com.cobblemon.mod.common.pokemon.RenderablePokemon,com.mojang.blaze3d.vertex.PoseStack,org.joml.Quaternionf,com.cobblemon.mod.common.entity.PoseType,com.cobblemon.mod.common.client.render.models.blockbench.PosableState,float,float,boolean,float,float,float,float,float,float,int)","b","b","待命名"
"src/main/java/xiaocaoawa/minecraft/mod/cobblebattle/client/CobblemonCompat.java","42","PARAMETER","drawProfile(com.cobblemon.mod.common.pokemon.RenderablePokemon,com.mojang.blaze3d.vertex.PoseStack,org.joml.Quaternionf,com.cobblemon.mod.common.entity.PoseType,com.cobblemon.mod.common.client.render.models.blockbench.PosableState,float,float,boolean,float,float,float,float,float,float,int)","a","a","待命名"
"src/main/java/xiaocaoawa/minecraft/mod/cobblebattle/client/CobblemonCompat.java","43","PARAMETER","drawProfile(com.cobblemon.mod.common.pokemon.RenderablePokemon,com.mojang.blaze3d.vertex.PoseStack,org.joml.Quaternionf,com.cobblemon.mod.common.entity.PoseType,com.cobblemon.mod.common.client.render.models.blockbench.PosableState,float,float,boolean,float,float,float,float,float,float,int)","headYaw","headYaw","待命名"
"src/main/java/xiaocaoawa/minecraft/mod/cobblebattle/client/CobblemonCompat.java","44","PARAMETER","drawProfile(com.cobblemon.mod.common.pokemon.RenderablePokemon,com.mojang.blaze3d.vertex.PoseStack,org.joml.Quaternionf,com.cobblemon.mod.common.entity.PoseType,com.cobblemon.mod.common.client.render.models.blockbench.PosableState,float,float,boolean,float,float,float,float,float,float,int)","headPitch","headPitch","待命名"
"src/main/java/xiaocaoawa/minecraft/mod/cobblebattle/client/CobblemonCompat.java","45","PARAMETER","drawProfile(com.cobblemon.mod.common.pokemon.RenderablePokemon,com.mojang.blaze3d.vertex.PoseStack,org.joml.Quaternionf,com.cobblemon.mod.common.entity.PoseType,com.cobblemon.mod.common.client.render.models.blockbench.PosableState,float,float,boolean,float,float,float,float,float,float,int)","blockLight","blockLight","待命名"
"src/main/java/xiaocaoawa/minecraft/mod/cobblebattle/client/CobblemonCompat.java","66","EXCEPTION_PARAMETER","drawProfile(com.cobblemon.mod.common.pokemon.RenderablePokemon,com.mojang.blaze3d.vertex.PoseStack,org.joml.Quaternionf,com.cobblemon.mod.common.entity.PoseType,com.cobblemon.mod.common.client.render.models.blockbench.PosableState,float,float,boolean,float,float,float,float,float,float,int)","var16","failure","待验证"
"src/main/java/xiaocaoawa/minecraft/mod/cobblebattle/client/CobblemonCompat.java","68","EXCEPTION_PARAMETER","drawProfile(com.cobblemon.mod.common.pokemon.RenderablePokemon,com.mojang.blaze3d.vertex.PoseStack,org.joml.Quaternionf,com.cobblemon.mod.common.entity.PoseType,com.cobblemon.mod.common.client.render.models.blockbench.PosableState,float,float,boolean,float,float,float,float,float,float,int)","var17","var17","待命名"
"src/main/java/xiaocaoawa/minecraft/mod/cobblebattle/client/CobblemonCompat.java","74","METHOD","xiaocaoawa.minecraft.mod.cobblebattle.client.CobblemonCompat","highestProgress","highestProgress","待命名"
"src/main/java/xiaocaoawa/minecraft/mod/cobblebattle/client/CobblemonCompat.java","75","LOCAL_VARIABLE","highestProgress()","name","name","待命名"
"src/main/java/xiaocaoawa/minecraft/mod/cobblebattle/client/CobblemonCompat.java","78","EXCEPTION_PARAMETER","highestProgress()","var5","failure","待验证"
"src/main/java/xiaocaoawa/minecraft/mod/cobblebattle/client/CobblemonCompat.java","82","LOCAL_VARIABLE","highestProgress()","all","all","待命名"
"src/main/java/xiaocaoawa/minecraft/mod/cobblebattle/client/CobblemonCompat.java","87","LOCAL_VARIABLE","CobblemonCompat","lookup","lookup","待命名"
"src/main/java/xiaocaoawa/minecraft/mod/cobblebattle/client/CobblemonCompat.java","88","LOCAL_VARIABLE","CobblemonCompat","draw","draw","待命名"
"src/main/java/xiaocaoawa/minecraft/mod/cobblebattle/client/CobblemonCompat.java","89","LOCAL_VARIABLE","CobblemonCompat","none","none","待命名"
"src/main/java/xiaocaoawa/minecraft/mod/cobblebattle/client/CobblemonCompat.java","92","LOCAL_VARIABLE","CobblemonCompat","transform","transform","待命名"
"src/main/java/xiaocaoawa/minecraft/mod/cobblebattle/client/CobblemonCompat.java","118","EXCEPTION_PARAMETER","CobblemonCompat","var6","failure","待验证"
"src/main/java/xiaocaoawa/minecraft/mod/cobblebattle/client/CobblemonCompat.java","144","EXCEPTION_PARAMETER","CobblemonCompat","var5","var5","待命名"
"src/main/java/xiaocaoawa/minecraft/mod/cobblebattle/client/LeaderboardScreen.java","32","FIELD","xiaocaoawa.minecraft.mod.cobblebattle.client.LeaderboardScreen","BASE","BASE","待命名"
"src/main/java/xiaocaoawa/minecraft/mod/cobblebattle/client/LeaderboardScreen.java","33","FIELD","xiaocaoawa.minecraft.mod.cobblebattle.client.LeaderboardScreen","SCREEN","SCREEN","待命名"
"src/main/java/xiaocaoawa/minecraft/mod/cobblebattle/client/LeaderboardScreen.java","34","FIELD","xiaocaoawa.minecraft.mod.cobblebattle.client.LeaderboardScreen","POKE_BALL_BACKGROUND","POKE_BALL_BACKGROUND","待命名"
"src/main/java/xiaocaoawa/minecraft/mod/cobblebattle/client/LeaderboardScreen.java","37","FIELD","xiaocaoawa.minecraft.mod.cobblebattle.client.LeaderboardScreen","PLATFORM","PLATFORM","待命名"
"src/main/java/xiaocaoawa/minecraft/mod/cobblebattle/client/LeaderboardScreen.java","38","FIELD","xiaocaoawa.minecraft.mod.cobblebattle.client.LeaderboardScreen","PLATFORM_SHADOW","PLATFORM_SHADOW","待命名"
"src/main/java/xiaocaoawa/minecraft/mod/cobblebattle/client/LeaderboardScreen.java","39","FIELD","xiaocaoawa.minecraft.mod.cobblebattle.client.LeaderboardScreen","UNKNOWN","UNKNOWN","待命名"
"src/main/java/xiaocaoawa/minecraft/mod/cobblebattle/client/LeaderboardScreen.java","40","FIELD","xiaocaoawa.minecraft.mod.cobblebattle.client.LeaderboardScreen","ARROW_UP","ARROW_UP","待命名"
"src/main/java/xiaocaoawa/minecraft/mod/cobblebattle/client/LeaderboardScreen.java","41","FIELD","xiaocaoawa.minecraft.mod.cobblebattle.client.LeaderboardScreen","ARROW_DOWN","ARROW_DOWN","待命名"
"src/main/java/xiaocaoawa/minecraft/mod/cobblebattle/client/LeaderboardScreen.java","44","FIELD","xiaocaoawa.minecraft.mod.cobblebattle.client.LeaderboardScreen","WIDTH","WIDTH","待命名"
"src/main/java/xiaocaoawa/minecraft/mod/cobblebattle/client/LeaderboardScreen.java","45","FIELD","xiaocaoawa.minecraft.mod.cobblebattle.client.LeaderboardScreen","HEIGHT","HEIGHT","待命名"
"src/main/java/xiaocaoawa/minecraft/mod/cobblebattle/client/LeaderboardScreen.java","46","FIELD","xiaocaoawa.minecraft.mod.cobblebattle.client.LeaderboardScreen","HOLE_X","HOLE_X","待命名"
"src/main/java/xiaocaoawa/minecraft/mod/cobblebattle/client/LeaderboardScreen.java","47","FIELD","xiaocaoawa.minecraft.mod.cobblebattle.client.LeaderboardScreen","HOLE_Y","HOLE_Y","待命名"
"src/main/java/xiaocaoawa/minecraft/mod/cobblebattle/client/LeaderboardScreen.java","48","FIELD","xiaocaoawa.minecraft.mod.cobblebattle.client.LeaderboardScreen","HOLE_W","HOLE_W","待命名"
"src/main/java/xiaocaoawa/minecraft/mod/cobblebattle/client/LeaderboardScreen.java","49","FIELD","xiaocaoawa.minecraft.mod.cobblebattle.client.LeaderboardScreen","HOLE_H","HOLE_H","待命名"
"src/main/java/xiaocaoawa/minecraft/mod/cobblebattle/client/LeaderboardScreen.java","50","FIELD","xiaocaoawa.minecraft.mod.cobblebattle.client.LeaderboardScreen","HEADER_Y","HEADER_Y","待命名"
"src/main/java/xiaocaoawa/minecraft/mod/cobblebattle/client/LeaderboardScreen.java","51","FIELD","xiaocaoawa.minecraft.mod.cobblebattle.client.LeaderboardScreen","HEADER_H","HEADER_H","待命名"
"src/main/java/xiaocaoawa/minecraft/mod/cobblebattle/client/LeaderboardScreen.java","52","FIELD","xiaocaoawa.minecraft.mod.cobblebattle.client.LeaderboardScreen","LEFT_X","LEFT_X","待命名"
"src/main/java/xiaocaoawa/minecraft/mod/cobblebattle/client/LeaderboardScreen.java","53","FIELD","xiaocaoawa.minecraft.mod.cobblebattle.client.LeaderboardScreen","LEFT_W","LEFT_W","待命名"
"src/main/java/xiaocaoawa/minecraft/mod/cobblebattle/client/LeaderboardScreen.java","54","FIELD","xiaocaoawa.minecraft.mod.cobblebattle.client.LeaderboardScreen","RIGHT_X","RIGHT_X","待命名"
"src/main/java/xiaocaoawa/minecraft/mod/cobblebattle/client/LeaderboardScreen.java","55","FIELD","xiaocaoawa.minecraft.mod.cobblebattle.client.LeaderboardScreen","RIGHT_W","RIGHT_W","待命名"
"src/main/java/xiaocaoawa/minecraft/mod/cobblebattle/client/LeaderboardScreen.java","56","FIELD","xiaocaoawa.minecraft.mod.cobblebattle.client.LeaderboardScreen","PANE_Y","PANE_Y","待命名"
"src/main/java/xiaocaoawa/minecraft/mod/cobblebattle/client/LeaderboardScreen.java","57","FIELD","xiaocaoawa.minecraft.mod.cobblebattle.client.LeaderboardScreen","PANE_H","PANE_H","待命名"
"src/main/java/xiaocaoawa/minecraft/mod/cobblebattle/client/LeaderboardScreen.java","58","FIELD","xiaocaoawa.minecraft.mod.cobblebattle.client.LeaderboardScreen","BAND_A","BAND_A","待命名"
"src/main/java/xiaocaoawa/minecraft/mod/cobblebattle/client/LeaderboardScreen.java","59","FIELD","xiaocaoawa.minecraft.mod.cobblebattle.client.LeaderboardScreen","BAND_B","BAND_B","待命名"
"src/main/java/xiaocaoawa/minecraft/mod/cobblebattle/client/LeaderboardScreen.java","60","FIELD","xiaocaoawa.minecraft.mod.cobblebattle.client.LeaderboardScreen","BAND_DEEP","BAND_DEEP","待命名"
"src/main/java/xiaocaoawa/minecraft/mod/cobblebattle/client/LeaderboardScreen.java","61","FIELD","xiaocaoawa.minecraft.mod.cobblebattle.client.LeaderboardScreen","INK","INK","待命名"
"src/main/java/xiaocaoawa/minecraft/mod/cobblebattle/client/LeaderboardScreen.java","62","FIELD","xiaocaoawa.minecraft.mod.cobblebattle.client.LeaderboardScreen","INK_SOFT","INK_SOFT","待命名"
"src/main/java/xiaocaoawa/minecraft/mod/cobblebattle/client/LeaderboardScreen.java","63","FIELD","xiaocaoawa.minecraft.mod.cobblebattle.client.LeaderboardScreen","WHITE","WHITE","待命名"
"src/main/java/xiaocaoawa/minecraft/mod/cobblebattle/client/LeaderboardScreen.java","64","FIELD","xiaocaoawa.minecraft.mod.cobblebattle.client.LeaderboardScreen","GOLD","GOLD","待命名"
"src/main/java/xiaocaoawa/minecraft/mod/cobblebattle/client/LeaderboardScreen.java","65","FIELD","xiaocaoawa.minecraft.mod.cobblebattle.client.LeaderboardScreen","BAND_MINE","BAND_MINE","待命名"
"src/main/java/xiaocaoawa/minecraft/mod/cobblebattle/client/LeaderboardScreen.java","66","FIELD","xiaocaoawa.minecraft.mod.cobblebattle.client.LeaderboardScreen","COLUMNS_Y","COLUMNS_Y","待命名"
"src/main/java/xiaocaoawa/minecraft/mod/cobblebattle/client/LeaderboardScreen.java","67","FIELD","xiaocaoawa.minecraft.mod.cobblebattle.client.LeaderboardScreen","ROWS_Y","ROWS_Y","待命名"
"src/main/java/xiaocaoawa/minecraft/mod/cobblebattle/client/LeaderboardScreen.java","68","FIELD","xiaocaoawa.minecraft.mod.cobblebattle.client.LeaderboardScreen","ROW_H","ROW_H","待命名"
"src/main/java/xiaocaoawa/minecraft/mod/cobblebattle/client/LeaderboardScreen.java","69","FIELD","xiaocaoawa.minecraft.mod.cobblebattle.client.LeaderboardScreen","ROWS","ROWS","待命名"
"src/main/java/xiaocaoawa/minecraft/mod/cobblebattle/client/LeaderboardScreen.java","70","FIELD","xiaocaoawa.minecraft.mod.cobblebattle.client.LeaderboardScreen","COL_RANK","COL_RANK","待命名"
"src/main/java/xiaocaoawa/minecraft/mod/cobblebattle/client/LeaderboardScreen.java","71","FIELD","xiaocaoawa.minecraft.mod.cobblebattle.client.LeaderboardScreen","COL_FACE","COL_FACE","待命名"
"src/main/java/xiaocaoawa/minecraft/mod/cobblebattle/client/LeaderboardScreen.java","72","FIELD","xiaocaoawa.minecraft.mod.cobblebattle.client.LeaderboardScreen","COL_NAME","COL_NAME","待命名"
"src/main/java/xiaocaoawa/minecraft/mod/cobblebattle/client/LeaderboardScreen.java","73","FIELD","xiaocaoawa.minecraft.mod.cobblebattle.client.LeaderboardScreen","COL_RECORD","COL_RECORD","待命名"
"src/main/java/xiaocaoawa/minecraft/mod/cobblebattle/client/LeaderboardScreen.java","74","FIELD","xiaocaoawa.minecraft.mod.cobblebattle.client.LeaderboardScreen","COL_SCORE_RIGHT","COL_SCORE_RIGHT","待命名"
"src/main/java/xiaocaoawa/minecraft/mod/cobblebattle/client/LeaderboardScreen.java","75","FIELD","xiaocaoawa.minecraft.mod.cobblebattle.client.LeaderboardScreen","LABEL_Y","LABEL_Y","待命名"
"src/main/java/xiaocaoawa/minecraft/mod/cobblebattle/client/LeaderboardScreen.java","76","FIELD","xiaocaoawa.minecraft.mod.cobblebattle.client.LeaderboardScreen","LABEL_SHIFT_X","LABEL_SHIFT_X","待命名"
"src/main/java/xiaocaoawa/minecraft/mod/cobblebattle/client/LeaderboardScreen.java","77","FIELD","xiaocaoawa.minecraft.mod.cobblebattle.client.LeaderboardScreen","BAR_Y","BAR_Y","待命名"
"src/main/java/xiaocaoawa/minecraft/mod/cobblebattle/client/LeaderboardScreen.java","78","FIELD","xiaocaoawa.minecraft.mod.cobblebattle.client.LeaderboardScreen","BAR_NUMBER_X","BAR_NUMBER_X","待命名"
"src/main/java/xiaocaoawa/minecraft/mod/cobblebattle/client/LeaderboardScreen.java","79","FIELD","xiaocaoawa.minecraft.mod.cobblebattle.client.LeaderboardScreen","BAR_NAME_X","BAR_NAME_X","待命名"
"src/main/java/xiaocaoawa/minecraft/mod/cobblebattle/client/LeaderboardScreen.java","80","FIELD","xiaocaoawa.minecraft.mod.cobblebattle.client.LeaderboardScreen","BAR_NAME_RIGHT","BAR_NAME_RIGHT","待命名"
"src/main/java/xiaocaoawa/minecraft/mod/cobblebattle/client/LeaderboardScreen.java","81","FIELD","xiaocaoawa.minecraft.mod.cobblebattle.client.LeaderboardScreen","BAR_TEXT_Y","BAR_TEXT_Y","待命名"
"src/main/java/xiaocaoawa/minecraft/mod/cobblebattle/client/LeaderboardScreen.java","82","FIELD","xiaocaoawa.minecraft.mod.cobblebattle.client.LeaderboardScreen","DEX_NAME","DEX_NAME","待命名"
"src/main/java/xiaocaoawa/minecraft/mod/cobblebattle/client/LeaderboardScreen.java","83","FIELD","xiaocaoawa.minecraft.mod.cobblebattle.client.LeaderboardScreen","BOX_Y","BOX_Y","待命名"
"src/main/java/xiaocaoawa/minecraft/mod/cobblebattle/client/LeaderboardScreen.java","84","FIELD","xiaocaoawa.minecraft.mod.cobblebattle.client.LeaderboardScreen","BOX_BOTTOM","BOX_BOTTOM","待命名"
"src/main/java/xiaocaoawa/minecraft/mod/cobblebattle/client/LeaderboardScreen.java","85","FIELD","xiaocaoawa.minecraft.mod.cobblebattle.client.LeaderboardScreen","PLATE_ALPHA","PLATE_ALPHA","待命名"
"src/main/java/xiaocaoawa/minecraft/mod/cobblebattle/client/LeaderboardScreen.java","86","FIELD","xiaocaoawa.minecraft.mod.cobblebattle.client.LeaderboardScreen","PLATFORM_W","PLATFORM_W","待命名"
"src/main/java/xiaocaoawa/minecraft/mod/cobblebattle/client/LeaderboardScreen.java","87","FIELD","xiaocaoawa.minecraft.mod.cobblebattle.client.LeaderboardScreen","PLATFORM_H","PLATFORM_H","待命名"
"src/main/java/xiaocaoawa/minecraft/mod/cobblebattle/client/LeaderboardScreen.java","88","FIELD","xiaocaoawa.minecraft.mod.cobblebattle.client.LeaderboardScreen","PLATFORM_Y","PLATFORM_Y","待命名"
"src/main/java/xiaocaoawa/minecraft/mod/cobblebattle/client/LeaderboardScreen.java","89","FIELD","xiaocaoawa.minecraft.mod.cobblebattle.client.LeaderboardScreen","FLOOR_Y","FLOOR_Y","待命名"
"src/main/java/xiaocaoawa/minecraft/mod/cobblebattle/client/LeaderboardScreen.java","90","FIELD","xiaocaoawa.minecraft.mod.cobblebattle.client.LeaderboardScreen","SHADOW_W","SHADOW_W","待命名"
"src/main/java/xiaocaoawa/minecraft/mod/cobblebattle/client/LeaderboardScreen.java","91","FIELD","xiaocaoawa.minecraft.mod.cobblebattle.client.LeaderboardScreen","SHADOW_H","SHADOW_H","待命名"
"src/main/java/xiaocaoawa/minecraft/mod/cobblebattle/client/LeaderboardScreen.java","92","FIELD","xiaocaoawa.minecraft.mod.cobblebattle.client.LeaderboardScreen","UNKNOWN_W","UNKNOWN_W","待命名"
"src/main/java/xiaocaoawa/minecraft/mod/cobblebattle/client/LeaderboardScreen.java","93","FIELD","xiaocaoawa.minecraft.mod.cobblebattle.client.LeaderboardScreen","UNKNOWN_H","UNKNOWN_H","待命名"
"src/main/java/xiaocaoawa/minecraft/mod/cobblebattle/client/LeaderboardScreen.java","94","FIELD","xiaocaoawa.minecraft.mod.cobblebattle.client.LeaderboardScreen","PLAYER_X","PARTICIPANT_X","待验证"
"src/main/java/xiaocaoawa/minecraft/mod/cobblebattle/client/LeaderboardScreen.java","95","FIELD","xiaocaoawa.minecraft.mod.cobblebattle.client.LeaderboardScreen","PLAYER_SIZE","PARTICIPANT_SIZE","待验证"
"src/main/java/xiaocaoawa/minecraft/mod/cobblebattle/client/LeaderboardScreen.java","98","FIELD","xiaocaoawa.minecraft.mod.cobblebattle.client.LeaderboardScreen","POKEMON_X","CREATURE_X","待验证"
"src/main/java/xiaocaoawa/minecraft/mod/cobblebattle/client/LeaderboardScreen.java","99","FIELD","xiaocaoawa.minecraft.mod.cobblebattle.client.LeaderboardScreen","POKEMON_Y","CREATURE_Y","待验证"
"src/main/java/xiaocaoawa/minecraft/mod/cobblebattle/client/LeaderboardScreen.java","100","FIELD","xiaocaoawa.minecraft.mod.cobblebattle.client.LeaderboardScreen","POKEMON_W","CREATURE_W","待验证"
"src/main/java/xiaocaoawa/minecraft/mod/cobblebattle/client/LeaderboardScreen.java","101","FIELD","xiaocaoawa.minecraft.mod.cobblebattle.client.LeaderboardScreen","POKEMON_H","CREATURE_H","待验证"
"src/main/java/xiaocaoawa/minecraft/mod/cobblebattle/client/LeaderboardScreen.java","104","FIELD","xiaocaoawa.minecraft.mod.cobblebattle.client.LeaderboardScreen","board","board","待命名"
"src/main/java/xiaocaoawa/minecraft/mod/cobblebattle/client/LeaderboardScreen.java","105","FIELD","xiaocaoawa.minecraft.mod.cobblebattle.client.LeaderboardScreen","viewer","viewer","待命名"
"src/main/java/xiaocaoawa/minecraft/mod/cobblebattle/client/LeaderboardScreen.java","106","FIELD","xiaocaoawa.minecraft.mod.cobblebattle.client.LeaderboardScreen","selected","selected","待命名"
"src/main/java/xiaocaoawa/minecraft/mod/cobblebattle/client/LeaderboardScreen.java","107","FIELD","xiaocaoawa.minecraft.mod.cobblebattle.client.LeaderboardScreen","portrait","portrait","待命名"
"src/main/java/xiaocaoawa/minecraft/mod/cobblebattle/client/LeaderboardScreen.java","108","FIELD","xiaocaoawa.minecraft.mod.cobblebattle.client.LeaderboardScreen","portraits","portraits","待命名"
"src/main/java/xiaocaoawa/minecraft/mod/cobblebattle/client/LeaderboardScreen.java","109","FIELD","xiaocaoawa.minecraft.mod.cobblebattle.client.LeaderboardScreen","favourite","favourite","待命名"
"src/main/java/xiaocaoawa/minecraft/mod/cobblebattle/client/LeaderboardScreen.java","110","FIELD","xiaocaoawa.minecraft.mod.cobblebattle.client.LeaderboardScreen","pokemonState","creatureState","待验证"
"src/main/java/xiaocaoawa/minecraft/mod/cobblebattle/client/LeaderboardScreen.java","111","FIELD","xiaocaoawa.minecraft.mod.cobblebattle.client.LeaderboardScreen","pokemonScale","creatureScale","待验证"
"src/main/java/xiaocaoawa/minecraft/mod/cobblebattle/client/LeaderboardScreen.java","112","FIELD","xiaocaoawa.minecraft.mod.cobblebattle.client.LeaderboardScreen","offset","offset","待命名"
"src/main/java/xiaocaoawa/minecraft/mod/cobblebattle/client/LeaderboardScreen.java","113","FIELD","xiaocaoawa.minecraft.mod.cobblebattle.client.LeaderboardScreen","originX","originX","待命名"
"src/main/java/xiaocaoawa/minecraft/mod/cobblebattle/client/LeaderboardScreen.java","114","FIELD","xiaocaoawa.minecraft.mod.cobblebattle.client.LeaderboardScreen","originY","originY","待命名"
"src/main/java/xiaocaoawa/minecraft/mod/cobblebattle/client/LeaderboardScreen.java","116","PARAMETER","LeaderboardScreen(xiaocaoawa.minecraft.mod.cobblebattle.network.LeaderboardPayload,java.util.UUID)","board","board","待命名"
"src/main/java/xiaocaoawa/minecraft/mod/cobblebattle/client/LeaderboardScreen.java","116","PARAMETER","LeaderboardScreen(xiaocaoawa.minecraft.mod.cobblebattle.network.LeaderboardPayload,java.util.UUID)","viewer","viewer","待命名"
"src/main/java/xiaocaoawa/minecraft/mod/cobblebattle/client/LeaderboardScreen.java","128","METHOD","xiaocaoawa.minecraft.mod.cobblebattle.client.LeaderboardScreen","select","select","待命名"
"src/main/java/xiaocaoawa/minecraft/mod/cobblebattle/client/LeaderboardScreen.java","128","PARAMETER","select(xiaocaoawa.minecraft.mod.cobblebattle.network.LeaderboardPayload.Entry)","entry","entry","待命名"
"src/main/java/xiaocaoawa/minecraft/mod/cobblebattle/client/LeaderboardScreen.java","134","LOCAL_VARIABLE","select(xiaocaoawa.minecraft.mod.cobblebattle.network.LeaderboardPayload.Entry)","speciesId","speciesTemplateId","待验证"
"src/main/java/xiaocaoawa/minecraft/mod/cobblebattle/client/LeaderboardScreen.java","136","LOCAL_VARIABLE","select(xiaocaoawa.minecraft.mod.cobblebattle.network.LeaderboardPayload.Entry)","species","speciesTemplate","待验证"
"src/main/java/xiaocaoawa/minecraft/mod/cobblebattle/client/LeaderboardScreen.java","139","LOCAL_VARIABLE","select(xiaocaoawa.minecraft.mod.cobblebattle.network.LeaderboardPayload.Entry)","blocks","blocks","待命名"
"src/main/java/xiaocaoawa/minecraft/mod/cobblebattle/client/LeaderboardScreen.java","145","METHOD","xiaocaoawa.minecraft.mod.cobblebattle.client.LeaderboardScreen","portraitOf","portraitOf","待命名"
"src/main/java/xiaocaoawa/minecraft/mod/cobblebattle/client/LeaderboardScreen.java","145","PARAMETER","portraitOf(xiaocaoawa.minecraft.mod.cobblebattle.network.LeaderboardPayload.Entry)","entry","entry","待命名"
"src/main/java/xiaocaoawa/minecraft/mod/cobblebattle/client/LeaderboardScreen.java","146","LOCAL_VARIABLE","portraitOf(xiaocaoawa.minecraft.mod.cobblebattle.network.LeaderboardPayload.Entry)","minecraft","minecraft","待命名"
"src/main/java/xiaocaoawa/minecraft/mod/cobblebattle/client/LeaderboardScreen.java","148","LOCAL_VARIABLE","portraitOf(xiaocaoawa.minecraft.mod.cobblebattle.network.LeaderboardPayload.Entry)","var4","var4","待命名"
"src/main/java/xiaocaoawa/minecraft/mod/cobblebattle/client/LeaderboardScreen.java","154","PARAMETER","portraitOf(xiaocaoawa.minecraft.mod.cobblebattle.network.LeaderboardPayload.Entry)","uid","accountNumber","待验证"
"src/main/java/xiaocaoawa/minecraft/mod/cobblebattle/client/LeaderboardScreen.java","157","METHOD","xiaocaoawa.minecraft.mod.cobblebattle.client.LeaderboardScreen","isMine","isMine","待命名"
"src/main/java/xiaocaoawa/minecraft/mod/cobblebattle/client/LeaderboardScreen.java","157","PARAMETER","isMine(xiaocaoawa.minecraft.mod.cobblebattle.network.LeaderboardPayload.Entry)","entry","entry","待命名"
"src/main/java/xiaocaoawa/minecraft/mod/cobblebattle/client/LeaderboardScreen.java","161","METHOD","xiaocaoawa.minecraft.mod.cobblebattle.client.LeaderboardScreen","isSelected","isSelected","待命名"
"src/main/java/xiaocaoawa/minecraft/mod/cobblebattle/client/LeaderboardScreen.java","161","PARAMETER","isSelected(xiaocaoawa.minecraft.mod.cobblebattle.network.LeaderboardPayload.Entry)","entry","entry","待命名"
"src/main/java/xiaocaoawa/minecraft/mod/cobblebattle/client/LeaderboardScreen.java","172","PARAMETER","render(net.minecraft.client.gui.GuiGraphics,int,int,float)","graphics","graphics","待命名"
"src/main/java/xiaocaoawa/minecraft/mod/cobblebattle/client/LeaderboardScreen.java","172","PARAMETER","render(net.minecraft.client.gui.GuiGraphics,int,int,float)","mouseX","mouseX","待命名"
"src/main/java/xiaocaoawa/minecraft/mod/cobblebattle/client/LeaderboardScreen.java","172","PARAMETER","render(net.minecraft.client.gui.GuiGraphics,int,int,float)","mouseY","mouseY","待命名"
"src/main/java/xiaocaoawa/minecraft/mod/cobblebattle/client/LeaderboardScreen.java","172","PARAMETER","render(net.minecraft.client.gui.GuiGraphics,int,int,float)","partialTick","partialTick","待命名"
"src/main/java/xiaocaoawa/minecraft/mod/cobblebattle/client/LeaderboardScreen.java","181","METHOD","xiaocaoawa.minecraft.mod.cobblebattle.client.LeaderboardScreen","drawContents","drawContents","待命名"
"src/main/java/xiaocaoawa/minecraft/mod/cobblebattle/client/LeaderboardScreen.java","181","PARAMETER","drawContents(net.minecraft.client.gui.GuiGraphics,int,int,float)","graphics","graphics","待命名"
"src/main/java/xiaocaoawa/minecraft/mod/cobblebattle/client/LeaderboardScreen.java","181","PARAMETER","drawContents(net.minecraft.client.gui.GuiGraphics,int,int,float)","mouseX","mouseX","待命名"
"src/main/java/xiaocaoawa/minecraft/mod/cobblebattle/client/LeaderboardScreen.java","181","PARAMETER","drawContents(net.minecraft.client.gui.GuiGraphics,int,int,float)","mouseY","mouseY","待命名"
"src/main/java/xiaocaoawa/minecraft/mod/cobblebattle/client/LeaderboardScreen.java","181","PARAMETER","drawContents(net.minecraft.client.gui.GuiGraphics,int,int,float)","partialTick","partialTick","待命名"
"src/main/java/xiaocaoawa/minecraft/mod/cobblebattle/client/LeaderboardScreen.java","182","LOCAL_VARIABLE","drawContents(net.minecraft.client.gui.GuiGraphics,int,int,float)","left","left","待命名"
"src/main/java/xiaocaoawa/minecraft/mod/cobblebattle/client/LeaderboardScreen.java","183","LOCAL_VARIABLE","drawContents(net.minecraft.client.gui.GuiGraphics,int,int,float)","top","top","待命名"
"src/main/java/xiaocaoawa/minecraft/mod/cobblebattle/client/LeaderboardScreen.java","188","LOCAL_VARIABLE","drawContents(net.minecraft.client.gui.GuiGraphics,int,int,float)","page","page","待命名"
"src/main/java/xiaocaoawa/minecraft/mod/cobblebattle/client/LeaderboardScreen.java","189","PARAMETER","drawContents(net.minecraft.client.gui.GuiGraphics,int,int,float)","style","style","待命名"
"src/main/java/xiaocaoawa/minecraft/mod/cobblebattle/client/LeaderboardScreen.java","198","METHOD","xiaocaoawa.minecraft.mod.cobblebattle.client.LeaderboardScreen","drawViewer","drawViewer","待命名"
"src/main/java/xiaocaoawa/minecraft/mod/cobblebattle/client/LeaderboardScreen.java","198","PARAMETER","drawViewer(net.minecraft.client.gui.GuiGraphics,int,int,float)","graphics","graphics","待命名"
"src/main/java/xiaocaoawa/minecraft/mod/cobblebattle/client/LeaderboardScreen.java","198","PARAMETER","drawViewer(net.minecraft.client.gui.GuiGraphics,int,int,float)","mouseX","mouseX","待命名"
"src/main/java/xiaocaoawa/minecraft/mod/cobblebattle/client/LeaderboardScreen.java","198","PARAMETER","drawViewer(net.minecraft.client.gui.GuiGraphics,int,int,float)","mouseY","mouseY","待命名"
"src/main/java/xiaocaoawa/minecraft/mod/cobblebattle/client/LeaderboardScreen.java","198","PARAMETER","drawViewer(net.minecraft.client.gui.GuiGraphics,int,int,float)","partialTick","partialTick","待命名"
"src/main/java/xiaocaoawa/minecraft/mod/cobblebattle/client/LeaderboardScreen.java","199","LOCAL_VARIABLE","drawViewer(net.minecraft.client.gui.GuiGraphics,int,int,float)","minecraft","minecraft","待命名"
"src/main/java/xiaocaoawa/minecraft/mod/cobblebattle/client/LeaderboardScreen.java","200","LOCAL_VARIABLE","drawViewer(net.minecraft.client.gui.GuiGraphics,int,int,float)","paneLeft","paneLeft","待命名"
"src/main/java/xiaocaoawa/minecraft/mod/cobblebattle/client/LeaderboardScreen.java","201","LOCAL_VARIABLE","drawViewer(net.minecraft.client.gui.GuiGraphics,int,int,float)","centreX","centreX","待命名"
"src/main/java/xiaocaoawa/minecraft/mod/cobblebattle/client/LeaderboardScreen.java","209","LOCAL_VARIABLE","drawViewer(net.minecraft.client.gui.GuiGraphics,int,int,float)","boxLeft","boxLeft","待命名"
"src/main/java/xiaocaoawa/minecraft/mod/cobblebattle/client/LeaderboardScreen.java","210","LOCAL_VARIABLE","drawViewer(net.minecraft.client.gui.GuiGraphics,int,int,float)","boxTop","boxTop","待命名"
"src/main/java/xiaocaoawa/minecraft/mod/cobblebattle/client/LeaderboardScreen.java","214","LOCAL_VARIABLE","drawViewer(net.minecraft.client.gui.GuiGraphics,int,int,float)","rotation","rotation","待命名"
"src/main/java/xiaocaoawa/minecraft/mod/cobblebattle/client/LeaderboardScreen.java","238","LOCAL_VARIABLE","drawViewer(net.minecraft.client.gui.GuiGraphics,int,int,float)","shown","shown","待命名"
"src/main/java/xiaocaoawa/minecraft/mod/cobblebattle/client/LeaderboardScreen.java","239","LOCAL_VARIABLE","drawViewer(net.minecraft.client.gui.GuiGraphics,int,int,float)","name","name","待命名"
"src/main/java/xiaocaoawa/minecraft/mod/cobblebattle/client/LeaderboardScreen.java","240","LOCAL_VARIABLE","drawViewer(net.minecraft.client.gui.GuiGraphics,int,int,float)","rank","rank","待命名"
"src/main/java/xiaocaoawa/minecraft/mod/cobblebattle/client/LeaderboardScreen.java","247","METHOD","xiaocaoawa.minecraft.mod.cobblebattle.client.LeaderboardScreen","dexText","dexText","待命名"
"src/main/java/xiaocaoawa/minecraft/mod/cobblebattle/client/LeaderboardScreen.java","247","PARAMETER","dexText(java.lang.String)","text","text","待命名"
"src/main/java/xiaocaoawa/minecraft/mod/cobblebattle/client/LeaderboardScreen.java","248","PARAMETER","dexText(java.lang.String)","style","style","待命名"
"src/main/java/xiaocaoawa/minecraft/mod/cobblebattle/client/LeaderboardScreen.java","251","METHOD","xiaocaoawa.minecraft.mod.cobblebattle.client.LeaderboardScreen","drawBackdrop","drawBackdrop","待命名"
"src/main/java/xiaocaoawa/minecraft/mod/cobblebattle/client/LeaderboardScreen.java","251","PARAMETER","drawBackdrop(net.minecraft.client.gui.GuiGraphics)","graphics","graphics","待命名"
"src/main/java/xiaocaoawa/minecraft/mod/cobblebattle/client/LeaderboardScreen.java","252","LOCAL_VARIABLE","drawBackdrop(net.minecraft.client.gui.GuiGraphics)","left","left","待命名"
"src/main/java/xiaocaoawa/minecraft/mod/cobblebattle/client/LeaderboardScreen.java","253","LOCAL_VARIABLE","drawBackdrop(net.minecraft.client.gui.GuiGraphics)","top","top","待命名"
"src/main/java/xiaocaoawa/minecraft/mod/cobblebattle/client/LeaderboardScreen.java","254","LOCAL_VARIABLE","drawBackdrop(net.minecraft.client.gui.GuiGraphics)","bottom","bottom","待命名"
"src/main/java/xiaocaoawa/minecraft/mod/cobblebattle/client/LeaderboardScreen.java","266","METHOD","xiaocaoawa.minecraft.mod.cobblebattle.client.LeaderboardScreen","drawShadow","drawShadow","待命名"
"src/main/java/xiaocaoawa/minecraft/mod/cobblebattle/client/LeaderboardScreen.java","266","PARAMETER","drawShadow(net.minecraft.client.gui.GuiGraphics,int)","graphics","graphics","待命名"
"src/main/java/xiaocaoawa/minecraft/mod/cobblebattle/client/LeaderboardScreen.java","266","PARAMETER","drawShadow(net.minecraft.client.gui.GuiGraphics,int)","centreX","centreX","待命名"
"src/main/java/xiaocaoawa/minecraft/mod/cobblebattle/client/LeaderboardScreen.java","270","PARAMETER","drawEntity(net.minecraft.client.gui.GuiGraphics,int,int,int,float,float,net.minecraft.world.entity.LivingEntity)","graphics","graphics","待命名"
"src/main/java/xiaocaoawa/minecraft/mod/cobblebattle/client/LeaderboardScreen.java","270","PARAMETER","drawEntity(net.minecraft.client.gui.GuiGraphics,int,int,int,float,float,net.minecraft.world.entity.LivingEntity)","x","x","待命名"
"src/main/java/xiaocaoawa/minecraft/mod/cobblebattle/client/LeaderboardScreen.java","270","PARAMETER","drawEntity(net.minecraft.client.gui.GuiGraphics,int,int,int,float,float,net.minecraft.world.entity.LivingEntity)","y","y","待命名"
"src/main/java/xiaocaoawa/minecraft/mod/cobblebattle/client/LeaderboardScreen.java","270","PARAMETER","drawEntity(net.minecraft.client.gui.GuiGraphics,int,int,int,float,float,net.minecraft.world.entity.LivingEntity)","size","size","待命名"
"src/main/java/xiaocaoawa/minecraft/mod/cobblebattle/client/LeaderboardScreen.java","270","PARAMETER","drawEntity(net.minecraft.client.gui.GuiGraphics,int,int,int,float,float,net.minecraft.world.entity.LivingEntity)","yaw","yaw","待命名"
"src/main/java/xiaocaoawa/minecraft/mod/cobblebattle/client/LeaderboardScreen.java","270","PARAMETER","drawEntity(net.minecraft.client.gui.GuiGraphics,int,int,int,float,float,net.minecraft.world.entity.LivingEntity)","pitch","pitch","待命名"
"src/main/java/xiaocaoawa/minecraft/mod/cobblebattle/client/LeaderboardScreen.java","270","PARAMETER","drawEntity(net.minecraft.client.gui.GuiGraphics,int,int,int,float,float,net.minecraft.world.entity.LivingEntity)","entity","entity","待命名"
"src/main/java/xiaocaoawa/minecraft/mod/cobblebattle/client/LeaderboardScreen.java","271","LOCAL_VARIABLE","drawEntity(net.minecraft.client.gui.GuiGraphics,int,int,int,float,float,net.minecraft.world.entity.LivingEntity)","turn","turn","待命名"
"src/main/java/xiaocaoawa/minecraft/mod/cobblebattle/client/LeaderboardScreen.java","272","LOCAL_VARIABLE","drawEntity(net.minecraft.client.gui.GuiGraphics,int,int,int,float,float,net.minecraft.world.entity.LivingEntity)","tilt","tilt","待命名"
"src/main/java/xiaocaoawa/minecraft/mod/cobblebattle/client/LeaderboardScreen.java","273","LOCAL_VARIABLE","drawEntity(net.minecraft.client.gui.GuiGraphics,int,int,int,float,float,net.minecraft.world.entity.LivingEntity)","pose","pose","待命名"
"src/main/java/xiaocaoawa/minecraft/mod/cobblebattle/client/LeaderboardScreen.java","274","LOCAL_VARIABLE","drawEntity(net.minecraft.client.gui.GuiGraphics,int,int,int,float,float,net.minecraft.world.entity.LivingEntity)","camera","camera","待命名"
"src/main/java/xiaocaoawa/minecraft/mod/cobblebattle/client/LeaderboardScreen.java","276","LOCAL_VARIABLE","drawEntity(net.minecraft.client.gui.GuiGraphics,int,int,int,float,float,net.minecraft.world.entity.LivingEntity)","bodyRot","bodyRot","待命名"
"src/main/java/xiaocaoawa/minecraft/mod/cobblebattle/client/LeaderboardScreen.java","277","LOCAL_VARIABLE","drawEntity(net.minecraft.client.gui.GuiGraphics,int,int,int,float,float,net.minecraft.world.entity.LivingEntity)","yRot","yRot","待命名"
"src/main/java/xiaocaoawa/minecraft/mod/cobblebattle/client/LeaderboardScreen.java","278","LOCAL_VARIABLE","drawEntity(net.minecraft.client.gui.GuiGraphics,int,int,int,float,float,net.minecraft.world.entity.LivingEntity)","xRot","xRot","待命名"
"src/main/java/xiaocaoawa/minecraft/mod/cobblebattle/client/LeaderboardScreen.java","279","LOCAL_VARIABLE","drawEntity(net.minecraft.client.gui.GuiGraphics,int,int,int,float,float,net.minecraft.world.entity.LivingEntity)","headRotO","headRotO","待命名"
"src/main/java/xiaocaoawa/minecraft/mod/cobblebattle/client/LeaderboardScreen.java","280","LOCAL_VARIABLE","drawEntity(net.minecraft.client.gui.GuiGraphics,int,int,int,float,float,net.minecraft.world.entity.LivingEntity)","headRot","headRot","待命名"
"src/main/java/xiaocaoawa/minecraft/mod/cobblebattle/client/LeaderboardScreen.java","298","METHOD","xiaocaoawa.minecraft.mod.cobblebattle.client.LeaderboardScreen","drawLadder","drawLadder","待命名"
"src/main/java/xiaocaoawa/minecraft/mod/cobblebattle/client/LeaderboardScreen.java","298","PARAMETER","drawLadder(net.minecraft.client.gui.GuiGraphics)","graphics","graphics","待命名"
"src/main/java/xiaocaoawa/minecraft/mod/cobblebattle/client/LeaderboardScreen.java","299","LOCAL_VARIABLE","drawLadder(net.minecraft.client.gui.GuiGraphics)","font","font","待命名"
"src/main/java/xiaocaoawa/minecraft/mod/cobblebattle/client/LeaderboardScreen.java","300","LOCAL_VARIABLE","drawLadder(net.minecraft.client.gui.GuiGraphics)","cy","cy","待命名"
"src/main/java/xiaocaoawa/minecraft/mod/cobblebattle/client/LeaderboardScreen.java","304","LOCAL_VARIABLE","drawLadder(net.minecraft.client.gui.GuiGraphics)","scoreHead","scoreHead","待命名"
"src/main/java/xiaocaoawa/minecraft/mod/cobblebattle/client/LeaderboardScreen.java","306","LOCAL_VARIABLE","drawLadder(net.minecraft.client.gui.GuiGraphics)","entries","entries","待命名"
"src/main/java/xiaocaoawa/minecraft/mod/cobblebattle/client/LeaderboardScreen.java","310","LOCAL_VARIABLE","drawLadder(net.minecraft.client.gui.GuiGraphics)","i","i","待命名"
"src/main/java/xiaocaoawa/minecraft/mod/cobblebattle/client/LeaderboardScreen.java","311","LOCAL_VARIABLE","drawLadder(net.minecraft.client.gui.GuiGraphics)","index","index","待命名"
"src/main/java/xiaocaoawa/minecraft/mod/cobblebattle/client/LeaderboardScreen.java","321","METHOD","xiaocaoawa.minecraft.mod.cobblebattle.client.LeaderboardScreen","drawRow","drawRow","待命名"
"src/main/java/xiaocaoawa/minecraft/mod/cobblebattle/client/LeaderboardScreen.java","321","PARAMETER","drawRow(net.minecraft.client.gui.GuiGraphics,net.minecraft.client.gui.Font,int,xiaocaoawa.minecraft.mod.cobblebattle.network.LeaderboardPayload.Entry,boolean)","graphics","graphics","待命名"
"src/main/java/xiaocaoawa/minecraft/mod/cobblebattle/client/LeaderboardScreen.java","321","PARAMETER","drawRow(net.minecraft.client.gui.GuiGraphics,net.minecraft.client.gui.Font,int,xiaocaoawa.minecraft.mod.cobblebattle.network.LeaderboardPayload.Entry,boolean)","font","font","待命名"
"src/main/java/xiaocaoawa/minecraft/mod/cobblebattle/client/LeaderboardScreen.java","321","PARAMETER","drawRow(net.minecraft.client.gui.GuiGraphics,net.minecraft.client.gui.Font,int,xiaocaoawa.minecraft.mod.cobblebattle.network.LeaderboardPayload.Entry,boolean)","y","y","待命名"
"src/main/java/xiaocaoawa/minecraft/mod/cobblebattle/client/LeaderboardScreen.java","321","PARAMETER","drawRow(net.minecraft.client.gui.GuiGraphics,net.minecraft.client.gui.Font,int,xiaocaoawa.minecraft.mod.cobblebattle.network.LeaderboardPayload.Entry,boolean)","entry","entry","待命名"
"src/main/java/xiaocaoawa/minecraft/mod/cobblebattle/client/LeaderboardScreen.java","321","PARAMETER","drawRow(net.minecraft.client.gui.GuiGraphics,net.minecraft.client.gui.Font,int,xiaocaoawa.minecraft.mod.cobblebattle.network.LeaderboardPayload.Entry,boolean)","even","even","待命名"
"src/main/java/xiaocaoawa/minecraft/mod/cobblebattle/client/LeaderboardScreen.java","322","LOCAL_VARIABLE","drawRow(net.minecraft.client.gui.GuiGraphics,net.minecraft.client.gui.Font,int,xiaocaoawa.minecraft.mod.cobblebattle.network.LeaderboardPayload.Entry,boolean)","picked","picked","待命名"
"src/main/java/xiaocaoawa/minecraft/mod/cobblebattle/client/LeaderboardScreen.java","323","LOCAL_VARIABLE","drawRow(net.minecraft.client.gui.GuiGraphics,net.minecraft.client.gui.Font,int,xiaocaoawa.minecraft.mod.cobblebattle.network.LeaderboardPayload.Entry,boolean)","plate","plate","待命名"
"src/main/java/xiaocaoawa/minecraft/mod/cobblebattle/client/LeaderboardScreen.java","324","LOCAL_VARIABLE","drawRow(net.minecraft.client.gui.GuiGraphics,net.minecraft.client.gui.Font,int,xiaocaoawa.minecraft.mod.cobblebattle.network.LeaderboardPayload.Entry,boolean)","ink","ink","待命名"
"src/main/java/xiaocaoawa/minecraft/mod/cobblebattle/client/LeaderboardScreen.java","326","LOCAL_VARIABLE","drawRow(net.minecraft.client.gui.GuiGraphics,net.minecraft.client.gui.Font,int,xiaocaoawa.minecraft.mod.cobblebattle.network.LeaderboardPayload.Entry,boolean)","textY","textY","待命名"
"src/main/java/xiaocaoawa/minecraft/mod/cobblebattle/client/LeaderboardScreen.java","327","LOCAL_VARIABLE","drawRow(net.minecraft.client.gui.GuiGraphics,net.minecraft.client.gui.Font,int,xiaocaoawa.minecraft.mod.cobblebattle.network.LeaderboardPayload.Entry,boolean)","rankColour","rankColour","待命名"
"src/main/java/xiaocaoawa/minecraft/mod/cobblebattle/client/LeaderboardScreen.java","330","LOCAL_VARIABLE","drawRow(net.minecraft.client.gui.GuiGraphics,net.minecraft.client.gui.Font,int,xiaocaoawa.minecraft.mod.cobblebattle.network.LeaderboardPayload.Entry,boolean)","nameWidth","nameWidth","待命名"
"src/main/java/xiaocaoawa/minecraft/mod/cobblebattle/client/LeaderboardScreen.java","334","LOCAL_VARIABLE","drawRow(net.minecraft.client.gui.GuiGraphics,net.minecraft.client.gui.Font,int,xiaocaoawa.minecraft.mod.cobblebattle.network.LeaderboardPayload.Entry,boolean)","record","record","待命名"
"src/main/java/xiaocaoawa/minecraft/mod/cobblebattle/client/LeaderboardScreen.java","336","LOCAL_VARIABLE","drawRow(net.minecraft.client.gui.GuiGraphics,net.minecraft.client.gui.Font,int,xiaocaoawa.minecraft.mod.cobblebattle.network.LeaderboardPayload.Entry,boolean)","score","score","待命名"
"src/main/java/xiaocaoawa/minecraft/mod/cobblebattle/client/LeaderboardScreen.java","340","METHOD","xiaocaoawa.minecraft.mod.cobblebattle.client.LeaderboardScreen","drawFace","drawFace","待命名"
"src/main/java/xiaocaoawa/minecraft/mod/cobblebattle/client/LeaderboardScreen.java","340","PARAMETER","drawFace(net.minecraft.client.gui.GuiGraphics,xiaocaoawa.minecraft.mod.cobblebattle.network.LeaderboardPayload.Entry,int,int)","graphics","graphics","待命名"
"src/main/java/xiaocaoawa/minecraft/mod/cobblebattle/client/LeaderboardScreen.java","340","PARAMETER","drawFace(net.minecraft.client.gui.GuiGraphics,xiaocaoawa.minecraft.mod.cobblebattle.network.LeaderboardPayload.Entry,int,int)","entry","entry","待命名"
"src/main/java/xiaocaoawa/minecraft/mod/cobblebattle/client/LeaderboardScreen.java","340","PARAMETER","drawFace(net.minecraft.client.gui.GuiGraphics,xiaocaoawa.minecraft.mod.cobblebattle.network.LeaderboardPayload.Entry,int,int)","x","x","待命名"
"src/main/java/xiaocaoawa/minecraft/mod/cobblebattle/client/LeaderboardScreen.java","340","PARAMETER","drawFace(net.minecraft.client.gui.GuiGraphics,xiaocaoawa.minecraft.mod.cobblebattle.network.LeaderboardPayload.Entry,int,int)","y","y","待命名"
"src/main/java/xiaocaoawa/minecraft/mod/cobblebattle/client/LeaderboardScreen.java","341","LOCAL_VARIABLE","drawFace(net.minecraft.client.gui.GuiGraphics,xiaocaoawa.minecraft.mod.cobblebattle.network.LeaderboardPayload.Entry,int,int)","skin","skin","待命名"
"src/main/java/xiaocaoawa/minecraft/mod/cobblebattle/client/LeaderboardScreen.java","343","LOCAL_VARIABLE","drawFace(net.minecraft.client.gui.GuiGraphics,xiaocaoawa.minecraft.mod.cobblebattle.network.LeaderboardPayload.Entry,int,int)","minecraft","minecraft","待命名"
"src/main/java/xiaocaoawa/minecraft/mod/cobblebattle/client/LeaderboardScreen.java","346","LOCAL_VARIABLE","drawFace(net.minecraft.client.gui.GuiGraphics,xiaocaoawa.minecraft.mod.cobblebattle.network.LeaderboardPayload.Entry,int,int)","known","known","待命名"
"src/main/java/xiaocaoawa/minecraft/mod/cobblebattle/client/LeaderboardScreen.java","353","LOCAL_VARIABLE","drawFace(net.minecraft.client.gui.GuiGraphics,xiaocaoawa.minecraft.mod.cobblebattle.network.LeaderboardPayload.Entry,int,int)","known","known","待命名"
"src/main/java/xiaocaoawa/minecraft/mod/cobblebattle/client/LeaderboardScreen.java","367","PARAMETER","mouseClicked(double,double,int)","mouseX","mouseX","待命名"
"src/main/java/xiaocaoawa/minecraft/mod/cobblebattle/client/LeaderboardScreen.java","367","PARAMETER","mouseClicked(double,double,int)","mouseY","mouseY","待命名"
"src/main/java/xiaocaoawa/minecraft/mod/cobblebattle/client/LeaderboardScreen.java","367","PARAMETER","mouseClicked(double,double,int)","button","button","待命名"
"src/main/java/xiaocaoawa/minecraft/mod/cobblebattle/client/LeaderboardScreen.java","374","LOCAL_VARIABLE","mouseClicked(double,double,int)","row","row","待命名"
"src/main/java/xiaocaoawa/minecraft/mod/cobblebattle/client/LeaderboardScreen.java","384","METHOD","xiaocaoawa.minecraft.mod.cobblebattle.client.LeaderboardScreen","rowAt","rowAt","待命名"
"src/main/java/xiaocaoawa/minecraft/mod/cobblebattle/client/LeaderboardScreen.java","384","PARAMETER","rowAt(double,double)","mouseX","mouseX","待命名"
"src/main/java/xiaocaoawa/minecraft/mod/cobblebattle/client/LeaderboardScreen.java","384","PARAMETER","rowAt(double,double)","mouseY","mouseY","待命名"
"src/main/java/xiaocaoawa/minecraft/mod/cobblebattle/client/LeaderboardScreen.java","385","LOCAL_VARIABLE","rowAt(double,double)","left","left","待命名"
"src/main/java/xiaocaoawa/minecraft/mod/cobblebattle/client/LeaderboardScreen.java","386","LOCAL_VARIABLE","rowAt(double,double)","top","top","待命名"
"src/main/java/xiaocaoawa/minecraft/mod/cobblebattle/client/LeaderboardScreen.java","388","LOCAL_VARIABLE","rowAt(double,double)","index","index","待命名"
"src/main/java/xiaocaoawa/minecraft/mod/cobblebattle/client/LeaderboardScreen.java","395","PARAMETER","mouseScrolled(double,double,double,double)","mouseX","mouseX","待命名"
"src/main/java/xiaocaoawa/minecraft/mod/cobblebattle/client/LeaderboardScreen.java","395","PARAMETER","mouseScrolled(double,double,double,double)","mouseY","mouseY","待命名"
"src/main/java/xiaocaoawa/minecraft/mod/cobblebattle/client/LeaderboardScreen.java","395","PARAMETER","mouseScrolled(double,double,double,double)","amountX","amountX","待命名"
"src/main/java/xiaocaoawa/minecraft/mod/cobblebattle/client/LeaderboardScreen.java","395","PARAMETER","mouseScrolled(double,double,double,double)","amountY","amountY","待命名"
"src/main/java/xiaocaoawa/minecraft/mod/cobblebattle/client/LeaderboardScreen.java","396","LOCAL_VARIABLE","mouseScrolled(double,double,double,double)","max","max","待命名"
"src/main/java/xiaocaoawa/minecraft/mod/cobblebattle/client/LeaderboardScreenHandler.java","13","PARAMETER","init()","payload","body","待验证"
"src/main/java/xiaocaoawa/minecraft/mod/cobblebattle/client/LeaderboardScreenHandler.java","13","PARAMETER","init()","context","context","待命名"
"src/main/java/xiaocaoawa/minecraft/mod/cobblebattle/client/LeaderboardScreenHandler.java","14","LOCAL_VARIABLE","init()","minecraft","minecraft","待命名"
"src/main/java/xiaocaoawa/minecraft/mod/cobblebattle/client/MainMenuHandler.java","18","PARAMETER","init()","payload","body","待验证"
"src/main/java/xiaocaoawa/minecraft/mod/cobblebattle/client/MainMenuHandler.java","18","PARAMETER","init()","context","context","待命名"
"src/main/java/xiaocaoawa/minecraft/mod/cobblebattle/client/MainMenuHandler.java","19","LOCAL_VARIABLE","init()","minecraft","minecraft","待命名"
"src/main/java/xiaocaoawa/minecraft/mod/cobblebattle/client/MainMenuHandler.java","24","PARAMETER","init()","minecraft","minecraft","待命名"
"src/main/java/xiaocaoawa/minecraft/mod/cobblebattle/client/MainMenuHandler.java","24","PARAMETER","init()","keyCode","keyCode","待命名"
"src/main/java/xiaocaoawa/minecraft/mod/cobblebattle/client/MainMenuHandler.java","24","PARAMETER","init()","scanCode","scanCode","待命名"
"src/main/java/xiaocaoawa/minecraft/mod/cobblebattle/client/MainMenuHandler.java","24","PARAMETER","init()","action","action","待命名"
"src/main/java/xiaocaoawa/minecraft/mod/cobblebattle/client/MainMenuHandler.java","24","PARAMETER","init()","modifiers","modifiers","待命名"
"src/main/java/xiaocaoawa/minecraft/mod/cobblebattle/client/MainMenuScreen.java","28","FIELD","xiaocaoawa.minecraft.mod.cobblebattle.client.MainMenuScreen","BASE","MENU_FRAME_TEXTURE","已验证"
"src/main/java/xiaocaoawa/minecraft/mod/cobblebattle/client/MainMenuScreen.java","29","FIELD","xiaocaoawa.minecraft.mod.cobblebattle.client.MainMenuScreen","SCREEN","MENU_CONTENT_TEXTURE","已验证"
"src/main/java/xiaocaoawa/minecraft/mod/cobblebattle/client/MainMenuScreen.java","30","FIELD","xiaocaoawa.minecraft.mod.cobblebattle.client.MainMenuScreen","PLATFORM","CREATURE_PLATFORM_TEXTURE","已验证"
"src/main/java/xiaocaoawa/minecraft/mod/cobblebattle/client/MainMenuScreen.java","31","FIELD","xiaocaoawa.minecraft.mod.cobblebattle.client.MainMenuScreen","PLATFORM_SHADOW","CREATURE_PLATFORM_SHADOW_TEXTURE","已验证"
"src/main/java/xiaocaoawa/minecraft/mod/cobblebattle/client/MainMenuScreen.java","32","FIELD","xiaocaoawa.minecraft.mod.cobblebattle.client.MainMenuScreen","UNKNOWN","UNKNOWN_CREATURE_TEXTURE","已验证"
"src/main/java/xiaocaoawa/minecraft/mod/cobblebattle/client/MainMenuScreen.java","33","FIELD","xiaocaoawa.minecraft.mod.cobblebattle.client.MainMenuScreen","WIDTH","SCREEN_WIDTH","已验证"
"src/main/java/xiaocaoawa/minecraft/mod/cobblebattle/client/MainMenuScreen.java","34","FIELD","xiaocaoawa.minecraft.mod.cobblebattle.client.MainMenuScreen","HEIGHT","SCREEN_HEIGHT","已验证"
"src/main/java/xiaocaoawa/minecraft/mod/cobblebattle/client/MainMenuScreen.java","35","FIELD","xiaocaoawa.minecraft.mod.cobblebattle.client.MainMenuScreen","HOLE_X","CONTENT_LEFT_OFFSET","已验证"
"src/main/java/xiaocaoawa/minecraft/mod/cobblebattle/client/MainMenuScreen.java","36","FIELD","xiaocaoawa.minecraft.mod.cobblebattle.client.MainMenuScreen","HOLE_Y","CONTENT_TOP_OFFSET","已验证"
"src/main/java/xiaocaoawa/minecraft/mod/cobblebattle/client/MainMenuScreen.java","37","FIELD","xiaocaoawa.minecraft.mod.cobblebattle.client.MainMenuScreen","HOLE_W","CONTENT_WIDTH","已验证"
"src/main/java/xiaocaoawa/minecraft/mod/cobblebattle/client/MainMenuScreen.java","38","FIELD","xiaocaoawa.minecraft.mod.cobblebattle.client.MainMenuScreen","HOLE_H","CONTENT_HEIGHT","已验证"
"src/main/java/xiaocaoawa/minecraft/mod/cobblebattle/client/MainMenuScreen.java","39","FIELD","xiaocaoawa.minecraft.mod.cobblebattle.client.MainMenuScreen","TAB_X","ACCOUNT_LABEL_LEFT_OFFSET","已验证"
"src/main/java/xiaocaoawa/minecraft/mod/cobblebattle/client/MainMenuScreen.java","40","FIELD","xiaocaoawa.minecraft.mod.cobblebattle.client.MainMenuScreen","TAB_Y","ACCOUNT_LABEL_TOP_OFFSET","已验证"
"src/main/java/xiaocaoawa/minecraft/mod/cobblebattle/client/MainMenuScreen.java","41","FIELD","xiaocaoawa.minecraft.mod.cobblebattle.client.MainMenuScreen","TAB_W","ACCOUNT_LABEL_WIDTH","已验证"
"src/main/java/xiaocaoawa/minecraft/mod/cobblebattle/client/MainMenuScreen.java","42","FIELD","xiaocaoawa.minecraft.mod.cobblebattle.client.MainMenuScreen","VIEWER_X","PROFILE_VIEWER_LEFT_OFFSET","已验证"
"src/main/java/xiaocaoawa/minecraft/mod/cobblebattle/client/MainMenuScreen.java","43","FIELD","xiaocaoawa.minecraft.mod.cobblebattle.client.MainMenuScreen","VIEWER_W","PROFILE_VIEWER_WIDTH","已验证"
"src/main/java/xiaocaoawa/minecraft/mod/cobblebattle/client/MainMenuScreen.java","44","FIELD","xiaocaoawa.minecraft.mod.cobblebattle.client.MainMenuScreen","VIEWER_TOP","PROFILE_VIEWER_TOP_OFFSET","已验证"
"src/main/java/xiaocaoawa/minecraft/mod/cobblebattle/client/MainMenuScreen.java","45","FIELD","xiaocaoawa.minecraft.mod.cobblebattle.client.MainMenuScreen","FLOOR_Y","PLATFORM_TOP_OFFSET","已验证"
"src/main/java/xiaocaoawa/minecraft/mod/cobblebattle/client/MainMenuScreen.java","46","FIELD","xiaocaoawa.minecraft.mod.cobblebattle.client.MainMenuScreen","PLAYER_X","PLAYER_PORTRAIT_LEFT_OFFSET","已验证"
"src/main/java/xiaocaoawa/minecraft/mod/cobblebattle/client/MainMenuScreen.java","47","FIELD","xiaocaoawa.minecraft.mod.cobblebattle.client.MainMenuScreen","PLAYER_SIZE","PLAYER_PORTRAIT_SIZE","已验证"
"src/main/java/xiaocaoawa/minecraft/mod/cobblebattle/client/MainMenuScreen.java","48","FIELD","xiaocaoawa.minecraft.mod.cobblebattle.client.MainMenuScreen","POKEMON_X","FEATURED_CREATURE_LEFT_OFFSET","已验证"
"src/main/java/xiaocaoawa/minecraft/mod/cobblebattle/client/MainMenuScreen.java","49","FIELD","xiaocaoawa.minecraft.mod.cobblebattle.client.MainMenuScreen","POKEMON_W","FEATURED_CREATURE_WIDTH","已验证"
"src/main/java/xiaocaoawa/minecraft/mod/cobblebattle/client/MainMenuScreen.java","50","FIELD","xiaocaoawa.minecraft.mod.cobblebattle.client.MainMenuScreen","PLATFORM_H","PLATFORM_HEIGHT","已验证"
"src/main/java/xiaocaoawa/minecraft/mod/cobblebattle/client/MainMenuScreen.java","51","FIELD","xiaocaoawa.minecraft.mod.cobblebattle.client.MainMenuScreen","PLATFORM_Y","PLATFORM_Y","已验证"
"src/main/java/xiaocaoawa/minecraft/mod/cobblebattle/client/MainMenuScreen.java","52","FIELD","xiaocaoawa.minecraft.mod.cobblebattle.client.MainMenuScreen","SHADOW_W","PLATFORM_SHADOW_WIDTH","已验证"
"src/main/java/xiaocaoawa/minecraft/mod/cobblebattle/client/MainMenuScreen.java","53","FIELD","xiaocaoawa.minecraft.mod.cobblebattle.client.MainMenuScreen","SHADOW_H","PLATFORM_SHADOW_HEIGHT","已验证"
"src/main/java/xiaocaoawa/minecraft/mod/cobblebattle/client/MainMenuScreen.java","54","FIELD","xiaocaoawa.minecraft.mod.cobblebattle.client.MainMenuScreen","UNKNOWN_W","UNKNOWN_MARK_WIDTH","已验证"
"src/main/java/xiaocaoawa/minecraft/mod/cobblebattle/client/MainMenuScreen.java","55","FIELD","xiaocaoawa.minecraft.mod.cobblebattle.client.MainMenuScreen","UNKNOWN_H","UNKNOWN_MARK_HEIGHT","已验证"
"src/main/java/xiaocaoawa/minecraft/mod/cobblebattle/client/MainMenuScreen.java","56","FIELD","xiaocaoawa.minecraft.mod.cobblebattle.client.MainMenuScreen","COLS","MENU_COLUMN_COUNT","已验证"
"src/main/java/xiaocaoawa/minecraft/mod/cobblebattle/client/MainMenuScreen.java","57","FIELD","xiaocaoawa.minecraft.mod.cobblebattle.client.MainMenuScreen","ROWS","MENU_ROW_COUNT","已验证"
"src/main/java/xiaocaoawa/minecraft/mod/cobblebattle/client/MainMenuScreen.java","58","FIELD","xiaocaoawa.minecraft.mod.cobblebattle.client.MainMenuScreen","GRID_X","MENU_GRID_LEFT_OFFSET","已验证"
"src/main/java/xiaocaoawa/minecraft/mod/cobblebattle/client/MainMenuScreen.java","59","FIELD","xiaocaoawa.minecraft.mod.cobblebattle.client.MainMenuScreen","GRID_Y","MENU_GRID_TOP_OFFSET","已验证"
"src/main/java/xiaocaoawa/minecraft/mod/cobblebattle/client/MainMenuScreen.java","60","FIELD","xiaocaoawa.minecraft.mod.cobblebattle.client.MainMenuScreen","TILE_W","MENU_TILE_WIDTH","已验证"
"src/main/java/xiaocaoawa/minecraft/mod/cobblebattle/client/MainMenuScreen.java","61","FIELD","xiaocaoawa.minecraft.mod.cobblebattle.client.MainMenuScreen","TILE_H","MENU_TILE_HEIGHT","已验证"
"src/main/java/xiaocaoawa/minecraft/mod/cobblebattle/client/MainMenuScreen.java","62","FIELD","xiaocaoawa.minecraft.mod.cobblebattle.client.MainMenuScreen","GAP_X","MENU_TILE_HORIZONTAL_GAP","已验证"
"src/main/java/xiaocaoawa/minecraft/mod/cobblebattle/client/MainMenuScreen.java","63","FIELD","xiaocaoawa.minecraft.mod.cobblebattle.client.MainMenuScreen","GAP_Y","MENU_TILE_VERTICAL_GAP","已验证"
"src/main/java/xiaocaoawa/minecraft/mod/cobblebattle/client/MainMenuScreen.java","64","FIELD","xiaocaoawa.minecraft.mod.cobblebattle.client.MainMenuScreen","TILE_FILL","MENU_TILE_FILL_COLOR","已验证"
"src/main/java/xiaocaoawa/minecraft/mod/cobblebattle/client/MainMenuScreen.java","65","FIELD","xiaocaoawa.minecraft.mod.cobblebattle.client.MainMenuScreen","TILE_FILL_HOVER","MENU_TILE_HOVER_COLOR","已验证"
"src/main/java/xiaocaoawa/minecraft/mod/cobblebattle/client/MainMenuScreen.java","66","FIELD","xiaocaoawa.minecraft.mod.cobblebattle.client.MainMenuScreen","TILE_EDGE","MENU_TILE_BORDER_COLOR","已验证"
"src/main/java/xiaocaoawa/minecraft/mod/cobblebattle/client/MainMenuScreen.java","67","FIELD","xiaocaoawa.minecraft.mod.cobblebattle.client.MainMenuScreen","TILE_BAR","MENU_TILE_ACCENT_COLOR","已验证"
"src/main/java/xiaocaoawa/minecraft/mod/cobblebattle/client/MainMenuScreen.java","68","FIELD","xiaocaoawa.minecraft.mod.cobblebattle.client.MainMenuScreen","TILE_BAR_HOVER","MENU_TILE_HOVER_ACCENT_COLOR","已验证"
"src/main/java/xiaocaoawa/minecraft/mod/cobblebattle/client/MainMenuScreen.java","69","FIELD","xiaocaoawa.minecraft.mod.cobblebattle.client.MainMenuScreen","TEXT","PRIMARY_TEXT_COLOR","已验证"
"src/main/java/xiaocaoawa/minecraft/mod/cobblebattle/client/MainMenuScreen.java","70","FIELD","xiaocaoawa.minecraft.mod.cobblebattle.client.MainMenuScreen","TEXT_SOFT","SECONDARY_TEXT_COLOR","已验证"
"src/main/java/xiaocaoawa/minecraft/mod/cobblebattle/client/MainMenuScreen.java","71","FIELD","xiaocaoawa.minecraft.mod.cobblebattle.client.MainMenuScreen","data","menuPayload","已验证"
"src/main/java/xiaocaoawa/minecraft/mod/cobblebattle/client/MainMenuScreen.java","72","FIELD","xiaocaoawa.minecraft.mod.cobblebattle.client.MainMenuScreen","menu","actionTiles","已验证"
"src/main/java/xiaocaoawa/minecraft/mod/cobblebattle/client/MainMenuScreen.java","73","FIELD","xiaocaoawa.minecraft.mod.cobblebattle.client.MainMenuScreen","portrait","playerPortrait","已验证"
"src/main/java/xiaocaoawa/minecraft/mod/cobblebattle/client/MainMenuScreen.java","74","FIELD","xiaocaoawa.minecraft.mod.cobblebattle.client.MainMenuScreen","favourite","featuredPokemon","已验证"
"src/main/java/xiaocaoawa/minecraft/mod/cobblebattle/client/MainMenuScreen.java","75","FIELD","xiaocaoawa.minecraft.mod.cobblebattle.client.MainMenuScreen","pokemonState","featuredPokemonPose","已验证"
"src/main/java/xiaocaoawa/minecraft/mod/cobblebattle/client/MainMenuScreen.java","76","FIELD","xiaocaoawa.minecraft.mod.cobblebattle.client.MainMenuScreen","pokemonScale","featuredPokemonScale","已验证"
"src/main/java/xiaocaoawa/minecraft/mod/cobblebattle/client/MainMenuScreen.java","77","FIELD","xiaocaoawa.minecraft.mod.cobblebattle.client.MainMenuScreen","originX","screenLeft","已验证"
"src/main/java/xiaocaoawa/minecraft/mod/cobblebattle/client/MainMenuScreen.java","78","FIELD","xiaocaoawa.minecraft.mod.cobblebattle.client.MainMenuScreen","originY","screenTop","已验证"
"src/main/java/xiaocaoawa/minecraft/mod/cobblebattle/client/MainMenuScreen.java","80","PARAMETER","MainMenuScreen(xiaocaoawa.minecraft.mod.cobblebattle.network.OpenMainMenuPayload)","data","menuPayload","已验证"
"src/main/java/xiaocaoawa/minecraft/mod/cobblebattle/client/MainMenuScreen.java","127","LOCAL_VARIABLE","init()","blocks","localPlayer","已验证"
"src/main/java/xiaocaoawa/minecraft/mod/cobblebattle/client/MainMenuScreen.java","135","LOCAL_VARIABLE","init()","species","speciesTemplate","已验证"
"src/main/java/xiaocaoawa/minecraft/mod/cobblebattle/client/MainMenuScreen.java","138","LOCAL_VARIABLE","init()","blocksx","featuredHitboxHeight","已验证"
"src/main/java/xiaocaoawa/minecraft/mod/cobblebattle/client/MainMenuScreen.java","148","PARAMETER","render(net.minecraft.client.gui.GuiGraphics,int,int,float)","graphics","canvas","已验证"
"src/main/java/xiaocaoawa/minecraft/mod/cobblebattle/client/MainMenuScreen.java","148","PARAMETER","render(net.minecraft.client.gui.GuiGraphics,int,int,float)","mouseX","pointerX","已验证"
"src/main/java/xiaocaoawa/minecraft/mod/cobblebattle/client/MainMenuScreen.java","148","PARAMETER","render(net.minecraft.client.gui.GuiGraphics,int,int,float)","mouseY","pointerY","已验证"
"src/main/java/xiaocaoawa/minecraft/mod/cobblebattle/client/MainMenuScreen.java","148","PARAMETER","render(net.minecraft.client.gui.GuiGraphics,int,int,float)","partialTick","frameDelta","已验证"
"src/main/java/xiaocaoawa/minecraft/mod/cobblebattle/client/MainMenuScreen.java","152","LOCAL_VARIABLE","render(net.minecraft.client.gui.GuiGraphics,int,int,float)","left","contentLeft","已验证"
"src/main/java/xiaocaoawa/minecraft/mod/cobblebattle/client/MainMenuScreen.java","153","LOCAL_VARIABLE","render(net.minecraft.client.gui.GuiGraphics,int,int,float)","top","contentTop","已验证"
"src/main/java/xiaocaoawa/minecraft/mod/cobblebattle/client/MainMenuScreen.java","160","LOCAL_VARIABLE","render(net.minecraft.client.gui.GuiGraphics,int,int,float)","i","actionIndex","已验证"
"src/main/java/xiaocaoawa/minecraft/mod/cobblebattle/client/MainMenuScreen.java","161","LOCAL_VARIABLE","render(net.minecraft.client.gui.GuiGraphics,int,int,float)","x","tileLeft","已验证"
"src/main/java/xiaocaoawa/minecraft/mod/cobblebattle/client/MainMenuScreen.java","162","LOCAL_VARIABLE","render(net.minecraft.client.gui.GuiGraphics,int,int,float)","y","tileTop","已验证"
"src/main/java/xiaocaoawa/minecraft/mod/cobblebattle/client/MainMenuScreen.java","163","LOCAL_VARIABLE","render(net.minecraft.client.gui.GuiGraphics,int,int,float)","hover","isHovered","已验证"
"src/main/java/xiaocaoawa/minecraft/mod/cobblebattle/client/MainMenuScreen.java","173","METHOD","xiaocaoawa.minecraft.mod.cobblebattle.client.MainMenuScreen","drawHeader","renderHeader","已验证"
"src/main/java/xiaocaoawa/minecraft/mod/cobblebattle/client/MainMenuScreen.java","173","PARAMETER","drawHeader(net.minecraft.client.gui.GuiGraphics)","graphics","canvas","已验证"
"src/main/java/xiaocaoawa/minecraft/mod/cobblebattle/client/MainMenuScreen.java","177","LOCAL_VARIABLE","drawHeader(net.minecraft.client.gui.GuiGraphics)","page","titleLabel","已验证"
"src/main/java/xiaocaoawa/minecraft/mod/cobblebattle/client/MainMenuScreen.java","178","PARAMETER","drawHeader(net.minecraft.client.gui.GuiGraphics)","style","textStyle","已验证"
"src/main/java/xiaocaoawa/minecraft/mod/cobblebattle/client/MainMenuScreen.java","182","METHOD","xiaocaoawa.minecraft.mod.cobblebattle.client.MainMenuScreen","drawViewer","renderProfileViewer","已验证"
"src/main/java/xiaocaoawa/minecraft/mod/cobblebattle/client/MainMenuScreen.java","182","PARAMETER","drawViewer(net.minecraft.client.gui.GuiGraphics,float)","graphics","canvas","已验证"
"src/main/java/xiaocaoawa/minecraft/mod/cobblebattle/client/MainMenuScreen.java","182","PARAMETER","drawViewer(net.minecraft.client.gui.GuiGraphics,float)","partialTick","frameDelta","已验证"
"src/main/java/xiaocaoawa/minecraft/mod/cobblebattle/client/MainMenuScreen.java","183","LOCAL_VARIABLE","drawViewer(net.minecraft.client.gui.GuiGraphics,float)","paneLeft","viewerLeft","已验证"
"src/main/java/xiaocaoawa/minecraft/mod/cobblebattle/client/MainMenuScreen.java","184","LOCAL_VARIABLE","drawViewer(net.minecraft.client.gui.GuiGraphics,float)","paneTop","viewerTop","已验证"
"src/main/java/xiaocaoawa/minecraft/mod/cobblebattle/client/MainMenuScreen.java","198","LOCAL_VARIABLE","drawViewer(net.minecraft.client.gui.GuiGraphics,float)","rotation","profileRotation","已验证"
"src/main/java/xiaocaoawa/minecraft/mod/cobblebattle/client/MainMenuScreen.java","225","METHOD","xiaocaoawa.minecraft.mod.cobblebattle.client.MainMenuScreen","drawShadow","renderPlatformShadow","已验证"
"src/main/java/xiaocaoawa/minecraft/mod/cobblebattle/client/MainMenuScreen.java","225","PARAMETER","drawShadow(net.minecraft.client.gui.GuiGraphics,int)","graphics","canvas","已验证"
"src/main/java/xiaocaoawa/minecraft/mod/cobblebattle/client/MainMenuScreen.java","225","PARAMETER","drawShadow(net.minecraft.client.gui.GuiGraphics,int)","centreX","centerX","已验证"
"src/main/java/xiaocaoawa/minecraft/mod/cobblebattle/client/MainMenuScreen.java","229","METHOD","xiaocaoawa.minecraft.mod.cobblebattle.client.MainMenuScreen","drawTile","renderMenuTile","已验证"
"src/main/java/xiaocaoawa/minecraft/mod/cobblebattle/client/MainMenuScreen.java","229","PARAMETER","drawTile(net.minecraft.client.gui.GuiGraphics,xiaocaoawa.minecraft.mod.cobblebattle.client.MainMenuScreen.Tile,int,int,boolean)","graphics","canvas","已验证"
"src/main/java/xiaocaoawa/minecraft/mod/cobblebattle/client/MainMenuScreen.java","229","PARAMETER","drawTile(net.minecraft.client.gui.GuiGraphics,xiaocaoawa.minecraft.mod.cobblebattle.client.MainMenuScreen.Tile,int,int,boolean)","tile","menuTile","已验证"
"src/main/java/xiaocaoawa/minecraft/mod/cobblebattle/client/MainMenuScreen.java","229","PARAMETER","drawTile(net.minecraft.client.gui.GuiGraphics,xiaocaoawa.minecraft.mod.cobblebattle.client.MainMenuScreen.Tile,int,int,boolean)","x","tileLeft","已验证"
"src/main/java/xiaocaoawa/minecraft/mod/cobblebattle/client/MainMenuScreen.java","229","PARAMETER","drawTile(net.minecraft.client.gui.GuiGraphics,xiaocaoawa.minecraft.mod.cobblebattle.client.MainMenuScreen.Tile,int,int,boolean)","y","tileTop","已验证"
"src/main/java/xiaocaoawa/minecraft/mod/cobblebattle/client/MainMenuScreen.java","229","PARAMETER","drawTile(net.minecraft.client.gui.GuiGraphics,xiaocaoawa.minecraft.mod.cobblebattle.client.MainMenuScreen.Tile,int,int,boolean)","hover","isHovered","已验证"
"src/main/java/xiaocaoawa/minecraft/mod/cobblebattle/client/MainMenuScreen.java","236","LOCAL_VARIABLE","drawTile(net.minecraft.client.gui.GuiGraphics,xiaocaoawa.minecraft.mod.cobblebattle.client.MainMenuScreen.Tile,int,int,boolean)","centre","textCenter","已验证"
"src/main/java/xiaocaoawa/minecraft/mod/cobblebattle/client/MainMenuScreen.java","237","LOCAL_VARIABLE","drawTile(net.minecraft.client.gui.GuiGraphics,xiaocaoawa.minecraft.mod.cobblebattle.client.MainMenuScreen.Tile,int,int,boolean)","title","tileTitle","已验证"
"src/main/java/xiaocaoawa/minecraft/mod/cobblebattle/client/MainMenuScreen.java","237","PARAMETER","drawTile(net.minecraft.client.gui.GuiGraphics,xiaocaoawa.minecraft.mod.cobblebattle.client.MainMenuScreen.Tile,int,int,boolean)","style","textStyle","已验证"
"src/main/java/xiaocaoawa/minecraft/mod/cobblebattle/client/MainMenuScreen.java","244","METHOD","xiaocaoawa.minecraft.mod.cobblebattle.client.MainMenuScreen","tileX","tileLeftFor","已验证"
"src/main/java/xiaocaoawa/minecraft/mod/cobblebattle/client/MainMenuScreen.java","244","PARAMETER","tileX(int)","col","columnIndex","已验证"
"src/main/java/xiaocaoawa/minecraft/mod/cobblebattle/client/MainMenuScreen.java","248","METHOD","xiaocaoawa.minecraft.mod.cobblebattle.client.MainMenuScreen","tileY","tileTopFor","已验证"
"src/main/java/xiaocaoawa/minecraft/mod/cobblebattle/client/MainMenuScreen.java","248","PARAMETER","tileY(int)","row","rowIndex","已验证"
"src/main/java/xiaocaoawa/minecraft/mod/cobblebattle/client/MainMenuScreen.java","252","PARAMETER","mouseClicked(double,double,int)","mouseX","pointerX","已验证"
"src/main/java/xiaocaoawa/minecraft/mod/cobblebattle/client/MainMenuScreen.java","252","PARAMETER","mouseClicked(double,double,int)","mouseY","pointerY","已验证"
"src/main/java/xiaocaoawa/minecraft/mod/cobblebattle/client/MainMenuScreen.java","252","PARAMETER","mouseClicked(double,double,int)","button","clickButton","已验证"
"src/main/java/xiaocaoawa/minecraft/mod/cobblebattle/client/MainMenuScreen.java","254","LOCAL_VARIABLE","mouseClicked(double,double,int)","i","actionIndex","已验证"
"src/main/java/xiaocaoawa/minecraft/mod/cobblebattle/client/MainMenuScreen.java","255","LOCAL_VARIABLE","mouseClicked(double,double,int)","x","tileLeft","已验证"
"src/main/java/xiaocaoawa/minecraft/mod/cobblebattle/client/MainMenuScreen.java","256","LOCAL_VARIABLE","mouseClicked(double,double,int)","y","tileTop","已验证"
"src/main/java/xiaocaoawa/minecraft/mod/cobblebattle/client/PlayerPortrait.java","16","FIELD","xiaocaoawa.minecraft.mod.cobblebattle.client.PlayerPortrait","entity","entity","待命名"
"src/main/java/xiaocaoawa/minecraft/mod/cobblebattle/client/PlayerPortrait.java","17","FIELD","xiaocaoawa.minecraft.mod.cobblebattle.client.PlayerPortrait","skin","skin","待命名"
"src/main/java/xiaocaoawa/minecraft/mod/cobblebattle/client/PlayerPortrait.java","19","PARAMETER","PlayerPortrait(net.minecraft.client.resources.PlayerSkin)","skin","skin","待命名"
"src/main/java/xiaocaoawa/minecraft/mod/cobblebattle/client/PlayerPortrait.java","31","PARAMETER","of(net.minecraft.client.player.AbstractClientPlayer)","player","participant","待验证"
"src/main/java/xiaocaoawa/minecraft/mod/cobblebattle/client/PlayerPortrait.java","32","LOCAL_VARIABLE","of(net.minecraft.client.player.AbstractClientPlayer)","portrait","portrait","待命名"
"src/main/java/xiaocaoawa/minecraft/mod/cobblebattle/client/PlayerPortrait.java","37","METHOD","xiaocaoawa.minecraft.mod.cobblebattle.client.PlayerPortrait","mojangName","mojangName","待命名"
"src/main/java/xiaocaoawa/minecraft/mod/cobblebattle/client/PlayerPortrait.java","37","PARAMETER","mojangName(java.lang.String)","displayName","displayName","待命名"
"src/main/java/xiaocaoawa/minecraft/mod/cobblebattle/client/PlayerPortrait.java","38","LOCAL_VARIABLE","mojangName(java.lang.String)","hash","hash","待命名"
"src/main/java/xiaocaoawa/minecraft/mod/cobblebattle/client/PlayerPortrait.java","42","PARAMETER","lookup(java.lang.String,long)","displayName","displayName","待命名"
"src/main/java/xiaocaoawa/minecraft/mod/cobblebattle/client/PlayerPortrait.java","42","PARAMETER","lookup(java.lang.String,long)","uid","accountNumber","待验证"
"src/main/java/xiaocaoawa/minecraft/mod/cobblebattle/client/PlayerPortrait.java","43","LOCAL_VARIABLE","lookup(java.lang.String,long)","minecraft","minecraft","待命名"
"src/main/java/xiaocaoawa/minecraft/mod/cobblebattle/client/PlayerPortrait.java","44","LOCAL_VARIABLE","lookup(java.lang.String,long)","name","name","待命名"
"src/main/java/xiaocaoawa/minecraft/mod/cobblebattle/client/PlayerPortrait.java","45","LOCAL_VARIABLE","lookup(java.lang.String,long)","standIn","standIn","待命名"
"src/main/java/xiaocaoawa/minecraft/mod/cobblebattle/client/PlayerPortrait.java","46","LOCAL_VARIABLE","lookup(java.lang.String,long)","portrait","portrait","待命名"
"src/main/java/xiaocaoawa/minecraft/mod/cobblebattle/client/PlayerPortrait.java","56","PARAMETER","lookup(java.lang.String,long)","profile","profile","待命名"
"src/main/java/xiaocaoawa/minecraft/mod/cobblebattle/client/PlayerPortrait.java","56","PARAMETER","lookup(java.lang.String,long)","found","found","待命名"
"src/main/java/xiaocaoawa/minecraft/mod/cobblebattle/client/PlayerPortrait.java","59","PARAMETER","lookup(java.lang.String,long)","fetched","fetched","待命名"
"src/main/java/xiaocaoawa/minecraft/mod/cobblebattle/client/PlayerPortrait.java","64","PARAMETER","lookup(java.lang.String,long)","e","e","待命名"
"src/main/java/xiaocaoawa/minecraft/mod/cobblebattle/client/RankedScreen.java","15","FIELD","xiaocaoawa.minecraft.mod.cobblebattle.client.RankedScreen","BASE","RANKED_FRAME_TEXTURE","已验证"
"src/main/java/xiaocaoawa/minecraft/mod/cobblebattle/client/RankedScreen.java","16","FIELD","xiaocaoawa.minecraft.mod.cobblebattle.client.RankedScreen","SCREEN","RANKED_CONTENT_TEXTURE","已验证"
"src/main/java/xiaocaoawa/minecraft/mod/cobblebattle/client/RankedScreen.java","17","FIELD","xiaocaoawa.minecraft.mod.cobblebattle.client.RankedScreen","WIDTH","SCREEN_WIDTH","已验证"
"src/main/java/xiaocaoawa/minecraft/mod/cobblebattle/client/RankedScreen.java","18","FIELD","xiaocaoawa.minecraft.mod.cobblebattle.client.RankedScreen","HEIGHT","SCREEN_HEIGHT","已验证"
"src/main/java/xiaocaoawa/minecraft/mod/cobblebattle/client/RankedScreen.java","19","FIELD","xiaocaoawa.minecraft.mod.cobblebattle.client.RankedScreen","HOLE_X","CONTENT_LEFT_OFFSET","已验证"
"src/main/java/xiaocaoawa/minecraft/mod/cobblebattle/client/RankedScreen.java","20","FIELD","xiaocaoawa.minecraft.mod.cobblebattle.client.RankedScreen","HOLE_Y","CONTENT_TOP_OFFSET","已验证"
"src/main/java/xiaocaoawa/minecraft/mod/cobblebattle/client/RankedScreen.java","21","FIELD","xiaocaoawa.minecraft.mod.cobblebattle.client.RankedScreen","HOLE_W","CONTENT_WIDTH","已验证"
"src/main/java/xiaocaoawa/minecraft/mod/cobblebattle/client/RankedScreen.java","22","FIELD","xiaocaoawa.minecraft.mod.cobblebattle.client.RankedScreen","HOLE_H","CONTENT_HEIGHT","已验证"
"src/main/java/xiaocaoawa/minecraft/mod/cobblebattle/client/RankedScreen.java","23","FIELD","xiaocaoawa.minecraft.mod.cobblebattle.client.RankedScreen","TAB_X","TAB_LEFT_OFFSET","已验证"
"src/main/java/xiaocaoawa/minecraft/mod/cobblebattle/client/RankedScreen.java","24","FIELD","xiaocaoawa.minecraft.mod.cobblebattle.client.RankedScreen","TAB_Y","TAB_TOP_OFFSET","已验证"
"src/main/java/xiaocaoawa/minecraft/mod/cobblebattle/client/RankedScreen.java","25","FIELD","xiaocaoawa.minecraft.mod.cobblebattle.client.RankedScreen","TAB_W","TAB_WIDTH","已验证"
"src/main/java/xiaocaoawa/minecraft/mod/cobblebattle/client/RankedScreen.java","26","FIELD","xiaocaoawa.minecraft.mod.cobblebattle.client.RankedScreen","LIST_X","LIST_LEFT_OFFSET","已验证"
"src/main/java/xiaocaoawa/minecraft/mod/cobblebattle/client/RankedScreen.java","27","FIELD","xiaocaoawa.minecraft.mod.cobblebattle.client.RankedScreen","LIST_Y","LIST_TOP_OFFSET","已验证"
"src/main/java/xiaocaoawa/minecraft/mod/cobblebattle/client/RankedScreen.java","28","FIELD","xiaocaoawa.minecraft.mod.cobblebattle.client.RankedScreen","LIST_W","LIST_WIDTH","已验证"
"src/main/java/xiaocaoawa/minecraft/mod/cobblebattle/client/RankedScreen.java","29","FIELD","xiaocaoawa.minecraft.mod.cobblebattle.client.RankedScreen","LIST_ROW_H","LIST_ROW_HEIGHT","已验证"
"src/main/java/xiaocaoawa/minecraft/mod/cobblebattle/client/RankedScreen.java","30","FIELD","xiaocaoawa.minecraft.mod.cobblebattle.client.RankedScreen","LIST_ROWS","VISIBLE_LIST_ROWS","已验证"
"src/main/java/xiaocaoawa/minecraft/mod/cobblebattle/client/RankedScreen.java","31","FIELD","xiaocaoawa.minecraft.mod.cobblebattle.client.RankedScreen","PANEL_X","DETAIL_PANEL_LEFT_OFFSET","已验证"
"src/main/java/xiaocaoawa/minecraft/mod/cobblebattle/client/RankedScreen.java","32","FIELD","xiaocaoawa.minecraft.mod.cobblebattle.client.RankedScreen","PANEL_Y","DETAIL_PANEL_TOP_OFFSET","已验证"
"src/main/java/xiaocaoawa/minecraft/mod/cobblebattle/client/RankedScreen.java","33","FIELD","xiaocaoawa.minecraft.mod.cobblebattle.client.RankedScreen","PANEL_W","DETAIL_PANEL_WIDTH","已验证"
"src/main/java/xiaocaoawa/minecraft/mod/cobblebattle/client/RankedScreen.java","34","FIELD","xiaocaoawa.minecraft.mod.cobblebattle.client.RankedScreen","PANEL_H","DETAIL_PANEL_HEIGHT","已验证"
"src/main/java/xiaocaoawa/minecraft/mod/cobblebattle/client/RankedScreen.java","35","FIELD","xiaocaoawa.minecraft.mod.cobblebattle.client.RankedScreen","BUTTON_Y","ACTION_BUTTON_TOP_OFFSET","已验证"
"src/main/java/xiaocaoawa/minecraft/mod/cobblebattle/client/RankedScreen.java","36","FIELD","xiaocaoawa.minecraft.mod.cobblebattle.client.RankedScreen","BUTTON_H","ACTION_BUTTON_HEIGHT","已验证"
"src/main/java/xiaocaoawa/minecraft/mod/cobblebattle/client/RankedScreen.java","37","FIELD","xiaocaoawa.minecraft.mod.cobblebattle.client.RankedScreen","BUTTON_W","ACTION_BUTTON_WIDTH","已验证"
"src/main/java/xiaocaoawa/minecraft/mod/cobblebattle/client/RankedScreen.java","38","FIELD","xiaocaoawa.minecraft.mod.cobblebattle.client.RankedScreen","FILL","BACKGROUND_FILL_COLOR","已验证"
"src/main/java/xiaocaoawa/minecraft/mod/cobblebattle/client/RankedScreen.java","39","FIELD","xiaocaoawa.minecraft.mod.cobblebattle.client.RankedScreen","FILL_HOVER","HOVER_FILL_COLOR","已验证"
"src/main/java/xiaocaoawa/minecraft/mod/cobblebattle/client/RankedScreen.java","40","FIELD","xiaocaoawa.minecraft.mod.cobblebattle.client.RankedScreen","FILL_ON","SELECTED_FILL_COLOR","已验证"
"src/main/java/xiaocaoawa/minecraft/mod/cobblebattle/client/RankedScreen.java","41","FIELD","xiaocaoawa.minecraft.mod.cobblebattle.client.RankedScreen","EDGE","BORDER_COLOR","已验证"
"src/main/java/xiaocaoawa/minecraft/mod/cobblebattle/client/RankedScreen.java","42","FIELD","xiaocaoawa.minecraft.mod.cobblebattle.client.RankedScreen","TEXT","PRIMARY_TEXT_COLOR","已验证"
"src/main/java/xiaocaoawa/minecraft/mod/cobblebattle/client/RankedScreen.java","43","FIELD","xiaocaoawa.minecraft.mod.cobblebattle.client.RankedScreen","TEXT_SOFT","SECONDARY_TEXT_COLOR","已验证"
"src/main/java/xiaocaoawa/minecraft/mod/cobblebattle/client/RankedScreen.java","44","FIELD","xiaocaoawa.minecraft.mod.cobblebattle.client.RankedScreen","INK","EMPHASIS_TEXT_COLOR","已验证"
"src/main/java/xiaocaoawa/minecraft/mod/cobblebattle/client/RankedScreen.java","45","FIELD","xiaocaoawa.minecraft.mod.cobblebattle.client.RankedScreen","parent","previousScreen","已验证"
"src/main/java/xiaocaoawa/minecraft/mod/cobblebattle/client/RankedScreen.java","46","FIELD","xiaocaoawa.minecraft.mod.cobblebattle.client.RankedScreen","competitions","rankedCompetitions","已验证"
"src/main/java/xiaocaoawa/minecraft/mod/cobblebattle/client/RankedScreen.java","47","FIELD","xiaocaoawa.minecraft.mod.cobblebattle.client.RankedScreen","chosen","selectedCompetitionIndex","已验证"
"src/main/java/xiaocaoawa/minecraft/mod/cobblebattle/client/RankedScreen.java","48","FIELD","xiaocaoawa.minecraft.mod.cobblebattle.client.RankedScreen","firstRow","visibleListStart","已验证"
"src/main/java/xiaocaoawa/minecraft/mod/cobblebattle/client/RankedScreen.java","49","FIELD","xiaocaoawa.minecraft.mod.cobblebattle.client.RankedScreen","originX","screenLeft","已验证"
"src/main/java/xiaocaoawa/minecraft/mod/cobblebattle/client/RankedScreen.java","50","FIELD","xiaocaoawa.minecraft.mod.cobblebattle.client.RankedScreen","originY","screenTop","已验证"
"src/main/java/xiaocaoawa/minecraft/mod/cobblebattle/client/RankedScreen.java","52","PARAMETER","RankedScreen(net.minecraft.client.gui.screens.Screen,java.util.List<xiaocaoawa.minecraft.mod.cobblebattle.network.OpenMainMenuPayload.RankedInfo>)","parent","previousScreen","已验证"
"src/main/java/xiaocaoawa/minecraft/mod/cobblebattle/client/RankedScreen.java","52","PARAMETER","RankedScreen(net.minecraft.client.gui.screens.Screen,java.util.List<xiaocaoawa.minecraft.mod.cobblebattle.network.OpenMainMenuPayload.RankedInfo>)","competitions","rankedCompetitions","已验证"
"src/main/java/xiaocaoawa/minecraft/mod/cobblebattle/client/RankedScreen.java","67","METHOD","xiaocaoawa.minecraft.mod.cobblebattle.client.RankedScreen","current","selectedCompetition","已验证"
"src/main/java/xiaocaoawa/minecraft/mod/cobblebattle/client/RankedScreen.java","71","PARAMETER","render(net.minecraft.client.gui.GuiGraphics,int,int,float)","graphics","canvas","已验证"
"src/main/java/xiaocaoawa/minecraft/mod/cobblebattle/client/RankedScreen.java","71","PARAMETER","render(net.minecraft.client.gui.GuiGraphics,int,int,float)","mouseX","pointerX","已验证"
"src/main/java/xiaocaoawa/minecraft/mod/cobblebattle/client/RankedScreen.java","71","PARAMETER","render(net.minecraft.client.gui.GuiGraphics,int,int,float)","mouseY","pointerY","已验证"
"src/main/java/xiaocaoawa/minecraft/mod/cobblebattle/client/RankedScreen.java","71","PARAMETER","render(net.minecraft.client.gui.GuiGraphics,int,int,float)","partialTick","frameDelta","已验证"
"src/main/java/xiaocaoawa/minecraft/mod/cobblebattle/client/RankedScreen.java","75","LOCAL_VARIABLE","render(net.minecraft.client.gui.GuiGraphics,int,int,float)","left","regionLeft","已验证"
"src/main/java/xiaocaoawa/minecraft/mod/cobblebattle/client/RankedScreen.java","76","LOCAL_VARIABLE","render(net.minecraft.client.gui.GuiGraphics,int,int,float)","top","regionTop","已验证"
"src/main/java/xiaocaoawa/minecraft/mod/cobblebattle/client/RankedScreen.java","81","LOCAL_VARIABLE","render(net.minecraft.client.gui.GuiGraphics,int,int,float)","page","titleLabel","已验证"
"src/main/java/xiaocaoawa/minecraft/mod/cobblebattle/client/RankedScreen.java","81","PARAMETER","render(net.minecraft.client.gui.GuiGraphics,int,int,float)","style","textStyle","已验证"
"src/main/java/xiaocaoawa/minecraft/mod/cobblebattle/client/RankedScreen.java","92","METHOD","xiaocaoawa.minecraft.mod.cobblebattle.client.RankedScreen","drawList","renderCompetitionList","已验证"
"src/main/java/xiaocaoawa/minecraft/mod/cobblebattle/client/RankedScreen.java","92","PARAMETER","drawList(net.minecraft.client.gui.GuiGraphics,int,int)","graphics","canvas","已验证"
"src/main/java/xiaocaoawa/minecraft/mod/cobblebattle/client/RankedScreen.java","92","PARAMETER","drawList(net.minecraft.client.gui.GuiGraphics,int,int)","mouseX","pointerX","已验证"
"src/main/java/xiaocaoawa/minecraft/mod/cobblebattle/client/RankedScreen.java","92","PARAMETER","drawList(net.minecraft.client.gui.GuiGraphics,int,int)","mouseY","pointerY","已验证"
"src/main/java/xiaocaoawa/minecraft/mod/cobblebattle/client/RankedScreen.java","93","LOCAL_VARIABLE","drawList(net.minecraft.client.gui.GuiGraphics,int,int)","x","coordinateX","已验证"
"src/main/java/xiaocaoawa/minecraft/mod/cobblebattle/client/RankedScreen.java","97","LOCAL_VARIABLE","drawList(net.minecraft.client.gui.GuiGraphics,int,int)","i","visibleRowIndex","已验证"
"src/main/java/xiaocaoawa/minecraft/mod/cobblebattle/client/RankedScreen.java","98","LOCAL_VARIABLE","drawList(net.minecraft.client.gui.GuiGraphics,int,int)","index","competitionIndex","已验证"
"src/main/java/xiaocaoawa/minecraft/mod/cobblebattle/client/RankedScreen.java","103","LOCAL_VARIABLE","drawList(net.minecraft.client.gui.GuiGraphics,int,int)","y","coordinateY","已验证"
"src/main/java/xiaocaoawa/minecraft/mod/cobblebattle/client/RankedScreen.java","104","LOCAL_VARIABLE","drawList(net.minecraft.client.gui.GuiGraphics,int,int)","on","isSelected","已验证"
"src/main/java/xiaocaoawa/minecraft/mod/cobblebattle/client/RankedScreen.java","105","LOCAL_VARIABLE","drawList(net.minecraft.client.gui.GuiGraphics,int,int)","hover","isHovered","已验证"
"src/main/java/xiaocaoawa/minecraft/mod/cobblebattle/client/RankedScreen.java","107","LOCAL_VARIABLE","drawList(net.minecraft.client.gui.GuiGraphics,int,int)","info","battleDetails","已验证"
"src/main/java/xiaocaoawa/minecraft/mod/cobblebattle/client/RankedScreen.java","108","LOCAL_VARIABLE","drawList(net.minecraft.client.gui.GuiGraphics,int,int)","shown","displayedName","已验证"
"src/main/java/xiaocaoawa/minecraft/mod/cobblebattle/client/RankedScreen.java","116","METHOD","xiaocaoawa.minecraft.mod.cobblebattle.client.RankedScreen","drawDetails","renderCompetitionDetails","已验证"
"src/main/java/xiaocaoawa/minecraft/mod/cobblebattle/client/RankedScreen.java","116","PARAMETER","drawDetails(net.minecraft.client.gui.GuiGraphics,int,int)","graphics","canvas","已验证"
"src/main/java/xiaocaoawa/minecraft/mod/cobblebattle/client/RankedScreen.java","116","PARAMETER","drawDetails(net.minecraft.client.gui.GuiGraphics,int,int)","mouseX","pointerX","已验证"
"src/main/java/xiaocaoawa/minecraft/mod/cobblebattle/client/RankedScreen.java","116","PARAMETER","drawDetails(net.minecraft.client.gui.GuiGraphics,int,int)","mouseY","pointerY","已验证"
"src/main/java/xiaocaoawa/minecraft/mod/cobblebattle/client/RankedScreen.java","117","LOCAL_VARIABLE","drawDetails(net.minecraft.client.gui.GuiGraphics,int,int)","px","detailPanelLeft","已验证"
"src/main/java/xiaocaoawa/minecraft/mod/cobblebattle/client/RankedScreen.java","118","LOCAL_VARIABLE","drawDetails(net.minecraft.client.gui.GuiGraphics,int,int)","py","detailPanelTop","已验证"
"src/main/java/xiaocaoawa/minecraft/mod/cobblebattle/client/RankedScreen.java","124","LOCAL_VARIABLE","drawDetails(net.minecraft.client.gui.GuiGraphics,int,int)","info","battleDetails","已验证"
"src/main/java/xiaocaoawa/minecraft/mod/cobblebattle/client/RankedScreen.java","126","LOCAL_VARIABLE","drawDetails(net.minecraft.client.gui.GuiGraphics,int,int)","x","coordinateX","已验证"
"src/main/java/xiaocaoawa/minecraft/mod/cobblebattle/client/RankedScreen.java","127","LOCAL_VARIABLE","drawDetails(net.minecraft.client.gui.GuiGraphics,int,int)","y","coordinateY","已验证"
"src/main/java/xiaocaoawa/minecraft/mod/cobblebattle/client/RankedScreen.java","128","LOCAL_VARIABLE","drawDetails(net.minecraft.client.gui.GuiGraphics,int,int)","name","competitionName","已验证"
"src/main/java/xiaocaoawa/minecraft/mod/cobblebattle/client/RankedScreen.java","129","PARAMETER","drawDetails(net.minecraft.client.gui.GuiGraphics,int,int)","style","textStyle","已验证"
"src/main/java/xiaocaoawa/minecraft/mod/cobblebattle/client/RankedScreen.java","136","LOCAL_VARIABLE","drawDetails(net.minecraft.client.gui.GuiGraphics,int,int)","level","levelLabel","已验证"
"src/main/java/xiaocaoawa/minecraft/mod/cobblebattle/client/RankedScreen.java","157","LOCAL_VARIABLE","drawDetails(net.minecraft.client.gui.GuiGraphics,int,int)","rules","rulesText","已验证"
"src/main/java/xiaocaoawa/minecraft/mod/cobblebattle/client/RankedScreen.java","160","LOCAL_VARIABLE","drawDetails(net.minecraft.client.gui.GuiGraphics,int,int)","row","wrappedRule","已验证"
"src/main/java/xiaocaoawa/minecraft/mod/cobblebattle/client/RankedScreen.java","171","METHOD","xiaocaoawa.minecraft.mod.cobblebattle.client.RankedScreen","drawButton","renderActionButton","已验证"
"src/main/java/xiaocaoawa/minecraft/mod/cobblebattle/client/RankedScreen.java","171","PARAMETER","drawButton(net.minecraft.client.gui.GuiGraphics,int,int,int,int,net.minecraft.network.chat.Component)","graphics","canvas","已验证"
"src/main/java/xiaocaoawa/minecraft/mod/cobblebattle/client/RankedScreen.java","171","PARAMETER","drawButton(net.minecraft.client.gui.GuiGraphics,int,int,int,int,net.minecraft.network.chat.Component)","mouseX","pointerX","已验证"
"src/main/java/xiaocaoawa/minecraft/mod/cobblebattle/client/RankedScreen.java","171","PARAMETER","drawButton(net.minecraft.client.gui.GuiGraphics,int,int,int,int,net.minecraft.network.chat.Component)","mouseY","pointerY","已验证"
"src/main/java/xiaocaoawa/minecraft/mod/cobblebattle/client/RankedScreen.java","171","PARAMETER","drawButton(net.minecraft.client.gui.GuiGraphics,int,int,int,int,net.minecraft.network.chat.Component)","x","coordinateX","已验证"
"src/main/java/xiaocaoawa/minecraft/mod/cobblebattle/client/RankedScreen.java","171","PARAMETER","drawButton(net.minecraft.client.gui.GuiGraphics,int,int,int,int,net.minecraft.network.chat.Component)","y","coordinateY","已验证"
"src/main/java/xiaocaoawa/minecraft/mod/cobblebattle/client/RankedScreen.java","171","PARAMETER","drawButton(net.minecraft.client.gui.GuiGraphics,int,int,int,int,net.minecraft.network.chat.Component)","label","buttonLabel","已验证"
"src/main/java/xiaocaoawa/minecraft/mod/cobblebattle/client/RankedScreen.java","172","LOCAL_VARIABLE","drawButton(net.minecraft.client.gui.GuiGraphics,int,int,int,int,net.minecraft.network.chat.Component)","hover","isHovered","已验证"
"src/main/java/xiaocaoawa/minecraft/mod/cobblebattle/client/RankedScreen.java","181","METHOD","xiaocaoawa.minecraft.mod.cobblebattle.client.RankedScreen","inBack","isBackButtonHit","已验证"
"src/main/java/xiaocaoawa/minecraft/mod/cobblebattle/client/RankedScreen.java","181","PARAMETER","inBack(double,double)","mouseX","pointerX","已验证"
"src/main/java/xiaocaoawa/minecraft/mod/cobblebattle/client/RankedScreen.java","181","PARAMETER","inBack(double,double)","mouseY","pointerY","已验证"
"src/main/java/xiaocaoawa/minecraft/mod/cobblebattle/client/RankedScreen.java","185","PARAMETER","mouseClicked(double,double,int)","mouseX","pointerX","已验证"
"src/main/java/xiaocaoawa/minecraft/mod/cobblebattle/client/RankedScreen.java","185","PARAMETER","mouseClicked(double,double,int)","mouseY","pointerY","已验证"
"src/main/java/xiaocaoawa/minecraft/mod/cobblebattle/client/RankedScreen.java","185","PARAMETER","mouseClicked(double,double,int)","button","clickButton","已验证"
"src/main/java/xiaocaoawa/minecraft/mod/cobblebattle/client/RankedScreen.java","192","LOCAL_VARIABLE","mouseClicked(double,double,int)","lx","listRegionLeft","已验证"
"src/main/java/xiaocaoawa/minecraft/mod/cobblebattle/client/RankedScreen.java","194","LOCAL_VARIABLE","mouseClicked(double,double,int)","i","visibleRowIndex","已验证"
"src/main/java/xiaocaoawa/minecraft/mod/cobblebattle/client/RankedScreen.java","195","LOCAL_VARIABLE","mouseClicked(double,double,int)","index","competitionIndex","已验证"
"src/main/java/xiaocaoawa/minecraft/mod/cobblebattle/client/RankedScreen.java","200","LOCAL_VARIABLE","mouseClicked(double,double,int)","y","coordinateY","已验证"
"src/main/java/xiaocaoawa/minecraft/mod/cobblebattle/client/RankedScreen.java","207","LOCAL_VARIABLE","mouseClicked(double,double,int)","info","battleDetails","已验证"
"src/main/java/xiaocaoawa/minecraft/mod/cobblebattle/client/RankedScreen.java","209","LOCAL_VARIABLE","mouseClicked(double,double,int)","px","detailPanelLeft","已验证"
"src/main/java/xiaocaoawa/minecraft/mod/cobblebattle/client/RankedScreen.java","210","LOCAL_VARIABLE","mouseClicked(double,double,int)","by","actionButtonTop","已验证"
"src/main/java/xiaocaoawa/minecraft/mod/cobblebattle/client/RankedScreen.java","217","LOCAL_VARIABLE","mouseClicked(double,double,int)","bx","leaderboardButtonLeft","已验证"
"src/main/java/xiaocaoawa/minecraft/mod/cobblebattle/client/RankedScreen.java","229","PARAMETER","mouseScrolled(double,double,double,double)","mouseX","pointerX","已验证"
"src/main/java/xiaocaoawa/minecraft/mod/cobblebattle/client/RankedScreen.java","229","PARAMETER","mouseScrolled(double,double,double,double)","mouseY","pointerY","已验证"
"src/main/java/xiaocaoawa/minecraft/mod/cobblebattle/client/RankedScreen.java","229","PARAMETER","mouseScrolled(double,double,double,double)","amountX","horizontalScrollAmount","已验证"
"src/main/java/xiaocaoawa/minecraft/mod/cobblebattle/client/RankedScreen.java","229","PARAMETER","mouseScrolled(double,double,double,double)","amountY","verticalScrollAmount","已验证"
"src/main/java/xiaocaoawa/minecraft/mod/cobblebattle/client/RankedScreen.java","230","LOCAL_VARIABLE","mouseScrolled(double,double,double,double)","max","maximumOffset","已验证"
"src/main/java/xiaocaoawa/minecraft/mod/cobblebattle/client/RoomLobbyScreen.java","30","FIELD","xiaocaoawa.minecraft.mod.cobblebattle.client.RoomLobbyScreen","BASE","BASE","待命名"
"src/main/java/xiaocaoawa/minecraft/mod/cobblebattle/client/RoomLobbyScreen.java","31","FIELD","xiaocaoawa.minecraft.mod.cobblebattle.client.RoomLobbyScreen","SCREEN","SCREEN","待命名"
"src/main/java/xiaocaoawa/minecraft/mod/cobblebattle/client/RoomLobbyScreen.java","32","FIELD","xiaocaoawa.minecraft.mod.cobblebattle.client.RoomLobbyScreen","FORM","FORM","待命名"
"src/main/java/xiaocaoawa/minecraft/mod/cobblebattle/client/RoomLobbyScreen.java","33","FIELD","xiaocaoawa.minecraft.mod.cobblebattle.client.RoomLobbyScreen","WIDTH","WIDTH","待命名"
"src/main/java/xiaocaoawa/minecraft/mod/cobblebattle/client/RoomLobbyScreen.java","34","FIELD","xiaocaoawa.minecraft.mod.cobblebattle.client.RoomLobbyScreen","HEIGHT","HEIGHT","待命名"
"src/main/java/xiaocaoawa/minecraft/mod/cobblebattle/client/RoomLobbyScreen.java","35","FIELD","xiaocaoawa.minecraft.mod.cobblebattle.client.RoomLobbyScreen","HOLE_X","HOLE_X","待命名"
"src/main/java/xiaocaoawa/minecraft/mod/cobblebattle/client/RoomLobbyScreen.java","36","FIELD","xiaocaoawa.minecraft.mod.cobblebattle.client.RoomLobbyScreen","HOLE_Y","HOLE_Y","待命名"
"src/main/java/xiaocaoawa/minecraft/mod/cobblebattle/client/RoomLobbyScreen.java","37","FIELD","xiaocaoawa.minecraft.mod.cobblebattle.client.RoomLobbyScreen","HOLE_W","HOLE_W","待命名"
"src/main/java/xiaocaoawa/minecraft/mod/cobblebattle/client/RoomLobbyScreen.java","38","FIELD","xiaocaoawa.minecraft.mod.cobblebattle.client.RoomLobbyScreen","HOLE_H","HOLE_H","待命名"
"src/main/java/xiaocaoawa/minecraft/mod/cobblebattle/client/RoomLobbyScreen.java","39","FIELD","xiaocaoawa.minecraft.mod.cobblebattle.client.RoomLobbyScreen","CREATE_X","CREATE_X","待命名"
"src/main/java/xiaocaoawa/minecraft/mod/cobblebattle/client/RoomLobbyScreen.java","40","FIELD","xiaocaoawa.minecraft.mod.cobblebattle.client.RoomLobbyScreen","CREATE_Y","CREATE_Y","待命名"
"src/main/java/xiaocaoawa/minecraft/mod/cobblebattle/client/RoomLobbyScreen.java","41","FIELD","xiaocaoawa.minecraft.mod.cobblebattle.client.RoomLobbyScreen","CREATE_W","CREATE_W","待命名"
"src/main/java/xiaocaoawa/minecraft/mod/cobblebattle/client/RoomLobbyScreen.java","42","FIELD","xiaocaoawa.minecraft.mod.cobblebattle.client.RoomLobbyScreen","CREATE_H","CREATE_H","待命名"
"src/main/java/xiaocaoawa/minecraft/mod/cobblebattle/client/RoomLobbyScreen.java","43","FIELD","xiaocaoawa.minecraft.mod.cobblebattle.client.RoomLobbyScreen","INVITE_X","INVITE_X","待命名"
"src/main/java/xiaocaoawa/minecraft/mod/cobblebattle/client/RoomLobbyScreen.java","44","FIELD","xiaocaoawa.minecraft.mod.cobblebattle.client.RoomLobbyScreen","INVITE_W","INVITE_W","待命名"
"src/main/java/xiaocaoawa/minecraft/mod/cobblebattle/client/RoomLobbyScreen.java","45","FIELD","xiaocaoawa.minecraft.mod.cobblebattle.client.RoomLobbyScreen","GRID_X","GRID_X","待命名"
"src/main/java/xiaocaoawa/minecraft/mod/cobblebattle/client/RoomLobbyScreen.java","46","FIELD","xiaocaoawa.minecraft.mod.cobblebattle.client.RoomLobbyScreen","GRID_Y","GRID_Y","待命名"
"src/main/java/xiaocaoawa/minecraft/mod/cobblebattle/client/RoomLobbyScreen.java","47","FIELD","xiaocaoawa.minecraft.mod.cobblebattle.client.RoomLobbyScreen","COLS","COLS","待命名"
"src/main/java/xiaocaoawa/minecraft/mod/cobblebattle/client/RoomLobbyScreen.java","48","FIELD","xiaocaoawa.minecraft.mod.cobblebattle.client.RoomLobbyScreen","ROWS","ROWS","待命名"
"src/main/java/xiaocaoawa/minecraft/mod/cobblebattle/client/RoomLobbyScreen.java","49","FIELD","xiaocaoawa.minecraft.mod.cobblebattle.client.RoomLobbyScreen","CARD_W","CARD_W","待命名"
"src/main/java/xiaocaoawa/minecraft/mod/cobblebattle/client/RoomLobbyScreen.java","50","FIELD","xiaocaoawa.minecraft.mod.cobblebattle.client.RoomLobbyScreen","CARD_H","CARD_H","待命名"
"src/main/java/xiaocaoawa/minecraft/mod/cobblebattle/client/RoomLobbyScreen.java","51","FIELD","xiaocaoawa.minecraft.mod.cobblebattle.client.RoomLobbyScreen","FIGURE_SIZE","FIGURE_SIZE","待命名"
"src/main/java/xiaocaoawa/minecraft/mod/cobblebattle/client/RoomLobbyScreen.java","52","FIELD","xiaocaoawa.minecraft.mod.cobblebattle.client.RoomLobbyScreen","UNKNOWN_H","UNKNOWN_H","待命名"
"src/main/java/xiaocaoawa/minecraft/mod/cobblebattle/client/RoomLobbyScreen.java","53","FIELD","xiaocaoawa.minecraft.mod.cobblebattle.client.RoomLobbyScreen","GAP_X","GAP_X","待命名"
"src/main/java/xiaocaoawa/minecraft/mod/cobblebattle/client/RoomLobbyScreen.java","54","FIELD","xiaocaoawa.minecraft.mod.cobblebattle.client.RoomLobbyScreen","GAP_Y","GAP_Y","待命名"
"src/main/java/xiaocaoawa/minecraft/mod/cobblebattle/client/RoomLobbyScreen.java","55","FIELD","xiaocaoawa.minecraft.mod.cobblebattle.client.RoomLobbyScreen","SCROLL_X","SCROLLOFFSETS_X","待验证"
"src/main/java/xiaocaoawa/minecraft/mod/cobblebattle/client/RoomLobbyScreen.java","56","FIELD","xiaocaoawa.minecraft.mod.cobblebattle.client.RoomLobbyScreen","SCROLL_W","SCROLLOFFSETS_W","待验证"
"src/main/java/xiaocaoawa/minecraft/mod/cobblebattle/client/RoomLobbyScreen.java","57","FIELD","xiaocaoawa.minecraft.mod.cobblebattle.client.RoomLobbyScreen","CARD_FILL","CARD_FILL","待命名"
"src/main/java/xiaocaoawa/minecraft/mod/cobblebattle/client/RoomLobbyScreen.java","58","FIELD","xiaocaoawa.minecraft.mod.cobblebattle.client.RoomLobbyScreen","CARD_FILL_HOVER","CARD_FILL_HOVER","待命名"
"src/main/java/xiaocaoawa/minecraft/mod/cobblebattle/client/RoomLobbyScreen.java","59","FIELD","xiaocaoawa.minecraft.mod.cobblebattle.client.RoomLobbyScreen","CARD_EDGE","CARD_EDGE","待命名"
"src/main/java/xiaocaoawa/minecraft/mod/cobblebattle/client/RoomLobbyScreen.java","60","FIELD","xiaocaoawa.minecraft.mod.cobblebattle.client.RoomLobbyScreen","BAR_MINE","BAR_MINE","待命名"
"src/main/java/xiaocaoawa/minecraft/mod/cobblebattle/client/RoomLobbyScreen.java","61","FIELD","xiaocaoawa.minecraft.mod.cobblebattle.client.RoomLobbyScreen","BAR_OPEN","BAR_OPEN","待命名"
"src/main/java/xiaocaoawa/minecraft/mod/cobblebattle/client/RoomLobbyScreen.java","62","FIELD","xiaocaoawa.minecraft.mod.cobblebattle.client.RoomLobbyScreen","BAR_LOCKED","BAR_LOCKED","待命名"
"src/main/java/xiaocaoawa/minecraft/mod/cobblebattle/client/RoomLobbyScreen.java","63","FIELD","xiaocaoawa.minecraft.mod.cobblebattle.client.RoomLobbyScreen","TEXT","TEXT","待命名"
"src/main/java/xiaocaoawa/minecraft/mod/cobblebattle/client/RoomLobbyScreen.java","64","FIELD","xiaocaoawa.minecraft.mod.cobblebattle.client.RoomLobbyScreen","TEXT_SOFT","TEXT_SOFT","待命名"
"src/main/java/xiaocaoawa/minecraft/mod/cobblebattle/client/RoomLobbyScreen.java","65","FIELD","xiaocaoawa.minecraft.mod.cobblebattle.client.RoomLobbyScreen","TRACK","TRACK","待命名"
"src/main/java/xiaocaoawa/minecraft/mod/cobblebattle/client/RoomLobbyScreen.java","66","FIELD","xiaocaoawa.minecraft.mod.cobblebattle.client.RoomLobbyScreen","THUMB","THUMB","待命名"
"src/main/java/xiaocaoawa/minecraft/mod/cobblebattle/client/RoomLobbyScreen.java","67","FIELD","xiaocaoawa.minecraft.mod.cobblebattle.client.RoomLobbyScreen","FORM_W","FORM_W","待命名"
"src/main/java/xiaocaoawa/minecraft/mod/cobblebattle/client/RoomLobbyScreen.java","68","FIELD","xiaocaoawa.minecraft.mod.cobblebattle.client.RoomLobbyScreen","FORM_H","FORM_H","待命名"
"src/main/java/xiaocaoawa/minecraft/mod/cobblebattle/client/RoomLobbyScreen.java","69","FIELD","xiaocaoawa.minecraft.mod.cobblebattle.client.RoomLobbyScreen","IN_LEFT","IN_LEFT","待命名"
"src/main/java/xiaocaoawa/minecraft/mod/cobblebattle/client/RoomLobbyScreen.java","70","FIELD","xiaocaoawa.minecraft.mod.cobblebattle.client.RoomLobbyScreen","IN_RIGHT","IN_RIGHT","待命名"
"src/main/java/xiaocaoawa/minecraft/mod/cobblebattle/client/RoomLobbyScreen.java","71","FIELD","xiaocaoawa.minecraft.mod.cobblebattle.client.RoomLobbyScreen","TITLE_Y","TITLE_Y","待命名"
"src/main/java/xiaocaoawa/minecraft/mod/cobblebattle/client/RoomLobbyScreen.java","72","FIELD","xiaocaoawa.minecraft.mod.cobblebattle.client.RoomLobbyScreen","LABEL_X","LABEL_X","待命名"
"src/main/java/xiaocaoawa/minecraft/mod/cobblebattle/client/RoomLobbyScreen.java","73","FIELD","xiaocaoawa.minecraft.mod.cobblebattle.client.RoomLobbyScreen","FIELD_X","FIELD_X","待命名"
"src/main/java/xiaocaoawa/minecraft/mod/cobblebattle/client/RoomLobbyScreen.java","74","FIELD","xiaocaoawa.minecraft.mod.cobblebattle.client.RoomLobbyScreen","FIELD_W","FIELD_W","待命名"
"src/main/java/xiaocaoawa/minecraft/mod/cobblebattle/client/RoomLobbyScreen.java","75","FIELD","xiaocaoawa.minecraft.mod.cobblebattle.client.RoomLobbyScreen","ROW_ONE","ROW_ONE","待命名"
"src/main/java/xiaocaoawa/minecraft/mod/cobblebattle/client/RoomLobbyScreen.java","76","FIELD","xiaocaoawa.minecraft.mod.cobblebattle.client.RoomLobbyScreen","ROW_GAP","ROW_GAP","待命名"
"src/main/java/xiaocaoawa/minecraft/mod/cobblebattle/client/RoomLobbyScreen.java","77","FIELD","xiaocaoawa.minecraft.mod.cobblebattle.client.RoomLobbyScreen","FIELD_H","FIELD_H","待命名"
"src/main/java/xiaocaoawa/minecraft/mod/cobblebattle/client/RoomLobbyScreen.java","78","FIELD","xiaocaoawa.minecraft.mod.cobblebattle.client.RoomLobbyScreen","ARROW_W","ARROW_W","待命名"
"src/main/java/xiaocaoawa/minecraft/mod/cobblebattle/client/RoomLobbyScreen.java","79","FIELD","xiaocaoawa.minecraft.mod.cobblebattle.client.RoomLobbyScreen","BUTTON_Y","BUTTON_Y","待命名"
"src/main/java/xiaocaoawa/minecraft/mod/cobblebattle/client/RoomLobbyScreen.java","80","FIELD","xiaocaoawa.minecraft.mod.cobblebattle.client.RoomLobbyScreen","BUTTON_W","BUTTON_W","待命名"
"src/main/java/xiaocaoawa/minecraft/mod/cobblebattle/client/RoomLobbyScreen.java","81","FIELD","xiaocaoawa.minecraft.mod.cobblebattle.client.RoomLobbyScreen","BUTTON_H","BUTTON_H","待命名"
"src/main/java/xiaocaoawa/minecraft/mod/cobblebattle/client/RoomLobbyScreen.java","82","FIELD","xiaocaoawa.minecraft.mod.cobblebattle.client.RoomLobbyScreen","FORM_FILL","FORM_FILL","待命名"
"src/main/java/xiaocaoawa/minecraft/mod/cobblebattle/client/RoomLobbyScreen.java","83","FIELD","xiaocaoawa.minecraft.mod.cobblebattle.client.RoomLobbyScreen","FORM_FILL_HOVER","FORM_FILL_HOVER","待命名"
"src/main/java/xiaocaoawa/minecraft/mod/cobblebattle/client/RoomLobbyScreen.java","84","FIELD","xiaocaoawa.minecraft.mod.cobblebattle.client.RoomLobbyScreen","FORM_EDGE","FORM_EDGE","待命名"
"src/main/java/xiaocaoawa/minecraft/mod/cobblebattle/client/RoomLobbyScreen.java","85","FIELD","xiaocaoawa.minecraft.mod.cobblebattle.client.RoomLobbyScreen","DIM","DIM","待命名"
"src/main/java/xiaocaoawa/minecraft/mod/cobblebattle/client/RoomLobbyScreen.java","86","FIELD","xiaocaoawa.minecraft.mod.cobblebattle.client.RoomLobbyScreen","REFRESH_TICKS","REFRESH_TICKS","待命名"
"src/main/java/xiaocaoawa/minecraft/mod/cobblebattle/client/RoomLobbyScreen.java","87","FIELD","xiaocaoawa.minecraft.mod.cobblebattle.client.RoomLobbyScreen","TYPES","TYPES","待命名"
"src/main/java/xiaocaoawa/minecraft/mod/cobblebattle/client/RoomLobbyScreen.java","88","FIELD","xiaocaoawa.minecraft.mod.cobblebattle.client.RoomLobbyScreen","LEVELS","LEVELS","待命名"
"src/main/java/xiaocaoawa/minecraft/mod/cobblebattle/client/RoomLobbyScreen.java","89","FIELD","xiaocaoawa.minecraft.mod.cobblebattle.client.RoomLobbyScreen","PICKS","PICKS","待命名"
"src/main/java/xiaocaoawa/minecraft/mod/cobblebattle/client/RoomLobbyScreen.java","90","FIELD","xiaocaoawa.minecraft.mod.cobblebattle.client.RoomLobbyScreen","ROW_NAME","ROW_NAME","待命名"
"src/main/java/xiaocaoawa/minecraft/mod/cobblebattle/client/RoomLobbyScreen.java","91","FIELD","xiaocaoawa.minecraft.mod.cobblebattle.client.RoomLobbyScreen","ROW_TYPE","ROW_TYPE","待命名"
"src/main/java/xiaocaoawa/minecraft/mod/cobblebattle/client/RoomLobbyScreen.java","92","FIELD","xiaocaoawa.minecraft.mod.cobblebattle.client.RoomLobbyScreen","ROW_PICK","ROW_PICK","待命名"
"src/main/java/xiaocaoawa/minecraft/mod/cobblebattle/client/RoomLobbyScreen.java","93","FIELD","xiaocaoawa.minecraft.mod.cobblebattle.client.RoomLobbyScreen","ROW_LEVEL","ROW_LEVEL","待命名"
"src/main/java/xiaocaoawa/minecraft/mod/cobblebattle/client/RoomLobbyScreen.java","94","FIELD","xiaocaoawa.minecraft.mod.cobblebattle.client.RoomLobbyScreen","ROW_HEAL","ROW_HEAL","待命名"
"src/main/java/xiaocaoawa/minecraft/mod/cobblebattle/client/RoomLobbyScreen.java","95","FIELD","xiaocaoawa.minecraft.mod.cobblebattle.client.RoomLobbyScreen","ROW_ENGINE","ROW_ENGINE","待命名"
"src/main/java/xiaocaoawa/minecraft/mod/cobblebattle/client/RoomLobbyScreen.java","96","FIELD","xiaocaoawa.minecraft.mod.cobblebattle.client.RoomLobbyScreen","ROW_LEGALITY","ROW_LEGALITY","待命名"
"src/main/java/xiaocaoawa/minecraft/mod/cobblebattle/client/RoomLobbyScreen.java","97","FIELD","xiaocaoawa.minecraft.mod.cobblebattle.client.RoomLobbyScreen","data","data","待命名"
"src/main/java/xiaocaoawa/minecraft/mod/cobblebattle/client/RoomLobbyScreen.java","98","FIELD","xiaocaoawa.minecraft.mod.cobblebattle.client.RoomLobbyScreen","firstRow","firstRow","待命名"
"src/main/java/xiaocaoawa/minecraft/mod/cobblebattle/client/RoomLobbyScreen.java","99","FIELD","xiaocaoawa.minecraft.mod.cobblebattle.client.RoomLobbyScreen","ticks","ticks","待命名"
"src/main/java/xiaocaoawa/minecraft/mod/cobblebattle/client/RoomLobbyScreen.java","100","FIELD","xiaocaoawa.minecraft.mod.cobblebattle.client.RoomLobbyScreen","originX","originX","待命名"
"src/main/java/xiaocaoawa/minecraft/mod/cobblebattle/client/RoomLobbyScreen.java","101","FIELD","xiaocaoawa.minecraft.mod.cobblebattle.client.RoomLobbyScreen","originY","originY","待命名"
"src/main/java/xiaocaoawa/minecraft/mod/cobblebattle/client/RoomLobbyScreen.java","102","FIELD","xiaocaoawa.minecraft.mod.cobblebattle.client.RoomLobbyScreen","states","states","待命名"
"src/main/java/xiaocaoawa/minecraft/mod/cobblebattle/client/RoomLobbyScreen.java","103","FIELD","xiaocaoawa.minecraft.mod.cobblebattle.client.RoomLobbyScreen","leads","leads","待命名"
"src/main/java/xiaocaoawa/minecraft/mod/cobblebattle/client/RoomLobbyScreen.java","104","FIELD","xiaocaoawa.minecraft.mod.cobblebattle.client.RoomLobbyScreen","portraits","portraits","待命名"
"src/main/java/xiaocaoawa/minecraft/mod/cobblebattle/client/RoomLobbyScreen.java","105","FIELD","xiaocaoawa.minecraft.mod.cobblebattle.client.RoomLobbyScreen","form","form","待命名"
"src/main/java/xiaocaoawa/minecraft/mod/cobblebattle/client/RoomLobbyScreen.java","106","FIELD","xiaocaoawa.minecraft.mod.cobblebattle.client.RoomLobbyScreen","locked","locked","待命名"
"src/main/java/xiaocaoawa/minecraft/mod/cobblebattle/client/RoomLobbyScreen.java","107","FIELD","xiaocaoawa.minecraft.mod.cobblebattle.client.RoomLobbyScreen","nameBox","nameBox","待命名"
"src/main/java/xiaocaoawa/minecraft/mod/cobblebattle/client/RoomLobbyScreen.java","108","FIELD","xiaocaoawa.minecraft.mod.cobblebattle.client.RoomLobbyScreen","passwordBox","passwordBox","待命名"
"src/main/java/xiaocaoawa/minecraft/mod/cobblebattle/client/RoomLobbyScreen.java","109","FIELD","xiaocaoawa.minecraft.mod.cobblebattle.client.RoomLobbyScreen","codeBox","codeBox","待命名"
"src/main/java/xiaocaoawa/minecraft/mod/cobblebattle/client/RoomLobbyScreen.java","110","FIELD","xiaocaoawa.minecraft.mod.cobblebattle.client.RoomLobbyScreen","type","type","待命名"
"src/main/java/xiaocaoawa/minecraft/mod/cobblebattle/client/RoomLobbyScreen.java","111","FIELD","xiaocaoawa.minecraft.mod.cobblebattle.client.RoomLobbyScreen","level","level","待命名"
"src/main/java/xiaocaoawa/minecraft/mod/cobblebattle/client/RoomLobbyScreen.java","112","FIELD","xiaocaoawa.minecraft.mod.cobblebattle.client.RoomLobbyScreen","pick","pick","待命名"
"src/main/java/xiaocaoawa/minecraft/mod/cobblebattle/client/RoomLobbyScreen.java","113","FIELD","xiaocaoawa.minecraft.mod.cobblebattle.client.RoomLobbyScreen","fullHeal","fullHeal","待命名"
"src/main/java/xiaocaoawa/minecraft/mod/cobblebattle/client/RoomLobbyScreen.java","114","FIELD","xiaocaoawa.minecraft.mod.cobblebattle.client.RoomLobbyScreen","hostEngine","hostEngine","待命名"
"src/main/java/xiaocaoawa/minecraft/mod/cobblebattle/client/RoomLobbyScreen.java","115","FIELD","xiaocaoawa.minecraft.mod.cobblebattle.client.RoomLobbyScreen","legality","legality","待命名"
"src/main/java/xiaocaoawa/minecraft/mod/cobblebattle/client/RoomLobbyScreen.java","116","FIELD","xiaocaoawa.minecraft.mod.cobblebattle.client.RoomLobbyScreen","formX","formX","待命名"
"src/main/java/xiaocaoawa/minecraft/mod/cobblebattle/client/RoomLobbyScreen.java","117","FIELD","xiaocaoawa.minecraft.mod.cobblebattle.client.RoomLobbyScreen","formY","formY","待命名"
"src/main/java/xiaocaoawa/minecraft/mod/cobblebattle/client/RoomLobbyScreen.java","119","METHOD","xiaocaoawa.minecraft.mod.cobblebattle.client.RoomLobbyScreen","row","row","待命名"
"src/main/java/xiaocaoawa/minecraft/mod/cobblebattle/client/RoomLobbyScreen.java","119","PARAMETER","row(int)","index","index","待命名"
"src/main/java/xiaocaoawa/minecraft/mod/cobblebattle/client/RoomLobbyScreen.java","123","METHOD","xiaocaoawa.minecraft.mod.cobblebattle.client.RoomLobbyScreen","seatType","seatType","待命名"
"src/main/java/xiaocaoawa/minecraft/mod/cobblebattle/client/RoomLobbyScreen.java","123","PARAMETER","seatType(xiaocaoawa.minecraft.mod.cobblebattle.network.RoomListPayload.Room)","room","room","待命名"
"src/main/java/xiaocaoawa/minecraft/mod/cobblebattle/client/RoomLobbyScreen.java","127","METHOD","xiaocaoawa.minecraft.mod.cobblebattle.client.RoomLobbyScreen","passwordRow","passwordRow","待命名"
"src/main/java/xiaocaoawa/minecraft/mod/cobblebattle/client/RoomLobbyScreen.java","131","METHOD","xiaocaoawa.minecraft.mod.cobblebattle.client.RoomLobbyScreen","buttonY","buttonY","待命名"
"src/main/java/xiaocaoawa/minecraft/mod/cobblebattle/client/RoomLobbyScreen.java","135","PARAMETER","RoomLobbyScreen(xiaocaoawa.minecraft.mod.cobblebattle.network.RoomListPayload)","data","data","待命名"
"src/main/java/xiaocaoawa/minecraft/mod/cobblebattle/client/RoomLobbyScreen.java","140","PARAMETER","update(xiaocaoawa.minecraft.mod.cobblebattle.network.RoomListPayload)","data","data","待命名"
"src/main/java/xiaocaoawa/minecraft/mod/cobblebattle/client/RoomLobbyScreen.java","142","LOCAL_VARIABLE","update(xiaocaoawa.minecraft.mod.cobblebattle.network.RoomListPayload)","max","max","待命名"
"src/main/java/xiaocaoawa/minecraft/mod/cobblebattle/client/RoomLobbyScreen.java","147","LOCAL_VARIABLE","update(xiaocaoawa.minecraft.mod.cobblebattle.network.RoomListPayload)","live","live","待命名"
"src/main/java/xiaocaoawa/minecraft/mod/cobblebattle/client/RoomLobbyScreen.java","148","LOCAL_VARIABLE","update(xiaocaoawa.minecraft.mod.cobblebattle.network.RoomListPayload)","hosts","hosts","待命名"
"src/main/java/xiaocaoawa/minecraft/mod/cobblebattle/client/RoomLobbyScreen.java","150","LOCAL_VARIABLE","update(xiaocaoawa.minecraft.mod.cobblebattle.network.RoomListPayload)","room","room","待命名"
"src/main/java/xiaocaoawa/minecraft/mod/cobblebattle/client/RoomLobbyScreen.java","165","LOCAL_VARIABLE","init()","was","was","待命名"
"src/main/java/xiaocaoawa/minecraft/mod/cobblebattle/client/RoomLobbyScreen.java","166","LOCAL_VARIABLE","init()","password","password","待命名"
"src/main/java/xiaocaoawa/minecraft/mod/cobblebattle/client/RoomLobbyScreen.java","173","LOCAL_VARIABLE","init()","code","code","待命名"
"src/main/java/xiaocaoawa/minecraft/mod/cobblebattle/client/RoomLobbyScreen.java","183","METHOD","xiaocaoawa.minecraft.mod.cobblebattle.client.RoomLobbyScreen","applyForm","applyForm","待命名"
"src/main/java/xiaocaoawa/minecraft/mod/cobblebattle/client/RoomLobbyScreen.java","184","LOCAL_VARIABLE","applyForm()","creating","creating","待命名"
"src/main/java/xiaocaoawa/minecraft/mod/cobblebattle/client/RoomLobbyScreen.java","185","LOCAL_VARIABLE","applyForm()","asking","asking","待命名"
"src/main/java/xiaocaoawa/minecraft/mod/cobblebattle/client/RoomLobbyScreen.java","186","LOCAL_VARIABLE","applyForm()","inviting","inviting","待命名"
"src/main/java/xiaocaoawa/minecraft/mod/cobblebattle/client/RoomLobbyScreen.java","202","METHOD","xiaocaoawa.minecraft.mod.cobblebattle.client.RoomLobbyScreen","defaultName","defaultName","待命名"
"src/main/java/xiaocaoawa/minecraft/mod/cobblebattle/client/RoomLobbyScreen.java","203","LOCAL_VARIABLE","defaultName()","minecraft","minecraft","待命名"
"src/main/java/xiaocaoawa/minecraft/mod/cobblebattle/client/RoomLobbyScreen.java","204","LOCAL_VARIABLE","defaultName()","who","who","待命名"
"src/main/java/xiaocaoawa/minecraft/mod/cobblebattle/client/RoomLobbyScreen.java","218","PARAMETER","render(net.minecraft.client.gui.GuiGraphics,int,int,float)","graphics","graphics","待命名"
"src/main/java/xiaocaoawa/minecraft/mod/cobblebattle/client/RoomLobbyScreen.java","218","PARAMETER","render(net.minecraft.client.gui.GuiGraphics,int,int,float)","mouseX","mouseX","待命名"
"src/main/java/xiaocaoawa/minecraft/mod/cobblebattle/client/RoomLobbyScreen.java","218","PARAMETER","render(net.minecraft.client.gui.GuiGraphics,int,int,float)","mouseY","mouseY","待命名"
"src/main/java/xiaocaoawa/minecraft/mod/cobblebattle/client/RoomLobbyScreen.java","218","PARAMETER","render(net.minecraft.client.gui.GuiGraphics,int,int,float)","partialTick","partialTick","待命名"
"src/main/java/xiaocaoawa/minecraft/mod/cobblebattle/client/RoomLobbyScreen.java","223","LOCAL_VARIABLE","render(net.minecraft.client.gui.GuiGraphics,int,int,float)","left","left","待命名"
"src/main/java/xiaocaoawa/minecraft/mod/cobblebattle/client/RoomLobbyScreen.java","224","LOCAL_VARIABLE","render(net.minecraft.client.gui.GuiGraphics,int,int,float)","top","top","待命名"
"src/main/java/xiaocaoawa/minecraft/mod/cobblebattle/client/RoomLobbyScreen.java","243","METHOD","xiaocaoawa.minecraft.mod.cobblebattle.client.RoomLobbyScreen","drawHeader","drawHeader","待命名"
"src/main/java/xiaocaoawa/minecraft/mod/cobblebattle/client/RoomLobbyScreen.java","243","PARAMETER","drawHeader(net.minecraft.client.gui.GuiGraphics,int,int)","graphics","graphics","待命名"
"src/main/java/xiaocaoawa/minecraft/mod/cobblebattle/client/RoomLobbyScreen.java","243","PARAMETER","drawHeader(net.minecraft.client.gui.GuiGraphics,int,int)","mouseX","mouseX","待命名"
"src/main/java/xiaocaoawa/minecraft/mod/cobblebattle/client/RoomLobbyScreen.java","243","PARAMETER","drawHeader(net.minecraft.client.gui.GuiGraphics,int,int)","mouseY","mouseY","待命名"
"src/main/java/xiaocaoawa/minecraft/mod/cobblebattle/client/RoomLobbyScreen.java","244","LOCAL_VARIABLE","drawHeader(net.minecraft.client.gui.GuiGraphics,int,int)","hover","hover","待命名"
"src/main/java/xiaocaoawa/minecraft/mod/cobblebattle/client/RoomLobbyScreen.java","245","LOCAL_VARIABLE","drawHeader(net.minecraft.client.gui.GuiGraphics,int,int)","x","x","待命名"
"src/main/java/xiaocaoawa/minecraft/mod/cobblebattle/client/RoomLobbyScreen.java","246","LOCAL_VARIABLE","drawHeader(net.minecraft.client.gui.GuiGraphics,int,int)","y","y","待命名"
"src/main/java/xiaocaoawa/minecraft/mod/cobblebattle/client/RoomLobbyScreen.java","249","LOCAL_VARIABLE","drawHeader(net.minecraft.client.gui.GuiGraphics,int,int)","inviteHover","inviteHover","待命名"
"src/main/java/xiaocaoawa/minecraft/mod/cobblebattle/client/RoomLobbyScreen.java","250","LOCAL_VARIABLE","drawHeader(net.minecraft.client.gui.GuiGraphics,int,int)","ix","ix","待命名"
"src/main/java/xiaocaoawa/minecraft/mod/cobblebattle/client/RoomLobbyScreen.java","253","LOCAL_VARIABLE","drawHeader(net.minecraft.client.gui.GuiGraphics,int,int)","page","page","待命名"
"src/main/java/xiaocaoawa/minecraft/mod/cobblebattle/client/RoomLobbyScreen.java","254","PARAMETER","drawHeader(net.minecraft.client.gui.GuiGraphics,int,int)","style","style","待命名"
"src/main/java/xiaocaoawa/minecraft/mod/cobblebattle/client/RoomLobbyScreen.java","258","METHOD","xiaocaoawa.minecraft.mod.cobblebattle.client.RoomLobbyScreen","drawCards","drawCards","待命名"
"src/main/java/xiaocaoawa/minecraft/mod/cobblebattle/client/RoomLobbyScreen.java","258","PARAMETER","drawCards(net.minecraft.client.gui.GuiGraphics,int,int,float)","graphics","graphics","待命名"
"src/main/java/xiaocaoawa/minecraft/mod/cobblebattle/client/RoomLobbyScreen.java","258","PARAMETER","drawCards(net.minecraft.client.gui.GuiGraphics,int,int,float)","mouseX","mouseX","待命名"
"src/main/java/xiaocaoawa/minecraft/mod/cobblebattle/client/RoomLobbyScreen.java","258","PARAMETER","drawCards(net.minecraft.client.gui.GuiGraphics,int,int,float)","mouseY","mouseY","待命名"
"src/main/java/xiaocaoawa/minecraft/mod/cobblebattle/client/RoomLobbyScreen.java","258","PARAMETER","drawCards(net.minecraft.client.gui.GuiGraphics,int,int,float)","partialTick","partialTick","待命名"
"src/main/java/xiaocaoawa/minecraft/mod/cobblebattle/client/RoomLobbyScreen.java","259","LOCAL_VARIABLE","drawCards(net.minecraft.client.gui.GuiGraphics,int,int,float)","rooms","rooms","待命名"
"src/main/java/xiaocaoawa/minecraft/mod/cobblebattle/client/RoomLobbyScreen.java","263","LOCAL_VARIABLE","drawCards(net.minecraft.client.gui.GuiGraphics,int,int,float)","hovered","hovered","待命名"
"src/main/java/xiaocaoawa/minecraft/mod/cobblebattle/client/RoomLobbyScreen.java","265","LOCAL_VARIABLE","drawCards(net.minecraft.client.gui.GuiGraphics,int,int,float)","slot","slot","待命名"
"src/main/java/xiaocaoawa/minecraft/mod/cobblebattle/client/RoomLobbyScreen.java","266","LOCAL_VARIABLE","drawCards(net.minecraft.client.gui.GuiGraphics,int,int,float)","index","index","待命名"
"src/main/java/xiaocaoawa/minecraft/mod/cobblebattle/client/RoomLobbyScreen.java","276","METHOD","xiaocaoawa.minecraft.mod.cobblebattle.client.RoomLobbyScreen","drawCard","drawCard","待命名"
"src/main/java/xiaocaoawa/minecraft/mod/cobblebattle/client/RoomLobbyScreen.java","276","PARAMETER","drawCard(net.minecraft.client.gui.GuiGraphics,xiaocaoawa.minecraft.mod.cobblebattle.network.RoomListPayload.Room,int,int,boolean,float)","graphics","graphics","待命名"
"src/main/java/xiaocaoawa/minecraft/mod/cobblebattle/client/RoomLobbyScreen.java","276","PARAMETER","drawCard(net.minecraft.client.gui.GuiGraphics,xiaocaoawa.minecraft.mod.cobblebattle.network.RoomListPayload.Room,int,int,boolean,float)","room","room","待命名"
"src/main/java/xiaocaoawa/minecraft/mod/cobblebattle/client/RoomLobbyScreen.java","276","PARAMETER","drawCard(net.minecraft.client.gui.GuiGraphics,xiaocaoawa.minecraft.mod.cobblebattle.network.RoomListPayload.Room,int,int,boolean,float)","x","x","待命名"
"src/main/java/xiaocaoawa/minecraft/mod/cobblebattle/client/RoomLobbyScreen.java","276","PARAMETER","drawCard(net.minecraft.client.gui.GuiGraphics,xiaocaoawa.minecraft.mod.cobblebattle.network.RoomListPayload.Room,int,int,boolean,float)","y","y","待命名"
"src/main/java/xiaocaoawa/minecraft/mod/cobblebattle/client/RoomLobbyScreen.java","276","PARAMETER","drawCard(net.minecraft.client.gui.GuiGraphics,xiaocaoawa.minecraft.mod.cobblebattle.network.RoomListPayload.Room,int,int,boolean,float)","hover","hover","待命名"
"src/main/java/xiaocaoawa/minecraft/mod/cobblebattle/client/RoomLobbyScreen.java","276","PARAMETER","drawCard(net.minecraft.client.gui.GuiGraphics,xiaocaoawa.minecraft.mod.cobblebattle.network.RoomListPayload.Room,int,int,boolean,float)","partialTick","partialTick","待命名"
"src/main/java/xiaocaoawa/minecraft/mod/cobblebattle/client/RoomLobbyScreen.java","282","LOCAL_VARIABLE","drawCard(net.minecraft.client.gui.GuiGraphics,xiaocaoawa.minecraft.mod.cobblebattle.network.RoomListPayload.Room,int,int,boolean,float)","bar","bar","待命名"
"src/main/java/xiaocaoawa/minecraft/mod/cobblebattle/client/RoomLobbyScreen.java","285","LOCAL_VARIABLE","drawCard(net.minecraft.client.gui.GuiGraphics,xiaocaoawa.minecraft.mod.cobblebattle.network.RoomListPayload.Room,int,int,boolean,float)","textX","textX","待命名"
"src/main/java/xiaocaoawa/minecraft/mod/cobblebattle/client/RoomLobbyScreen.java","286","LOCAL_VARIABLE","drawCard(net.minecraft.client.gui.GuiGraphics,xiaocaoawa.minecraft.mod.cobblebattle.network.RoomListPayload.Room,int,int,boolean,float)","textRight","textRight","待命名"
"src/main/java/xiaocaoawa/minecraft/mod/cobblebattle/client/RoomLobbyScreen.java","290","LOCAL_VARIABLE","drawCard(net.minecraft.client.gui.GuiGraphics,xiaocaoawa.minecraft.mod.cobblebattle.network.RoomListPayload.Room,int,int,boolean,float)","type","type","待命名"
"src/main/java/xiaocaoawa/minecraft/mod/cobblebattle/client/RoomLobbyScreen.java","291","LOCAL_VARIABLE","drawCard(net.minecraft.client.gui.GuiGraphics,xiaocaoawa.minecraft.mod.cobblebattle.network.RoomListPayload.Room,int,int,boolean,float)","level","level","待命名"
"src/main/java/xiaocaoawa/minecraft/mod/cobblebattle/client/RoomLobbyScreen.java","294","LOCAL_VARIABLE","drawCard(net.minecraft.client.gui.GuiGraphics,xiaocaoawa.minecraft.mod.cobblebattle.network.RoomListPayload.Room,int,int,boolean,float)","parts","parts","待命名"
"src/main/java/xiaocaoawa/minecraft/mod/cobblebattle/client/RoomLobbyScreen.java","315","LOCAL_VARIABLE","drawCard(net.minecraft.client.gui.GuiGraphics,xiaocaoawa.minecraft.mod.cobblebattle.network.RoomListPayload.Room,int,int,boolean,float)","rules","rules","待命名"
"src/main/java/xiaocaoawa/minecraft/mod/cobblebattle/client/RoomLobbyScreen.java","317","LOCAL_VARIABLE","drawCard(net.minecraft.client.gui.GuiGraphics,xiaocaoawa.minecraft.mod.cobblebattle.network.RoomListPayload.Room,int,int,boolean,float)","players","players","待命名"
"src/main/java/xiaocaoawa/minecraft/mod/cobblebattle/client/RoomLobbyScreen.java","324","METHOD","xiaocaoawa.minecraft.mod.cobblebattle.client.RoomLobbyScreen","drawHostAndLead","drawHostAndLead","待命名"
"src/main/java/xiaocaoawa/minecraft/mod/cobblebattle/client/RoomLobbyScreen.java","324","PARAMETER","drawHostAndLead(net.minecraft.client.gui.GuiGraphics,xiaocaoawa.minecraft.mod.cobblebattle.network.RoomListPayload.Room,int,int,float)","graphics","graphics","待命名"
"src/main/java/xiaocaoawa/minecraft/mod/cobblebattle/client/RoomLobbyScreen.java","324","PARAMETER","drawHostAndLead(net.minecraft.client.gui.GuiGraphics,xiaocaoawa.minecraft.mod.cobblebattle.network.RoomListPayload.Room,int,int,float)","room","room","待命名"
"src/main/java/xiaocaoawa/minecraft/mod/cobblebattle/client/RoomLobbyScreen.java","324","PARAMETER","drawHostAndLead(net.minecraft.client.gui.GuiGraphics,xiaocaoawa.minecraft.mod.cobblebattle.network.RoomListPayload.Room,int,int,float)","x","x","待命名"
"src/main/java/xiaocaoawa/minecraft/mod/cobblebattle/client/RoomLobbyScreen.java","324","PARAMETER","drawHostAndLead(net.minecraft.client.gui.GuiGraphics,xiaocaoawa.minecraft.mod.cobblebattle.network.RoomListPayload.Room,int,int,float)","y","y","待命名"
"src/main/java/xiaocaoawa/minecraft/mod/cobblebattle/client/RoomLobbyScreen.java","324","PARAMETER","drawHostAndLead(net.minecraft.client.gui.GuiGraphics,xiaocaoawa.minecraft.mod.cobblebattle.network.RoomListPayload.Room,int,int,float)","partialTick","partialTick","待命名"
"src/main/java/xiaocaoawa/minecraft/mod/cobblebattle/client/RoomLobbyScreen.java","325","LOCAL_VARIABLE","drawHostAndLead(net.minecraft.client.gui.GuiGraphics,xiaocaoawa.minecraft.mod.cobblebattle.network.RoomListPayload.Room,int,int,float)","floorY","floorY","待命名"
"src/main/java/xiaocaoawa/minecraft/mod/cobblebattle/client/RoomLobbyScreen.java","329","LOCAL_VARIABLE","drawHostAndLead(net.minecraft.client.gui.GuiGraphics,xiaocaoawa.minecraft.mod.cobblebattle.network.RoomListPayload.Room,int,int,float)","portrait","portrait","待命名"
"src/main/java/xiaocaoawa/minecraft/mod/cobblebattle/client/RoomLobbyScreen.java","329","PARAMETER","drawHostAndLead(net.minecraft.client.gui.GuiGraphics,xiaocaoawa.minecraft.mod.cobblebattle.network.RoomListPayload.Room,int,int,float)","key","key","待命名"
"src/main/java/xiaocaoawa/minecraft/mod/cobblebattle/client/RoomLobbyScreen.java","334","LOCAL_VARIABLE","drawHostAndLead(net.minecraft.client.gui.GuiGraphics,xiaocaoawa.minecraft.mod.cobblebattle.network.RoomListPayload.Room,int,int,float)","lead","lead","待命名"
"src/main/java/xiaocaoawa/minecraft/mod/cobblebattle/client/RoomLobbyScreen.java","336","LOCAL_VARIABLE","drawHostAndLead(net.minecraft.client.gui.GuiGraphics,xiaocaoawa.minecraft.mod.cobblebattle.network.RoomListPayload.Room,int,int,float)","state","state","待命名"
"src/main/java/xiaocaoawa/minecraft/mod/cobblebattle/client/RoomLobbyScreen.java","336","PARAMETER","drawHostAndLead(net.minecraft.client.gui.GuiGraphics,xiaocaoawa.minecraft.mod.cobblebattle.network.RoomListPayload.Room,int,int,float)","id","id","待命名"
"src/main/java/xiaocaoawa/minecraft/mod/cobblebattle/client/RoomLobbyScreen.java","339","LOCAL_VARIABLE","drawHostAndLead(net.minecraft.client.gui.GuiGraphics,xiaocaoawa.minecraft.mod.cobblebattle.network.RoomListPayload.Room,int,int,float)","rotation","rotation","待命名"
"src/main/java/xiaocaoawa/minecraft/mod/cobblebattle/client/RoomLobbyScreen.java","340","LOCAL_VARIABLE","drawHostAndLead(net.minecraft.client.gui.GuiGraphics,xiaocaoawa.minecraft.mod.cobblebattle.network.RoomListPayload.Room,int,int,float)","blocks","blocks","待命名"
"src/main/java/xiaocaoawa/minecraft/mod/cobblebattle/client/RoomLobbyScreen.java","341","LOCAL_VARIABLE","drawHostAndLead(net.minecraft.client.gui.GuiGraphics,xiaocaoawa.minecraft.mod.cobblebattle.network.RoomListPayload.Room,int,int,float)","scale","scale","待命名"
"src/main/java/xiaocaoawa/minecraft/mod/cobblebattle/client/RoomLobbyScreen.java","354","METHOD","xiaocaoawa.minecraft.mod.cobblebattle.client.RoomLobbyScreen","hostKey","hostKey","待命名"
"src/main/java/xiaocaoawa/minecraft/mod/cobblebattle/client/RoomLobbyScreen.java","354","PARAMETER","hostKey(xiaocaoawa.minecraft.mod.cobblebattle.network.RoomListPayload.Room)","room","room","待命名"
"src/main/java/xiaocaoawa/minecraft/mod/cobblebattle/client/RoomLobbyScreen.java","358","METHOD","xiaocaoawa.minecraft.mod.cobblebattle.client.RoomLobbyScreen","leadOf","leadOf","待命名"
"src/main/java/xiaocaoawa/minecraft/mod/cobblebattle/client/RoomLobbyScreen.java","358","PARAMETER","leadOf(xiaocaoawa.minecraft.mod.cobblebattle.network.RoomListPayload.Room)","room","room","待命名"
"src/main/java/xiaocaoawa/minecraft/mod/cobblebattle/client/RoomLobbyScreen.java","359","PARAMETER","leadOf(xiaocaoawa.minecraft.mod.cobblebattle.network.RoomListPayload.Room)","id","id","待命名"
"src/main/java/xiaocaoawa/minecraft/mod/cobblebattle/client/RoomLobbyScreen.java","360","LOCAL_VARIABLE","leadOf(xiaocaoawa.minecraft.mod.cobblebattle.network.RoomListPayload.Room)","species","speciesTemplate","待验证"
"src/main/java/xiaocaoawa/minecraft/mod/cobblebattle/client/RoomLobbyScreen.java","365","METHOD","xiaocaoawa.minecraft.mod.cobblebattle.client.RoomLobbyScreen","drawScrollbar","drawScrollbar","待命名"
"src/main/java/xiaocaoawa/minecraft/mod/cobblebattle/client/RoomLobbyScreen.java","365","PARAMETER","drawScrollbar(net.minecraft.client.gui.GuiGraphics)","graphics","graphics","待命名"
"src/main/java/xiaocaoawa/minecraft/mod/cobblebattle/client/RoomLobbyScreen.java","366","LOCAL_VARIABLE","drawScrollbar(net.minecraft.client.gui.GuiGraphics)","rows","rows","待命名"
"src/main/java/xiaocaoawa/minecraft/mod/cobblebattle/client/RoomLobbyScreen.java","368","LOCAL_VARIABLE","drawScrollbar(net.minecraft.client.gui.GuiGraphics)","top","top","待命名"
"src/main/java/xiaocaoawa/minecraft/mod/cobblebattle/client/RoomLobbyScreen.java","369","LOCAL_VARIABLE","drawScrollbar(net.minecraft.client.gui.GuiGraphics)","height","height","待命名"
"src/main/java/xiaocaoawa/minecraft/mod/cobblebattle/client/RoomLobbyScreen.java","370","LOCAL_VARIABLE","drawScrollbar(net.minecraft.client.gui.GuiGraphics)","x","x","待命名"
"src/main/java/xiaocaoawa/minecraft/mod/cobblebattle/client/RoomLobbyScreen.java","372","LOCAL_VARIABLE","drawScrollbar(net.minecraft.client.gui.GuiGraphics)","thumb","thumb","待命名"
"src/main/java/xiaocaoawa/minecraft/mod/cobblebattle/client/RoomLobbyScreen.java","373","LOCAL_VARIABLE","drawScrollbar(net.minecraft.client.gui.GuiGraphics)","travel","travel","待命名"
"src/main/java/xiaocaoawa/minecraft/mod/cobblebattle/client/RoomLobbyScreen.java","374","LOCAL_VARIABLE","drawScrollbar(net.minecraft.client.gui.GuiGraphics)","at","at","待命名"
"src/main/java/xiaocaoawa/minecraft/mod/cobblebattle/client/RoomLobbyScreen.java","379","METHOD","xiaocaoawa.minecraft.mod.cobblebattle.client.RoomLobbyScreen","drawForm","drawForm","待命名"
"src/main/java/xiaocaoawa/minecraft/mod/cobblebattle/client/RoomLobbyScreen.java","379","PARAMETER","drawForm(net.minecraft.client.gui.GuiGraphics,int,int,float)","graphics","graphics","待命名"
"src/main/java/xiaocaoawa/minecraft/mod/cobblebattle/client/RoomLobbyScreen.java","379","PARAMETER","drawForm(net.minecraft.client.gui.GuiGraphics,int,int,float)","mouseX","mouseX","待命名"
"src/main/java/xiaocaoawa/minecraft/mod/cobblebattle/client/RoomLobbyScreen.java","379","PARAMETER","drawForm(net.minecraft.client.gui.GuiGraphics,int,int,float)","mouseY","mouseY","待命名"
"src/main/java/xiaocaoawa/minecraft/mod/cobblebattle/client/RoomLobbyScreen.java","379","PARAMETER","drawForm(net.minecraft.client.gui.GuiGraphics,int,int,float)","partialTick","partialTick","待命名"
"src/main/java/xiaocaoawa/minecraft/mod/cobblebattle/client/RoomLobbyScreen.java","382","LOCAL_VARIABLE","drawForm(net.minecraft.client.gui.GuiGraphics,int,int,float)","creating","creating","待命名"
"src/main/java/xiaocaoawa/minecraft/mod/cobblebattle/client/RoomLobbyScreen.java","383","LOCAL_VARIABLE","drawForm(net.minecraft.client.gui.GuiGraphics,int,int,float)","inviting","inviting","待命名"
"src/main/java/xiaocaoawa/minecraft/mod/cobblebattle/client/RoomLobbyScreen.java","454","METHOD","xiaocaoawa.minecraft.mod.cobblebattle.client.RoomLobbyScreen","label","label","待命名"
"src/main/java/xiaocaoawa/minecraft/mod/cobblebattle/client/RoomLobbyScreen.java","454","PARAMETER","label(net.minecraft.client.gui.GuiGraphics,java.lang.String,int)","graphics","graphics","待命名"
"src/main/java/xiaocaoawa/minecraft/mod/cobblebattle/client/RoomLobbyScreen.java","454","PARAMETER","label(net.minecraft.client.gui.GuiGraphics,java.lang.String,int)","key","key","待命名"
"src/main/java/xiaocaoawa/minecraft/mod/cobblebattle/client/RoomLobbyScreen.java","454","PARAMETER","label(net.minecraft.client.gui.GuiGraphics,java.lang.String,int)","y","y","待命名"
"src/main/java/xiaocaoawa/minecraft/mod/cobblebattle/client/RoomLobbyScreen.java","458","METHOD","xiaocaoawa.minecraft.mod.cobblebattle.client.RoomLobbyScreen","picker","picker","待命名"
"src/main/java/xiaocaoawa/minecraft/mod/cobblebattle/client/RoomLobbyScreen.java","458","PARAMETER","picker(net.minecraft.client.gui.GuiGraphics,int,int,int,net.minecraft.network.chat.Component)","graphics","graphics","待命名"
"src/main/java/xiaocaoawa/minecraft/mod/cobblebattle/client/RoomLobbyScreen.java","458","PARAMETER","picker(net.minecraft.client.gui.GuiGraphics,int,int,int,net.minecraft.network.chat.Component)","mouseX","mouseX","待命名"
"src/main/java/xiaocaoawa/minecraft/mod/cobblebattle/client/RoomLobbyScreen.java","458","PARAMETER","picker(net.minecraft.client.gui.GuiGraphics,int,int,int,net.minecraft.network.chat.Component)","mouseY","mouseY","待命名"
"src/main/java/xiaocaoawa/minecraft/mod/cobblebattle/client/RoomLobbyScreen.java","458","PARAMETER","picker(net.minecraft.client.gui.GuiGraphics,int,int,int,net.minecraft.network.chat.Component)","y","y","待命名"
"src/main/java/xiaocaoawa/minecraft/mod/cobblebattle/client/RoomLobbyScreen.java","458","PARAMETER","picker(net.minecraft.client.gui.GuiGraphics,int,int,int,net.minecraft.network.chat.Component)","value","value","待命名"
"src/main/java/xiaocaoawa/minecraft/mod/cobblebattle/client/RoomLobbyScreen.java","459","LOCAL_VARIABLE","picker(net.minecraft.client.gui.GuiGraphics,int,int,int,net.minecraft.network.chat.Component)","left","left","待命名"
"src/main/java/xiaocaoawa/minecraft/mod/cobblebattle/client/RoomLobbyScreen.java","460","LOCAL_VARIABLE","picker(net.minecraft.client.gui.GuiGraphics,int,int,int,net.minecraft.network.chat.Component)","right","right","待命名"
"src/main/java/xiaocaoawa/minecraft/mod/cobblebattle/client/RoomLobbyScreen.java","468","METHOD","xiaocaoawa.minecraft.mod.cobblebattle.client.RoomLobbyScreen","button","button","待命名"
"src/main/java/xiaocaoawa/minecraft/mod/cobblebattle/client/RoomLobbyScreen.java","468","PARAMETER","button(net.minecraft.client.gui.GuiGraphics,int,int,int,int,net.minecraft.network.chat.Component)","graphics","graphics","待命名"
"src/main/java/xiaocaoawa/minecraft/mod/cobblebattle/client/RoomLobbyScreen.java","468","PARAMETER","button(net.minecraft.client.gui.GuiGraphics,int,int,int,int,net.minecraft.network.chat.Component)","mouseX","mouseX","待命名"
"src/main/java/xiaocaoawa/minecraft/mod/cobblebattle/client/RoomLobbyScreen.java","468","PARAMETER","button(net.minecraft.client.gui.GuiGraphics,int,int,int,int,net.minecraft.network.chat.Component)","mouseY","mouseY","待命名"
"src/main/java/xiaocaoawa/minecraft/mod/cobblebattle/client/RoomLobbyScreen.java","468","PARAMETER","button(net.minecraft.client.gui.GuiGraphics,int,int,int,int,net.minecraft.network.chat.Component)","x","x","待命名"
"src/main/java/xiaocaoawa/minecraft/mod/cobblebattle/client/RoomLobbyScreen.java","468","PARAMETER","button(net.minecraft.client.gui.GuiGraphics,int,int,int,int,net.minecraft.network.chat.Component)","y","y","待命名"
"src/main/java/xiaocaoawa/minecraft/mod/cobblebattle/client/RoomLobbyScreen.java","468","PARAMETER","button(net.minecraft.client.gui.GuiGraphics,int,int,int,int,net.minecraft.network.chat.Component)","label","label","待命名"
"src/main/java/xiaocaoawa/minecraft/mod/cobblebattle/client/RoomLobbyScreen.java","472","METHOD","xiaocaoawa.minecraft.mod.cobblebattle.client.RoomLobbyScreen","box","box","待命名"
"src/main/java/xiaocaoawa/minecraft/mod/cobblebattle/client/RoomLobbyScreen.java","472","PARAMETER","box(net.minecraft.client.gui.GuiGraphics,int,int,int,int,int,int,net.minecraft.network.chat.Component)","graphics","graphics","待命名"
"src/main/java/xiaocaoawa/minecraft/mod/cobblebattle/client/RoomLobbyScreen.java","472","PARAMETER","box(net.minecraft.client.gui.GuiGraphics,int,int,int,int,int,int,net.minecraft.network.chat.Component)","mouseX","mouseX","待命名"
"src/main/java/xiaocaoawa/minecraft/mod/cobblebattle/client/RoomLobbyScreen.java","472","PARAMETER","box(net.minecraft.client.gui.GuiGraphics,int,int,int,int,int,int,net.minecraft.network.chat.Component)","mouseY","mouseY","待命名"
"src/main/java/xiaocaoawa/minecraft/mod/cobblebattle/client/RoomLobbyScreen.java","472","PARAMETER","box(net.minecraft.client.gui.GuiGraphics,int,int,int,int,int,int,net.minecraft.network.chat.Component)","x","x","待命名"
"src/main/java/xiaocaoawa/minecraft/mod/cobblebattle/client/RoomLobbyScreen.java","472","PARAMETER","box(net.minecraft.client.gui.GuiGraphics,int,int,int,int,int,int,net.minecraft.network.chat.Component)","y","y","待命名"
"src/main/java/xiaocaoawa/minecraft/mod/cobblebattle/client/RoomLobbyScreen.java","472","PARAMETER","box(net.minecraft.client.gui.GuiGraphics,int,int,int,int,int,int,net.minecraft.network.chat.Component)","w","w","待命名"
"src/main/java/xiaocaoawa/minecraft/mod/cobblebattle/client/RoomLobbyScreen.java","472","PARAMETER","box(net.minecraft.client.gui.GuiGraphics,int,int,int,int,int,int,net.minecraft.network.chat.Component)","h","h","待命名"
"src/main/java/xiaocaoawa/minecraft/mod/cobblebattle/client/RoomLobbyScreen.java","472","PARAMETER","box(net.minecraft.client.gui.GuiGraphics,int,int,int,int,int,int,net.minecraft.network.chat.Component)","label","label","待命名"
"src/main/java/xiaocaoawa/minecraft/mod/cobblebattle/client/RoomLobbyScreen.java","473","LOCAL_VARIABLE","box(net.minecraft.client.gui.GuiGraphics,int,int,int,int,int,int,net.minecraft.network.chat.Component)","hover","hover","待命名"
"src/main/java/xiaocaoawa/minecraft/mod/cobblebattle/client/RoomLobbyScreen.java","482","METHOD","xiaocaoawa.minecraft.mod.cobblebattle.client.RoomLobbyScreen","openCreate","openCreate","待命名"
"src/main/java/xiaocaoawa/minecraft/mod/cobblebattle/client/RoomLobbyScreen.java","488","METHOD","xiaocaoawa.minecraft.mod.cobblebattle.client.RoomLobbyScreen","openPassword","openPassword","待命名"
"src/main/java/xiaocaoawa/minecraft/mod/cobblebattle/client/RoomLobbyScreen.java","488","PARAMETER","openPassword(xiaocaoawa.minecraft.mod.cobblebattle.network.RoomListPayload.Room)","room","room","待命名"
"src/main/java/xiaocaoawa/minecraft/mod/cobblebattle/client/RoomLobbyScreen.java","494","METHOD","xiaocaoawa.minecraft.mod.cobblebattle.client.RoomLobbyScreen","openInvite","openInvite","待命名"
"src/main/java/xiaocaoawa/minecraft/mod/cobblebattle/client/RoomLobbyScreen.java","500","METHOD","xiaocaoawa.minecraft.mod.cobblebattle.client.RoomLobbyScreen","closeForm","closeForm","待命名"
"src/main/java/xiaocaoawa/minecraft/mod/cobblebattle/client/RoomLobbyScreen.java","506","METHOD","xiaocaoawa.minecraft.mod.cobblebattle.client.RoomLobbyScreen","submitForm","submitForm","待命名"
"src/main/java/xiaocaoawa/minecraft/mod/cobblebattle/client/RoomLobbyScreen.java","508","LOCAL_VARIABLE","submitForm()","name","name","待命名"
"src/main/java/xiaocaoawa/minecraft/mod/cobblebattle/client/RoomLobbyScreen.java","531","LOCAL_VARIABLE","submitForm()","code","code","待命名"
"src/main/java/xiaocaoawa/minecraft/mod/cobblebattle/client/RoomLobbyScreen.java","542","METHOD","xiaocaoawa.minecraft.mod.cobblebattle.client.RoomLobbyScreen","rowCount","rowCount","待命名"
"src/main/java/xiaocaoawa/minecraft/mod/cobblebattle/client/RoomLobbyScreen.java","546","METHOD","xiaocaoawa.minecraft.mod.cobblebattle.client.RoomLobbyScreen","cardX","cardX","待命名"
"src/main/java/xiaocaoawa/minecraft/mod/cobblebattle/client/RoomLobbyScreen.java","546","PARAMETER","cardX(int)","col","col","待命名"
"src/main/java/xiaocaoawa/minecraft/mod/cobblebattle/client/RoomLobbyScreen.java","550","METHOD","xiaocaoawa.minecraft.mod.cobblebattle.client.RoomLobbyScreen","cardY","cardY","待命名"
"src/main/java/xiaocaoawa/minecraft/mod/cobblebattle/client/RoomLobbyScreen.java","550","PARAMETER","cardY(int)","row","row","待命名"
"src/main/java/xiaocaoawa/minecraft/mod/cobblebattle/client/RoomLobbyScreen.java","554","METHOD","xiaocaoawa.minecraft.mod.cobblebattle.client.RoomLobbyScreen","cardAt","cardAt","待命名"
"src/main/java/xiaocaoawa/minecraft/mod/cobblebattle/client/RoomLobbyScreen.java","554","PARAMETER","cardAt(double,double)","mouseX","mouseX","待命名"
"src/main/java/xiaocaoawa/minecraft/mod/cobblebattle/client/RoomLobbyScreen.java","554","PARAMETER","cardAt(double,double)","mouseY","mouseY","待命名"
"src/main/java/xiaocaoawa/minecraft/mod/cobblebattle/client/RoomLobbyScreen.java","555","LOCAL_VARIABLE","cardAt(double,double)","slot","slot","待命名"
"src/main/java/xiaocaoawa/minecraft/mod/cobblebattle/client/RoomLobbyScreen.java","556","LOCAL_VARIABLE","cardAt(double,double)","x","x","待命名"
"src/main/java/xiaocaoawa/minecraft/mod/cobblebattle/client/RoomLobbyScreen.java","557","LOCAL_VARIABLE","cardAt(double,double)","y","y","待命名"
"src/main/java/xiaocaoawa/minecraft/mod/cobblebattle/client/RoomLobbyScreen.java","559","LOCAL_VARIABLE","cardAt(double,double)","index","index","待命名"
"src/main/java/xiaocaoawa/minecraft/mod/cobblebattle/client/RoomLobbyScreen.java","567","METHOD","xiaocaoawa.minecraft.mod.cobblebattle.client.RoomLobbyScreen","inCreate","inCreate","待命名"
"src/main/java/xiaocaoawa/minecraft/mod/cobblebattle/client/RoomLobbyScreen.java","567","PARAMETER","inCreate(double,double)","mouseX","mouseX","待命名"
"src/main/java/xiaocaoawa/minecraft/mod/cobblebattle/client/RoomLobbyScreen.java","567","PARAMETER","inCreate(double,double)","mouseY","mouseY","待命名"
"src/main/java/xiaocaoawa/minecraft/mod/cobblebattle/client/RoomLobbyScreen.java","568","LOCAL_VARIABLE","inCreate(double,double)","x","x","待命名"
"src/main/java/xiaocaoawa/minecraft/mod/cobblebattle/client/RoomLobbyScreen.java","569","LOCAL_VARIABLE","inCreate(double,double)","y","y","待命名"
"src/main/java/xiaocaoawa/minecraft/mod/cobblebattle/client/RoomLobbyScreen.java","573","METHOD","xiaocaoawa.minecraft.mod.cobblebattle.client.RoomLobbyScreen","inInvite","inInvite","待命名"
"src/main/java/xiaocaoawa/minecraft/mod/cobblebattle/client/RoomLobbyScreen.java","573","PARAMETER","inInvite(double,double)","mouseX","mouseX","待命名"
"src/main/java/xiaocaoawa/minecraft/mod/cobblebattle/client/RoomLobbyScreen.java","573","PARAMETER","inInvite(double,double)","mouseY","mouseY","待命名"
"src/main/java/xiaocaoawa/minecraft/mod/cobblebattle/client/RoomLobbyScreen.java","574","LOCAL_VARIABLE","inInvite(double,double)","x","x","待命名"
"src/main/java/xiaocaoawa/minecraft/mod/cobblebattle/client/RoomLobbyScreen.java","575","LOCAL_VARIABLE","inInvite(double,double)","y","y","待命名"
"src/main/java/xiaocaoawa/minecraft/mod/cobblebattle/client/RoomLobbyScreen.java","579","PARAMETER","mouseClicked(double,double,int)","mouseX","mouseX","待命名"
"src/main/java/xiaocaoawa/minecraft/mod/cobblebattle/client/RoomLobbyScreen.java","579","PARAMETER","mouseClicked(double,double,int)","mouseY","mouseY","待命名"
"src/main/java/xiaocaoawa/minecraft/mod/cobblebattle/client/RoomLobbyScreen.java","579","PARAMETER","mouseClicked(double,double,int)","button","button","待命名"
"src/main/java/xiaocaoawa/minecraft/mod/cobblebattle/client/RoomLobbyScreen.java","599","LOCAL_VARIABLE","mouseClicked(double,double,int)","index","index","待命名"
"src/main/java/xiaocaoawa/minecraft/mod/cobblebattle/client/RoomLobbyScreen.java","601","LOCAL_VARIABLE","mouseClicked(double,double,int)","room","room","待命名"
"src/main/java/xiaocaoawa/minecraft/mod/cobblebattle/client/RoomLobbyScreen.java","616","METHOD","xiaocaoawa.minecraft.mod.cobblebattle.client.RoomLobbyScreen","formClicked","formClicked","待命名"
"src/main/java/xiaocaoawa/minecraft/mod/cobblebattle/client/RoomLobbyScreen.java","616","PARAMETER","formClicked(double,double,int)","mouseX","mouseX","待命名"
"src/main/java/xiaocaoawa/minecraft/mod/cobblebattle/client/RoomLobbyScreen.java","616","PARAMETER","formClicked(double,double,int)","mouseY","mouseY","待命名"
"src/main/java/xiaocaoawa/minecraft/mod/cobblebattle/client/RoomLobbyScreen.java","616","PARAMETER","formClicked(double,double,int)","button","button","待命名"
"src/main/java/xiaocaoawa/minecraft/mod/cobblebattle/client/RoomLobbyScreen.java","619","LOCAL_VARIABLE","formClicked(double,double,int)","left","left","待命名"
"src/main/java/xiaocaoawa/minecraft/mod/cobblebattle/client/RoomLobbyScreen.java","620","LOCAL_VARIABLE","formClicked(double,double,int)","right","right","待命名"
"src/main/java/xiaocaoawa/minecraft/mod/cobblebattle/client/RoomLobbyScreen.java","621","LOCAL_VARIABLE","formClicked(double,double,int)","typeY","typeY","待命名"
"src/main/java/xiaocaoawa/minecraft/mod/cobblebattle/client/RoomLobbyScreen.java","622","LOCAL_VARIABLE","formClicked(double,double,int)","pickY","pickY","待命名"
"src/main/java/xiaocaoawa/minecraft/mod/cobblebattle/client/RoomLobbyScreen.java","623","LOCAL_VARIABLE","formClicked(double,double,int)","levelY","levelY","待命名"
"src/main/java/xiaocaoawa/minecraft/mod/cobblebattle/client/RoomLobbyScreen.java","624","LOCAL_VARIABLE","formClicked(double,double,int)","healY","healY","待命名"
"src/main/java/xiaocaoawa/minecraft/mod/cobblebattle/client/RoomLobbyScreen.java","625","LOCAL_VARIABLE","formClicked(double,double,int)","engineY","engineY","待命名"
"src/main/java/xiaocaoawa/minecraft/mod/cobblebattle/client/RoomLobbyScreen.java","668","LOCAL_VARIABLE","formClicked(double,double,int)","legalityY","legalityY","待命名"
"src/main/java/xiaocaoawa/minecraft/mod/cobblebattle/client/RoomLobbyScreen.java","690","METHOD","xiaocaoawa.minecraft.mod.cobblebattle.client.RoomLobbyScreen","hit","hit","待命名"
"src/main/java/xiaocaoawa/minecraft/mod/cobblebattle/client/RoomLobbyScreen.java","690","PARAMETER","hit(double,double,int,int,int,int)","mx","mx","待命名"
"src/main/java/xiaocaoawa/minecraft/mod/cobblebattle/client/RoomLobbyScreen.java","690","PARAMETER","hit(double,double,int,int,int,int)","my","my","待命名"
"src/main/java/xiaocaoawa/minecraft/mod/cobblebattle/client/RoomLobbyScreen.java","690","PARAMETER","hit(double,double,int,int,int,int)","x","x","待命名"
"src/main/java/xiaocaoawa/minecraft/mod/cobblebattle/client/RoomLobbyScreen.java","690","PARAMETER","hit(double,double,int,int,int,int)","y","y","待命名"
"src/main/java/xiaocaoawa/minecraft/mod/cobblebattle/client/RoomLobbyScreen.java","690","PARAMETER","hit(double,double,int,int,int,int)","w","w","待命名"
"src/main/java/xiaocaoawa/minecraft/mod/cobblebattle/client/RoomLobbyScreen.java","690","PARAMETER","hit(double,double,int,int,int,int)","h","h","待命名"
"src/main/java/xiaocaoawa/minecraft/mod/cobblebattle/client/RoomLobbyScreen.java","694","PARAMETER","keyPressed(int,int,int)","keyCode","keyCode","待命名"
"src/main/java/xiaocaoawa/minecraft/mod/cobblebattle/client/RoomLobbyScreen.java","694","PARAMETER","keyPressed(int,int,int)","scanCode","scanCode","待命名"
"src/main/java/xiaocaoawa/minecraft/mod/cobblebattle/client/RoomLobbyScreen.java","694","PARAMETER","keyPressed(int,int,int)","modifiers","modifiers","待命名"
"src/main/java/xiaocaoawa/minecraft/mod/cobblebattle/client/RoomLobbyScreen.java","710","PARAMETER","mouseScrolled(double,double,double,double)","mouseX","mouseX","待命名"
"src/main/java/xiaocaoawa/minecraft/mod/cobblebattle/client/RoomLobbyScreen.java","710","PARAMETER","mouseScrolled(double,double,double,double)","mouseY","mouseY","待命名"
"src/main/java/xiaocaoawa/minecraft/mod/cobblebattle/client/RoomLobbyScreen.java","710","PARAMETER","mouseScrolled(double,double,double,double)","amountX","amountX","待命名"
"src/main/java/xiaocaoawa/minecraft/mod/cobblebattle/client/RoomLobbyScreen.java","710","PARAMETER","mouseScrolled(double,double,double,double)","amountY","amountY","待命名"
"src/main/java/xiaocaoawa/minecraft/mod/cobblebattle/client/RoomLobbyScreen.java","714","LOCAL_VARIABLE","mouseScrolled(double,double,double,double)","max","max","待命名"
"src/main/java/xiaocaoawa/minecraft/mod/cobblebattle/client/RoomLobbyScreen.java","720","METHOD","xiaocaoawa.minecraft.mod.cobblebattle.client.RoomLobbyScreen","send","send","待命名"
"src/main/java/xiaocaoawa/minecraft/mod/cobblebattle/client/RoomLobbyScreen.java","720","PARAMETER","send(xiaocaoawa.minecraft.mod.cobblebattle.network.RoomActionPayload)","action","action","待命名"
"src/main/java/xiaocaoawa/minecraft/mod/cobblebattle/client/RoomScreen.java","30","FIELD","xiaocaoawa.minecraft.mod.cobblebattle.client.RoomScreen","BASE","BASE","待命名"
"src/main/java/xiaocaoawa/minecraft/mod/cobblebattle/client/RoomScreen.java","31","FIELD","xiaocaoawa.minecraft.mod.cobblebattle.client.RoomScreen","SCREEN","SCREEN","待命名"
"src/main/java/xiaocaoawa/minecraft/mod/cobblebattle/client/RoomScreen.java","32","FIELD","xiaocaoawa.minecraft.mod.cobblebattle.client.RoomScreen","PLATFORM","PLATFORM","待命名"
"src/main/java/xiaocaoawa/minecraft/mod/cobblebattle/client/RoomScreen.java","33","FIELD","xiaocaoawa.minecraft.mod.cobblebattle.client.RoomScreen","PLATFORM_SHADOW","PLATFORM_SHADOW","待命名"
"src/main/java/xiaocaoawa/minecraft/mod/cobblebattle/client/RoomScreen.java","34","FIELD","xiaocaoawa.minecraft.mod.cobblebattle.client.RoomScreen","WIDTH","WIDTH","待命名"
"src/main/java/xiaocaoawa/minecraft/mod/cobblebattle/client/RoomScreen.java","35","FIELD","xiaocaoawa.minecraft.mod.cobblebattle.client.RoomScreen","HEIGHT","HEIGHT","待命名"
"src/main/java/xiaocaoawa/minecraft/mod/cobblebattle/client/RoomScreen.java","36","FIELD","xiaocaoawa.minecraft.mod.cobblebattle.client.RoomScreen","HOLE_X","HOLE_X","待命名"
"src/main/java/xiaocaoawa/minecraft/mod/cobblebattle/client/RoomScreen.java","37","FIELD","xiaocaoawa.minecraft.mod.cobblebattle.client.RoomScreen","HOLE_Y","HOLE_Y","待命名"
"src/main/java/xiaocaoawa/minecraft/mod/cobblebattle/client/RoomScreen.java","38","FIELD","xiaocaoawa.minecraft.mod.cobblebattle.client.RoomScreen","HOLE_W","HOLE_W","待命名"
"src/main/java/xiaocaoawa/minecraft/mod/cobblebattle/client/RoomScreen.java","39","FIELD","xiaocaoawa.minecraft.mod.cobblebattle.client.RoomScreen","HOLE_H","HOLE_H","待命名"
"src/main/java/xiaocaoawa/minecraft/mod/cobblebattle/client/RoomScreen.java","40","FIELD","xiaocaoawa.minecraft.mod.cobblebattle.client.RoomScreen","TITLE_X","TITLE_X","待命名"
"src/main/java/xiaocaoawa/minecraft/mod/cobblebattle/client/RoomScreen.java","41","FIELD","xiaocaoawa.minecraft.mod.cobblebattle.client.RoomScreen","TITLE_Y","TITLE_Y","待命名"
"src/main/java/xiaocaoawa/minecraft/mod/cobblebattle/client/RoomScreen.java","42","FIELD","xiaocaoawa.minecraft.mod.cobblebattle.client.RoomScreen","SEAT_W","SEAT_W","待命名"
"src/main/java/xiaocaoawa/minecraft/mod/cobblebattle/client/RoomScreen.java","43","FIELD","xiaocaoawa.minecraft.mod.cobblebattle.client.RoomScreen","SEAT_Y","SEAT_Y","待命名"
"src/main/java/xiaocaoawa/minecraft/mod/cobblebattle/client/RoomScreen.java","44","FIELD","xiaocaoawa.minecraft.mod.cobblebattle.client.RoomScreen","SEAT_H","SEAT_H","待命名"
"src/main/java/xiaocaoawa/minecraft/mod/cobblebattle/client/RoomScreen.java","45","FIELD","xiaocaoawa.minecraft.mod.cobblebattle.client.RoomScreen","LEFT_X","LEFT_X","待命名"
"src/main/java/xiaocaoawa/minecraft/mod/cobblebattle/client/RoomScreen.java","46","FIELD","xiaocaoawa.minecraft.mod.cobblebattle.client.RoomScreen","RIGHT_X","RIGHT_X","待命名"
"src/main/java/xiaocaoawa/minecraft/mod/cobblebattle/client/RoomScreen.java","47","FIELD","xiaocaoawa.minecraft.mod.cobblebattle.client.RoomScreen","NAME_H","NAME_H","待命名"
"src/main/java/xiaocaoawa/minecraft/mod/cobblebattle/client/RoomScreen.java","48","FIELD","xiaocaoawa.minecraft.mod.cobblebattle.client.RoomScreen","FLOOR_Y","FLOOR_Y","待命名"
"src/main/java/xiaocaoawa/minecraft/mod/cobblebattle/client/RoomScreen.java","49","FIELD","xiaocaoawa.minecraft.mod.cobblebattle.client.RoomScreen","PLATFORM_H","PLATFORM_H","待命名"
"src/main/java/xiaocaoawa/minecraft/mod/cobblebattle/client/RoomScreen.java","50","FIELD","xiaocaoawa.minecraft.mod.cobblebattle.client.RoomScreen","PLATFORM_Y","PLATFORM_Y","待命名"
"src/main/java/xiaocaoawa/minecraft/mod/cobblebattle/client/RoomScreen.java","51","FIELD","xiaocaoawa.minecraft.mod.cobblebattle.client.RoomScreen","PLAYER_SIZE","PARTICIPANT_SIZE","待验证"
"src/main/java/xiaocaoawa/minecraft/mod/cobblebattle/client/RoomScreen.java","52","FIELD","xiaocaoawa.minecraft.mod.cobblebattle.client.RoomScreen","SHADOW_W","SHADOW_W","待命名"
"src/main/java/xiaocaoawa/minecraft/mod/cobblebattle/client/RoomScreen.java","53","FIELD","xiaocaoawa.minecraft.mod.cobblebattle.client.RoomScreen","SHADOW_H","SHADOW_H","待命名"
"src/main/java/xiaocaoawa/minecraft/mod/cobblebattle/client/RoomScreen.java","54","FIELD","xiaocaoawa.minecraft.mod.cobblebattle.client.RoomScreen","UNKNOWN_H","UNKNOWN_H","待命名"
"src/main/java/xiaocaoawa/minecraft/mod/cobblebattle/client/RoomScreen.java","55","FIELD","xiaocaoawa.minecraft.mod.cobblebattle.client.RoomScreen","POKEMON_OFFSET","CREATURE_OFFSET","待验证"
"src/main/java/xiaocaoawa/minecraft/mod/cobblebattle/client/RoomScreen.java","56","FIELD","xiaocaoawa.minecraft.mod.cobblebattle.client.RoomScreen","BENCH_X","BENCH_X","待命名"
"src/main/java/xiaocaoawa/minecraft/mod/cobblebattle/client/RoomScreen.java","57","FIELD","xiaocaoawa.minecraft.mod.cobblebattle.client.RoomScreen","BENCH_Y","BENCH_Y","待命名"
"src/main/java/xiaocaoawa/minecraft/mod/cobblebattle/client/RoomScreen.java","58","FIELD","xiaocaoawa.minecraft.mod.cobblebattle.client.RoomScreen","BENCH_W","BENCH_W","待命名"
"src/main/java/xiaocaoawa/minecraft/mod/cobblebattle/client/RoomScreen.java","59","FIELD","xiaocaoawa.minecraft.mod.cobblebattle.client.RoomScreen","BENCH_H","BENCH_H","待命名"
"src/main/java/xiaocaoawa/minecraft/mod/cobblebattle/client/RoomScreen.java","60","FIELD","xiaocaoawa.minecraft.mod.cobblebattle.client.RoomScreen","START_X","START_X","待命名"
"src/main/java/xiaocaoawa/minecraft/mod/cobblebattle/client/RoomScreen.java","61","FIELD","xiaocaoawa.minecraft.mod.cobblebattle.client.RoomScreen","START_Y","START_Y","待命名"
"src/main/java/xiaocaoawa/minecraft/mod/cobblebattle/client/RoomScreen.java","62","FIELD","xiaocaoawa.minecraft.mod.cobblebattle.client.RoomScreen","START_W","START_W","待命名"
"src/main/java/xiaocaoawa/minecraft/mod/cobblebattle/client/RoomScreen.java","63","FIELD","xiaocaoawa.minecraft.mod.cobblebattle.client.RoomScreen","START_H","START_H","待命名"
"src/main/java/xiaocaoawa/minecraft/mod/cobblebattle/client/RoomScreen.java","64","FIELD","xiaocaoawa.minecraft.mod.cobblebattle.client.RoomScreen","INVITE_X","INVITE_X","待命名"
"src/main/java/xiaocaoawa/minecraft/mod/cobblebattle/client/RoomScreen.java","65","FIELD","xiaocaoawa.minecraft.mod.cobblebattle.client.RoomScreen","INVITE_Y","INVITE_Y","待命名"
"src/main/java/xiaocaoawa/minecraft/mod/cobblebattle/client/RoomScreen.java","66","FIELD","xiaocaoawa.minecraft.mod.cobblebattle.client.RoomScreen","INVITE_W","INVITE_W","待命名"
"src/main/java/xiaocaoawa/minecraft/mod/cobblebattle/client/RoomScreen.java","67","FIELD","xiaocaoawa.minecraft.mod.cobblebattle.client.RoomScreen","PANEL_HOST","PANEL_HOST","待命名"
"src/main/java/xiaocaoawa/minecraft/mod/cobblebattle/client/RoomScreen.java","68","FIELD","xiaocaoawa.minecraft.mod.cobblebattle.client.RoomScreen","PANEL_GUEST","PANEL_GUEST","待命名"
"src/main/java/xiaocaoawa/minecraft/mod/cobblebattle/client/RoomScreen.java","69","FIELD","xiaocaoawa.minecraft.mod.cobblebattle.client.RoomScreen","PANEL_EMPTY","PANEL_EMPTY","待命名"
"src/main/java/xiaocaoawa/minecraft/mod/cobblebattle/client/RoomScreen.java","70","FIELD","xiaocaoawa.minecraft.mod.cobblebattle.client.RoomScreen","EDGE","EDGE","待命名"
"src/main/java/xiaocaoawa/minecraft/mod/cobblebattle/client/RoomScreen.java","71","FIELD","xiaocaoawa.minecraft.mod.cobblebattle.client.RoomScreen","NAME_HOST","NAME_HOST","待命名"
"src/main/java/xiaocaoawa/minecraft/mod/cobblebattle/client/RoomScreen.java","72","FIELD","xiaocaoawa.minecraft.mod.cobblebattle.client.RoomScreen","NAME_GUEST","NAME_GUEST","待命名"
"src/main/java/xiaocaoawa/minecraft/mod/cobblebattle/client/RoomScreen.java","73","FIELD","xiaocaoawa.minecraft.mod.cobblebattle.client.RoomScreen","TEXT","TEXT","待命名"
"src/main/java/xiaocaoawa/minecraft/mod/cobblebattle/client/RoomScreen.java","74","FIELD","xiaocaoawa.minecraft.mod.cobblebattle.client.RoomScreen","TEXT_SOFT","TEXT_SOFT","待命名"
"src/main/java/xiaocaoawa/minecraft/mod/cobblebattle/client/RoomScreen.java","75","FIELD","xiaocaoawa.minecraft.mod.cobblebattle.client.RoomScreen","START_FILL","START_FILL","待命名"
"src/main/java/xiaocaoawa/minecraft/mod/cobblebattle/client/RoomScreen.java","76","FIELD","xiaocaoawa.minecraft.mod.cobblebattle.client.RoomScreen","START_FILL_HOVER","START_FILL_HOVER","待命名"
"src/main/java/xiaocaoawa/minecraft/mod/cobblebattle/client/RoomScreen.java","77","FIELD","xiaocaoawa.minecraft.mod.cobblebattle.client.RoomScreen","START_FILL_OFF","START_FILL_OFF","待命名"
"src/main/java/xiaocaoawa/minecraft/mod/cobblebattle/client/RoomScreen.java","78","FIELD","xiaocaoawa.minecraft.mod.cobblebattle.client.RoomScreen","state","state","待命名"
"src/main/java/xiaocaoawa/minecraft/mod/cobblebattle/client/RoomScreen.java","79","FIELD","xiaocaoawa.minecraft.mod.cobblebattle.client.RoomScreen","portraits","portraits","待命名"
"src/main/java/xiaocaoawa/minecraft/mod/cobblebattle/client/RoomScreen.java","80","FIELD","xiaocaoawa.minecraft.mod.cobblebattle.client.RoomScreen","leads","leads","待命名"
"src/main/java/xiaocaoawa/minecraft/mod/cobblebattle/client/RoomScreen.java","81","FIELD","xiaocaoawa.minecraft.mod.cobblebattle.client.RoomScreen","poses","poses","待命名"
"src/main/java/xiaocaoawa/minecraft/mod/cobblebattle/client/RoomScreen.java","82","FIELD","xiaocaoawa.minecraft.mod.cobblebattle.client.RoomScreen","originX","originX","待命名"
"src/main/java/xiaocaoawa/minecraft/mod/cobblebattle/client/RoomScreen.java","83","FIELD","xiaocaoawa.minecraft.mod.cobblebattle.client.RoomScreen","originY","originY","待命名"
"src/main/java/xiaocaoawa/minecraft/mod/cobblebattle/client/RoomScreen.java","84","FIELD","xiaocaoawa.minecraft.mod.cobblebattle.client.RoomScreen","starting","starting","待命名"
"src/main/java/xiaocaoawa/minecraft/mod/cobblebattle/client/RoomScreen.java","85","FIELD","xiaocaoawa.minecraft.mod.cobblebattle.client.RoomScreen","START_COOLDOWN_TICKS","START_COOLDOWN_TICKS","待命名"
"src/main/java/xiaocaoawa/minecraft/mod/cobblebattle/client/RoomScreen.java","86","FIELD","xiaocaoawa.minecraft.mod.cobblebattle.client.RoomScreen","copied","copied","待命名"
"src/main/java/xiaocaoawa/minecraft/mod/cobblebattle/client/RoomScreen.java","87","FIELD","xiaocaoawa.minecraft.mod.cobblebattle.client.RoomScreen","COPIED_TICKS","COPIED_TICKS","待命名"
"src/main/java/xiaocaoawa/minecraft/mod/cobblebattle/client/RoomScreen.java","89","PARAMETER","RoomScreen(xiaocaoawa.minecraft.mod.cobblebattle.network.RoomStatePayload)","state","state","待命名"
"src/main/java/xiaocaoawa/minecraft/mod/cobblebattle/client/RoomScreen.java","94","PARAMETER","update(xiaocaoawa.minecraft.mod.cobblebattle.network.RoomStatePayload)","state","state","待命名"
"src/main/java/xiaocaoawa/minecraft/mod/cobblebattle/client/RoomScreen.java","125","PARAMETER","render(net.minecraft.client.gui.GuiGraphics,int,int,float)","graphics","graphics","待命名"
"src/main/java/xiaocaoawa/minecraft/mod/cobblebattle/client/RoomScreen.java","125","PARAMETER","render(net.minecraft.client.gui.GuiGraphics,int,int,float)","mouseX","mouseX","待命名"
"src/main/java/xiaocaoawa/minecraft/mod/cobblebattle/client/RoomScreen.java","125","PARAMETER","render(net.minecraft.client.gui.GuiGraphics,int,int,float)","mouseY","mouseY","待命名"
"src/main/java/xiaocaoawa/minecraft/mod/cobblebattle/client/RoomScreen.java","125","PARAMETER","render(net.minecraft.client.gui.GuiGraphics,int,int,float)","partialTick","partialTick","待命名"
"src/main/java/xiaocaoawa/minecraft/mod/cobblebattle/client/RoomScreen.java","129","LOCAL_VARIABLE","render(net.minecraft.client.gui.GuiGraphics,int,int,float)","left","left","待命名"
"src/main/java/xiaocaoawa/minecraft/mod/cobblebattle/client/RoomScreen.java","130","LOCAL_VARIABLE","render(net.minecraft.client.gui.GuiGraphics,int,int,float)","top","top","待命名"
"src/main/java/xiaocaoawa/minecraft/mod/cobblebattle/client/RoomScreen.java","149","METHOD","xiaocaoawa.minecraft.mod.cobblebattle.client.RoomScreen","drawHeader","drawHeader","待命名"
"src/main/java/xiaocaoawa/minecraft/mod/cobblebattle/client/RoomScreen.java","149","PARAMETER","drawHeader(net.minecraft.client.gui.GuiGraphics)","graphics","graphics","待命名"
"src/main/java/xiaocaoawa/minecraft/mod/cobblebattle/client/RoomScreen.java","151","LOCAL_VARIABLE","drawHeader(net.minecraft.client.gui.GuiGraphics)","type","type","待命名"
"src/main/java/xiaocaoawa/minecraft/mod/cobblebattle/client/RoomScreen.java","152","LOCAL_VARIABLE","drawHeader(net.minecraft.client.gui.GuiGraphics)","level","level","待命名"
"src/main/java/xiaocaoawa/minecraft/mod/cobblebattle/client/RoomScreen.java","155","LOCAL_VARIABLE","drawHeader(net.minecraft.client.gui.GuiGraphics)","parts","parts","待命名"
"src/main/java/xiaocaoawa/minecraft/mod/cobblebattle/client/RoomScreen.java","168","LOCAL_VARIABLE","drawHeader(net.minecraft.client.gui.GuiGraphics)","rules","rules","待命名"
"src/main/java/xiaocaoawa/minecraft/mod/cobblebattle/client/RoomScreen.java","172","METHOD","xiaocaoawa.minecraft.mod.cobblebattle.client.RoomScreen","drawSeat","drawSeat","待命名"
"src/main/java/xiaocaoawa/minecraft/mod/cobblebattle/client/RoomScreen.java","172","PARAMETER","drawSeat(net.minecraft.client.gui.GuiGraphics,int,xiaocaoawa.minecraft.mod.cobblebattle.network.RoomStatePayload.Member,boolean,boolean,float)","graphics","graphics","待命名"
"src/main/java/xiaocaoawa/minecraft/mod/cobblebattle/client/RoomScreen.java","172","PARAMETER","drawSeat(net.minecraft.client.gui.GuiGraphics,int,xiaocaoawa.minecraft.mod.cobblebattle.network.RoomStatePayload.Member,boolean,boolean,float)","x","x","待命名"
"src/main/java/xiaocaoawa/minecraft/mod/cobblebattle/client/RoomScreen.java","172","PARAMETER","drawSeat(net.minecraft.client.gui.GuiGraphics,int,xiaocaoawa.minecraft.mod.cobblebattle.network.RoomStatePayload.Member,boolean,boolean,float)","member","member","待命名"
"src/main/java/xiaocaoawa/minecraft/mod/cobblebattle/client/RoomScreen.java","172","PARAMETER","drawSeat(net.minecraft.client.gui.GuiGraphics,int,xiaocaoawa.minecraft.mod.cobblebattle.network.RoomStatePayload.Member,boolean,boolean,float)","taken","taken","待命名"
"src/main/java/xiaocaoawa/minecraft/mod/cobblebattle/client/RoomScreen.java","172","PARAMETER","drawSeat(net.minecraft.client.gui.GuiGraphics,int,xiaocaoawa.minecraft.mod.cobblebattle.network.RoomStatePayload.Member,boolean,boolean,float)","host","host","待命名"
"src/main/java/xiaocaoawa/minecraft/mod/cobblebattle/client/RoomScreen.java","172","PARAMETER","drawSeat(net.minecraft.client.gui.GuiGraphics,int,xiaocaoawa.minecraft.mod.cobblebattle.network.RoomStatePayload.Member,boolean,boolean,float)","partialTick","partialTick","待命名"
"src/main/java/xiaocaoawa/minecraft/mod/cobblebattle/client/RoomScreen.java","173","LOCAL_VARIABLE","drawSeat(net.minecraft.client.gui.GuiGraphics,int,xiaocaoawa.minecraft.mod.cobblebattle.network.RoomStatePayload.Member,boolean,boolean,float)","px","px","待命名"
"src/main/java/xiaocaoawa/minecraft/mod/cobblebattle/client/RoomScreen.java","174","LOCAL_VARIABLE","drawSeat(net.minecraft.client.gui.GuiGraphics,int,xiaocaoawa.minecraft.mod.cobblebattle.network.RoomStatePayload.Member,boolean,boolean,float)","py","py","待命名"
"src/main/java/xiaocaoawa/minecraft/mod/cobblebattle/client/RoomScreen.java","181","LOCAL_VARIABLE","drawSeat(net.minecraft.client.gui.GuiGraphics,int,xiaocaoawa.minecraft.mod.cobblebattle.network.RoomStatePayload.Member,boolean,boolean,float)","role","role","待命名"
"src/main/java/xiaocaoawa/minecraft/mod/cobblebattle/client/RoomScreen.java","188","LOCAL_VARIABLE","drawSeat(net.minecraft.client.gui.GuiGraphics,int,xiaocaoawa.minecraft.mod.cobblebattle.network.RoomStatePayload.Member,boolean,boolean,float)","name","name","待命名"
"src/main/java/xiaocaoawa/minecraft/mod/cobblebattle/client/RoomScreen.java","200","LOCAL_VARIABLE","drawSeat(net.minecraft.client.gui.GuiGraphics,int,xiaocaoawa.minecraft.mod.cobblebattle.network.RoomStatePayload.Member,boolean,boolean,float)","playerX","participantX","待验证"
"src/main/java/xiaocaoawa/minecraft/mod/cobblebattle/client/RoomScreen.java","201","LOCAL_VARIABLE","drawSeat(net.minecraft.client.gui.GuiGraphics,int,xiaocaoawa.minecraft.mod.cobblebattle.network.RoomStatePayload.Member,boolean,boolean,float)","pokemonX","creatureX","待验证"
"src/main/java/xiaocaoawa/minecraft/mod/cobblebattle/client/RoomScreen.java","204","LOCAL_VARIABLE","drawSeat(net.minecraft.client.gui.GuiGraphics,int,xiaocaoawa.minecraft.mod.cobblebattle.network.RoomStatePayload.Member,boolean,boolean,float)","portrait","portrait","待命名"
"src/main/java/xiaocaoawa/minecraft/mod/cobblebattle/client/RoomScreen.java","209","LOCAL_VARIABLE","drawSeat(net.minecraft.client.gui.GuiGraphics,int,xiaocaoawa.minecraft.mod.cobblebattle.network.RoomStatePayload.Member,boolean,boolean,float)","lead","lead","待命名"
"src/main/java/xiaocaoawa/minecraft/mod/cobblebattle/client/RoomScreen.java","211","LOCAL_VARIABLE","drawSeat(net.minecraft.client.gui.GuiGraphics,int,xiaocaoawa.minecraft.mod.cobblebattle.network.RoomStatePayload.Member,boolean,boolean,float)","pose","pose","待命名"
"src/main/java/xiaocaoawa/minecraft/mod/cobblebattle/client/RoomScreen.java","211","PARAMETER","drawSeat(net.minecraft.client.gui.GuiGraphics,int,xiaocaoawa.minecraft.mod.cobblebattle.network.RoomStatePayload.Member,boolean,boolean,float)","k","k","待命名"
"src/main/java/xiaocaoawa/minecraft/mod/cobblebattle/client/RoomScreen.java","212","LOCAL_VARIABLE","drawSeat(net.minecraft.client.gui.GuiGraphics,int,xiaocaoawa.minecraft.mod.cobblebattle.network.RoomStatePayload.Member,boolean,boolean,float)","blocks","blocks","待命名"
"src/main/java/xiaocaoawa/minecraft/mod/cobblebattle/client/RoomScreen.java","213","LOCAL_VARIABLE","drawSeat(net.minecraft.client.gui.GuiGraphics,int,xiaocaoawa.minecraft.mod.cobblebattle.network.RoomStatePayload.Member,boolean,boolean,float)","scale","scale","待命名"
"src/main/java/xiaocaoawa/minecraft/mod/cobblebattle/client/RoomScreen.java","216","LOCAL_VARIABLE","drawSeat(net.minecraft.client.gui.GuiGraphics,int,xiaocaoawa.minecraft.mod.cobblebattle.network.RoomStatePayload.Member,boolean,boolean,float)","rotation","rotation","待命名"
"src/main/java/xiaocaoawa/minecraft/mod/cobblebattle/client/RoomScreen.java","234","METHOD","xiaocaoawa.minecraft.mod.cobblebattle.client.RoomScreen","drawShadow","drawShadow","待命名"
"src/main/java/xiaocaoawa/minecraft/mod/cobblebattle/client/RoomScreen.java","234","PARAMETER","drawShadow(net.minecraft.client.gui.GuiGraphics,int)","graphics","graphics","待命名"
"src/main/java/xiaocaoawa/minecraft/mod/cobblebattle/client/RoomScreen.java","234","PARAMETER","drawShadow(net.minecraft.client.gui.GuiGraphics,int)","centreX","centreX","待命名"
"src/main/java/xiaocaoawa/minecraft/mod/cobblebattle/client/RoomScreen.java","238","METHOD","xiaocaoawa.minecraft.mod.cobblebattle.client.RoomScreen","drawVersus","drawVersus","待命名"
"src/main/java/xiaocaoawa/minecraft/mod/cobblebattle/client/RoomScreen.java","238","PARAMETER","drawVersus(net.minecraft.client.gui.GuiGraphics)","graphics","graphics","待命名"
"src/main/java/xiaocaoawa/minecraft/mod/cobblebattle/client/RoomScreen.java","239","LOCAL_VARIABLE","drawVersus(net.minecraft.client.gui.GuiGraphics)","vs","vs","待命名"
"src/main/java/xiaocaoawa/minecraft/mod/cobblebattle/client/RoomScreen.java","239","PARAMETER","drawVersus(net.minecraft.client.gui.GuiGraphics)","style","style","待命名"
"src/main/java/xiaocaoawa/minecraft/mod/cobblebattle/client/RoomScreen.java","243","METHOD","xiaocaoawa.minecraft.mod.cobblebattle.client.RoomScreen","drawBench","drawBench","待命名"
"src/main/java/xiaocaoawa/minecraft/mod/cobblebattle/client/RoomScreen.java","243","PARAMETER","drawBench(net.minecraft.client.gui.GuiGraphics)","graphics","graphics","待命名"
"src/main/java/xiaocaoawa/minecraft/mod/cobblebattle/client/RoomScreen.java","244","LOCAL_VARIABLE","drawBench(net.minecraft.client.gui.GuiGraphics)","x","x","待命名"
"src/main/java/xiaocaoawa/minecraft/mod/cobblebattle/client/RoomScreen.java","245","LOCAL_VARIABLE","drawBench(net.minecraft.client.gui.GuiGraphics)","y","y","待命名"
"src/main/java/xiaocaoawa/minecraft/mod/cobblebattle/client/RoomScreen.java","249","LOCAL_VARIABLE","drawBench(net.minecraft.client.gui.GuiGraphics)","watchers","observers","待验证"
"src/main/java/xiaocaoawa/minecraft/mod/cobblebattle/client/RoomScreen.java","250","LOCAL_VARIABLE","drawBench(net.minecraft.client.gui.GuiGraphics)","label","label","待命名"
"src/main/java/xiaocaoawa/minecraft/mod/cobblebattle/client/RoomScreen.java","252","LOCAL_VARIABLE","drawBench(net.minecraft.client.gui.GuiGraphics)","at","at","待命名"
"src/main/java/xiaocaoawa/minecraft/mod/cobblebattle/client/RoomScreen.java","255","LOCAL_VARIABLE","drawBench(net.minecraft.client.gui.GuiGraphics)","watcher","watcher","待命名"
"src/main/java/xiaocaoawa/minecraft/mod/cobblebattle/client/RoomScreen.java","256","LOCAL_VARIABLE","drawBench(net.minecraft.client.gui.GuiGraphics)","name","name","待命名"
"src/main/java/xiaocaoawa/minecraft/mod/cobblebattle/client/RoomScreen.java","272","METHOD","xiaocaoawa.minecraft.mod.cobblebattle.client.RoomScreen","drawInvite","drawInvite","待命名"
"src/main/java/xiaocaoawa/minecraft/mod/cobblebattle/client/RoomScreen.java","272","PARAMETER","drawInvite(net.minecraft.client.gui.GuiGraphics,int,int)","graphics","graphics","待命名"
"src/main/java/xiaocaoawa/minecraft/mod/cobblebattle/client/RoomScreen.java","272","PARAMETER","drawInvite(net.minecraft.client.gui.GuiGraphics,int,int)","mouseX","mouseX","待命名"
"src/main/java/xiaocaoawa/minecraft/mod/cobblebattle/client/RoomScreen.java","272","PARAMETER","drawInvite(net.minecraft.client.gui.GuiGraphics,int,int)","mouseY","mouseY","待命名"
"src/main/java/xiaocaoawa/minecraft/mod/cobblebattle/client/RoomScreen.java","273","LOCAL_VARIABLE","drawInvite(net.minecraft.client.gui.GuiGraphics,int,int)","code","code","待命名"
"src/main/java/xiaocaoawa/minecraft/mod/cobblebattle/client/RoomScreen.java","275","LOCAL_VARIABLE","drawInvite(net.minecraft.client.gui.GuiGraphics,int,int)","x","x","待命名"
"src/main/java/xiaocaoawa/minecraft/mod/cobblebattle/client/RoomScreen.java","276","LOCAL_VARIABLE","drawInvite(net.minecraft.client.gui.GuiGraphics,int,int)","y","y","待命名"
"src/main/java/xiaocaoawa/minecraft/mod/cobblebattle/client/RoomScreen.java","277","LOCAL_VARIABLE","drawInvite(net.minecraft.client.gui.GuiGraphics,int,int)","hover","hover","待命名"
"src/main/java/xiaocaoawa/minecraft/mod/cobblebattle/client/RoomScreen.java","278","LOCAL_VARIABLE","drawInvite(net.minecraft.client.gui.GuiGraphics,int,int)","label","label","待命名"
"src/main/java/xiaocaoawa/minecraft/mod/cobblebattle/client/RoomScreen.java","280","LOCAL_VARIABLE","drawInvite(net.minecraft.client.gui.GuiGraphics,int,int)","hint","hint","待命名"
"src/main/java/xiaocaoawa/minecraft/mod/cobblebattle/client/RoomScreen.java","291","METHOD","xiaocaoawa.minecraft.mod.cobblebattle.client.RoomScreen","inInvite","inInvite","待命名"
"src/main/java/xiaocaoawa/minecraft/mod/cobblebattle/client/RoomScreen.java","291","PARAMETER","inInvite(double,double)","mouseX","mouseX","待命名"
"src/main/java/xiaocaoawa/minecraft/mod/cobblebattle/client/RoomScreen.java","291","PARAMETER","inInvite(double,double)","mouseY","mouseY","待命名"
"src/main/java/xiaocaoawa/minecraft/mod/cobblebattle/client/RoomScreen.java","292","LOCAL_VARIABLE","inInvite(double,double)","x","x","待命名"
"src/main/java/xiaocaoawa/minecraft/mod/cobblebattle/client/RoomScreen.java","293","LOCAL_VARIABLE","inInvite(double,double)","y","y","待命名"
"src/main/java/xiaocaoawa/minecraft/mod/cobblebattle/client/RoomScreen.java","297","METHOD","xiaocaoawa.minecraft.mod.cobblebattle.client.RoomScreen","drawStart","drawStart","待命名"
"src/main/java/xiaocaoawa/minecraft/mod/cobblebattle/client/RoomScreen.java","297","PARAMETER","drawStart(net.minecraft.client.gui.GuiGraphics,int,int)","graphics","graphics","待命名"
"src/main/java/xiaocaoawa/minecraft/mod/cobblebattle/client/RoomScreen.java","297","PARAMETER","drawStart(net.minecraft.client.gui.GuiGraphics,int,int)","mouseX","mouseX","待命名"
"src/main/java/xiaocaoawa/minecraft/mod/cobblebattle/client/RoomScreen.java","297","PARAMETER","drawStart(net.minecraft.client.gui.GuiGraphics,int,int)","mouseY","mouseY","待命名"
"src/main/java/xiaocaoawa/minecraft/mod/cobblebattle/client/RoomScreen.java","298","LOCAL_VARIABLE","drawStart(net.minecraft.client.gui.GuiGraphics,int,int)","x","x","待命名"
"src/main/java/xiaocaoawa/minecraft/mod/cobblebattle/client/RoomScreen.java","299","LOCAL_VARIABLE","drawStart(net.minecraft.client.gui.GuiGraphics,int,int)","y","y","待命名"
"src/main/java/xiaocaoawa/minecraft/mod/cobblebattle/client/RoomScreen.java","303","LOCAL_VARIABLE","drawStart(net.minecraft.client.gui.GuiGraphics,int,int)","host","host","待命名"
"src/main/java/xiaocaoawa/minecraft/mod/cobblebattle/client/RoomScreen.java","304","LOCAL_VARIABLE","drawStart(net.minecraft.client.gui.GuiGraphics,int,int)","ready","ready","待命名"
"src/main/java/xiaocaoawa/minecraft/mod/cobblebattle/client/RoomScreen.java","305","LOCAL_VARIABLE","drawStart(net.minecraft.client.gui.GuiGraphics,int,int)","hover","hover","待命名"
"src/main/java/xiaocaoawa/minecraft/mod/cobblebattle/client/RoomScreen.java","314","LOCAL_VARIABLE","drawStart(net.minecraft.client.gui.GuiGraphics,int,int)","label","label","待命名"
"src/main/java/xiaocaoawa/minecraft/mod/cobblebattle/client/RoomScreen.java","322","METHOD","xiaocaoawa.minecraft.mod.cobblebattle.client.RoomScreen","key","key","待命名"
"src/main/java/xiaocaoawa/minecraft/mod/cobblebattle/client/RoomScreen.java","322","PARAMETER","key(xiaocaoawa.minecraft.mod.cobblebattle.network.RoomStatePayload.Member)","member","member","待命名"
"src/main/java/xiaocaoawa/minecraft/mod/cobblebattle/client/RoomScreen.java","326","METHOD","xiaocaoawa.minecraft.mod.cobblebattle.client.RoomScreen","portraitOf","portraitOf","待命名"
"src/main/java/xiaocaoawa/minecraft/mod/cobblebattle/client/RoomScreen.java","326","PARAMETER","portraitOf(xiaocaoawa.minecraft.mod.cobblebattle.network.RoomStatePayload.Member,boolean)","member","member","待命名"
"src/main/java/xiaocaoawa/minecraft/mod/cobblebattle/client/RoomScreen.java","326","PARAMETER","portraitOf(xiaocaoawa.minecraft.mod.cobblebattle.network.RoomStatePayload.Member,boolean)","host","host","待命名"
"src/main/java/xiaocaoawa/minecraft/mod/cobblebattle/client/RoomScreen.java","327","LOCAL_VARIABLE","portraitOf(xiaocaoawa.minecraft.mod.cobblebattle.network.RoomStatePayload.Member,boolean)","mine","mine","待命名"
"src/main/java/xiaocaoawa/minecraft/mod/cobblebattle/client/RoomScreen.java","328","LOCAL_VARIABLE","portraitOf(xiaocaoawa.minecraft.mod.cobblebattle.network.RoomStatePayload.Member,boolean)","minecraft","minecraft","待命名"
"src/main/java/xiaocaoawa/minecraft/mod/cobblebattle/client/RoomScreen.java","330","LOCAL_VARIABLE","portraitOf(xiaocaoawa.minecraft.mod.cobblebattle.network.RoomStatePayload.Member,boolean)","var6","var6","待命名"
"src/main/java/xiaocaoawa/minecraft/mod/cobblebattle/client/RoomScreen.java","336","PARAMETER","portraitOf(xiaocaoawa.minecraft.mod.cobblebattle.network.RoomStatePayload.Member,boolean)","k","k","待命名"
"src/main/java/xiaocaoawa/minecraft/mod/cobblebattle/client/RoomScreen.java","339","METHOD","xiaocaoawa.minecraft.mod.cobblebattle.client.RoomScreen","leadOf","leadOf","待命名"
"src/main/java/xiaocaoawa/minecraft/mod/cobblebattle/client/RoomScreen.java","339","PARAMETER","leadOf(xiaocaoawa.minecraft.mod.cobblebattle.network.RoomStatePayload.Member)","member","member","待命名"
"src/main/java/xiaocaoawa/minecraft/mod/cobblebattle/client/RoomScreen.java","340","PARAMETER","leadOf(xiaocaoawa.minecraft.mod.cobblebattle.network.RoomStatePayload.Member)","k","k","待命名"
"src/main/java/xiaocaoawa/minecraft/mod/cobblebattle/client/RoomScreen.java","341","LOCAL_VARIABLE","leadOf(xiaocaoawa.minecraft.mod.cobblebattle.network.RoomStatePayload.Member)","species","speciesTemplate","待验证"
"src/main/java/xiaocaoawa/minecraft/mod/cobblebattle/client/RoomScreen.java","346","PARAMETER","mouseClicked(double,double,int)","mouseX","mouseX","待命名"
"src/main/java/xiaocaoawa/minecraft/mod/cobblebattle/client/RoomScreen.java","346","PARAMETER","mouseClicked(double,double,int)","mouseY","mouseY","待命名"
"src/main/java/xiaocaoawa/minecraft/mod/cobblebattle/client/RoomScreen.java","346","PARAMETER","mouseClicked(double,double,int)","button","button","待命名"
"src/main/java/xiaocaoawa/minecraft/mod/cobblebattle/client/RoomScreen.java","359","LOCAL_VARIABLE","mouseClicked(double,double,int)","x","x","待命名"
"src/main/java/xiaocaoawa/minecraft/mod/cobblebattle/client/RoomScreen.java","360","LOCAL_VARIABLE","mouseClicked(double,double,int)","y","y","待命名"
"src/main/java/xiaocaoawa/minecraft/mod/cobblebattle/client/RoomScreenHandler.java","15","PARAMETER","init()","payload","body","待验证"
"src/main/java/xiaocaoawa/minecraft/mod/cobblebattle/client/RoomScreenHandler.java","15","PARAMETER","init()","context","context","待命名"
"src/main/java/xiaocaoawa/minecraft/mod/cobblebattle/client/RoomScreenHandler.java","16","LOCAL_VARIABLE","init()","minecraft","minecraft","待命名"
"src/main/java/xiaocaoawa/minecraft/mod/cobblebattle/client/RoomScreenHandler.java","18","BINDING_VARIABLE","init()","lobby","lobby","待命名"
"src/main/java/xiaocaoawa/minecraft/mod/cobblebattle/client/RoomScreenHandler.java","27","PARAMETER","init()","payload","payload","待命名"
"src/main/java/xiaocaoawa/minecraft/mod/cobblebattle/client/RoomScreenHandler.java","27","PARAMETER","init()","context","context","待命名"
"src/main/java/xiaocaoawa/minecraft/mod/cobblebattle/client/RoomScreenHandler.java","28","LOCAL_VARIABLE","init()","minecraft","minecraft","待命名"
"src/main/java/xiaocaoawa/minecraft/mod/cobblebattle/client/RoomScreenHandler.java","30","BINDING_VARIABLE","init()","room","room","待命名"
"src/main/java/xiaocaoawa/minecraft/mod/cobblebattle/client/ServerDex.java","38","FIELD","xiaocaoawa.minecraft.mod.cobblebattle.client.ServerDex","NATIONAL","NATIONAL_DEX_ID","待验证"
"src/main/java/xiaocaoawa/minecraft/mod/cobblebattle/client/ServerDex.java","39","FIELD","xiaocaoawa.minecraft.mod.cobblebattle.client.ServerDex","stats","stats","待命名"
"src/main/java/xiaocaoawa/minecraft/mod/cobblebattle/client/ServerDex.java","40","FIELD","xiaocaoawa.minecraft.mod.cobblebattle.client.ServerDex","cachedDigest","cachedDigest","待命名"
"src/main/java/xiaocaoawa/minecraft/mod/cobblebattle/client/ServerDex.java","41","FIELD","xiaocaoawa.minecraft.mod.cobblebattle.client.ServerDex","active","serverDexActive","待验证"
"src/main/java/xiaocaoawa/minecraft/mod/cobblebattle/client/ServerDex.java","42","FIELD","xiaocaoawa.minecraft.mod.cobblebattle.client.ServerDex","savedDexes","previousDexDefinitions","待验证"
"src/main/java/xiaocaoawa/minecraft/mod/cobblebattle/client/ServerDex.java","43","FIELD","xiaocaoawa.minecraft.mod.cobblebattle.client.ServerDex","knowledge","serverKnowledge","待验证"
"src/main/java/xiaocaoawa/minecraft/mod/cobblebattle/client/ServerDex.java","44","FIELD","xiaocaoawa.minecraft.mod.cobblebattle.client.ServerDex","lastRanked","lastRanked","待命名"
"src/main/java/xiaocaoawa/minecraft/mod/cobblebattle/client/ServerDex.java","53","PARAMETER","rememberRanked(java.lang.String)","rankedId","rankedCompetitionId","待验证"
"src/main/java/xiaocaoawa/minecraft/mod/cobblebattle/client/ServerDex.java","80","LOCAL_VARIABLE","onPokedexSync()","minecraft","client","待验证"
"src/main/java/xiaocaoawa/minecraft/mod/cobblebattle/client/ServerDex.java","87","PARAMETER","open(xiaocaoawa.minecraft.mod.cobblebattle.network.ServerDexPayload)","payload","body","待验证"
"src/main/java/xiaocaoawa/minecraft/mod/cobblebattle/client/ServerDex.java","88","LOCAL_VARIABLE","open(xiaocaoawa.minecraft.mod.cobblebattle.network.ServerDexPayload)","minecraft","client","待验证"
"src/main/java/xiaocaoawa/minecraft/mod/cobblebattle/client/ServerDex.java","102","LOCAL_VARIABLE","open(xiaocaoawa.minecraft.mod.cobblebattle.network.ServerDexPayload)","entries","approvedDexEntries","待验证"
"src/main/java/xiaocaoawa/minecraft/mod/cobblebattle/client/ServerDex.java","106","LOCAL_VARIABLE","open(xiaocaoawa.minecraft.mod.cobblebattle.network.ServerDexPayload)","region","serverDexDefinition","待验证"
"src/main/java/xiaocaoawa/minecraft/mod/cobblebattle/client/ServerDex.java","108","LOCAL_VARIABLE","open(xiaocaoawa.minecraft.mod.cobblebattle.network.ServerDexPayload)","dexes","dexDefinitions","待验证"
"src/main/java/xiaocaoawa/minecraft/mod/cobblebattle/client/ServerDex.java","123","LOCAL_VARIABLE","close()","dexes","dexDefinitions","待验证"
"src/main/java/xiaocaoawa/minecraft/mod/cobblebattle/client/ServerDex.java","139","PARAMETER","statsFor(com.cobblemon.mod.common.api.pokedex.entry.PokedexEntry,com.cobblemon.mod.common.api.pokedex.entry.PokedexForm)","entry","selectedEntry","待验证"
"src/main/java/xiaocaoawa/minecraft/mod/cobblebattle/client/ServerDex.java","139","PARAMETER","statsFor(com.cobblemon.mod.common.api.pokedex.entry.PokedexEntry,com.cobblemon.mod.common.api.pokedex.entry.PokedexForm)","form","selectedForm","待验证"
"src/main/java/xiaocaoawa/minecraft/mod/cobblebattle/client/ServerDex.java","143","LOCAL_VARIABLE","statsFor(com.cobblemon.mod.common.api.pokedex.entry.PokedexEntry,com.cobblemon.mod.common.api.pokedex.entry.PokedexForm)","species","speciesTemplate","待验证"
"src/main/java/xiaocaoawa/minecraft/mod/cobblebattle/client/ServerDex.java","147","LOCAL_VARIABLE","statsFor(com.cobblemon.mod.common.api.pokedex.entry.PokedexEntry,com.cobblemon.mod.common.api.pokedex.entry.PokedexForm)","data","resolvedForm","待验证"
"src/main/java/xiaocaoawa/minecraft/mod/cobblebattle/client/ServerDex.java","152","LOCAL_VARIABLE","statsFor(com.cobblemon.mod.common.api.pokedex.entry.PokedexEntry,com.cobblemon.mod.common.api.pokedex.entry.PokedexForm)","found","found","待命名"
"src/main/java/xiaocaoawa/minecraft/mod/cobblebattle/client/ServerDex.java","162","METHOD","xiaocaoawa.minecraft.mod.cobblebattle.client.ServerDex","index","index","待命名"
"src/main/java/xiaocaoawa/minecraft/mod/cobblebattle/client/ServerDex.java","162","PARAMETER","index(xiaocaoawa.minecraft.mod.cobblebattle.network.ServerDexPayload)","payload","body","待验证"
"src/main/java/xiaocaoawa/minecraft/mod/cobblebattle/client/ServerDex.java","163","LOCAL_VARIABLE","index(xiaocaoawa.minecraft.mod.cobblebattle.network.ServerDexPayload)","out","outputStream","待验证"
"src/main/java/xiaocaoawa/minecraft/mod/cobblebattle/client/ServerDex.java","165","LOCAL_VARIABLE","index(xiaocaoawa.minecraft.mod.cobblebattle.network.ServerDexPayload)","e","e","待命名"
"src/main/java/xiaocaoawa/minecraft/mod/cobblebattle/client/ServerDex.java","166","LOCAL_VARIABLE","index(xiaocaoawa.minecraft.mod.cobblebattle.network.ServerDexPayload)","base","base","待命名"
"src/main/java/xiaocaoawa/minecraft/mod/cobblebattle/client/ServerDex.java","179","METHOD","xiaocaoawa.minecraft.mod.cobblebattle.client.ServerDex","approvedEntries","collectApprovedEntries","待验证"
"src/main/java/xiaocaoawa/minecraft/mod/cobblebattle/client/ServerDex.java","180","LOCAL_VARIABLE","approvedEntries()","dexes","dexDefinitions","待验证"
"src/main/java/xiaocaoawa/minecraft/mod/cobblebattle/client/ServerDex.java","181","LOCAL_VARIABLE","approvedEntries()","national","nationalDex","待验证"
"src/main/java/xiaocaoawa/minecraft/mod/cobblebattle/client/ServerDex.java","182","LOCAL_VARIABLE","approvedEntries()","source","candidateEntries","待验证"
"src/main/java/xiaocaoawa/minecraft/mod/cobblebattle/client/ServerDex.java","187","LOCAL_VARIABLE","approvedEntries()","seen","seenEntryIds","待验证"
"src/main/java/xiaocaoawa/minecraft/mod/cobblebattle/client/ServerDex.java","189","LOCAL_VARIABLE","approvedEntries()","def","dexDefinition","待验证"
"src/main/java/xiaocaoawa/minecraft/mod/cobblebattle/client/ServerDex.java","190","LOCAL_VARIABLE","approvedEntries()","entry","dexEntry","待验证"
"src/main/java/xiaocaoawa/minecraft/mod/cobblebattle/client/ServerDex.java","198","LOCAL_VARIABLE","approvedEntries()","out","outputStream","待验证"
"src/main/java/xiaocaoawa/minecraft/mod/cobblebattle/client/ServerDex.java","200","LOCAL_VARIABLE","approvedEntries()","entryx","candidateEntry","待验证"
"src/main/java/xiaocaoawa/minecraft/mod/cobblebattle/client/ServerDex.java","201","LOCAL_VARIABLE","approvedEntries()","species","speciesTemplate","待验证"
"src/main/java/xiaocaoawa/minecraft/mod/cobblebattle/client/ServerDex.java","210","METHOD","xiaocaoawa.minecraft.mod.cobblebattle.client.ServerDex","approved","isApprovedSpecies","待验证"
"src/main/java/xiaocaoawa/minecraft/mod/cobblebattle/client/ServerDex.java","210","PARAMETER","approved(com.cobblemon.mod.common.pokemon.Species)","species","speciesTemplate","待验证"
"src/main/java/xiaocaoawa/minecraft/mod/cobblebattle/client/ServerDex.java","214","LOCAL_VARIABLE","approved(com.cobblemon.mod.common.pokemon.Species)","form","speciesForm","待验证"
"src/main/java/xiaocaoawa/minecraft/mod/cobblebattle/client/ServerDex.java","224","METHOD","xiaocaoawa.minecraft.mod.cobblebattle.client.ServerDex","fullKnowledge","buildCompleteKnowledge","待验证"
"src/main/java/xiaocaoawa/minecraft/mod/cobblebattle/client/ServerDex.java","224","PARAMETER","fullKnowledge(java.util.List<com.cobblemon.mod.common.api.pokedex.entry.PokedexEntry>)","entries","approvedEntries","待验证"
"src/main/java/xiaocaoawa/minecraft/mod/cobblebattle/client/ServerDex.java","225","LOCAL_VARIABLE","fullKnowledge(java.util.List<com.cobblemon.mod.common.api.pokedex.entry.PokedexEntry>)","records","speciesRecords","待验证"
"src/main/java/xiaocaoawa/minecraft/mod/cobblebattle/client/ServerDex.java","226","LOCAL_VARIABLE","fullKnowledge(java.util.List<com.cobblemon.mod.common.api.pokedex.entry.PokedexEntry>)","manager","knowledgeManager","待验证"
"src/main/java/xiaocaoawa/minecraft/mod/cobblebattle/client/ServerDex.java","228","LOCAL_VARIABLE","fullKnowledge(java.util.List<com.cobblemon.mod.common.api.pokedex.entry.PokedexEntry>)","entry","pokedexEntry","待验证"
"src/main/java/xiaocaoawa/minecraft/mod/cobblebattle/client/ServerDex.java","229","LOCAL_VARIABLE","fullKnowledge(java.util.List<com.cobblemon.mod.common.api.pokedex.entry.PokedexEntry>)","species","speciesTemplate","待验证"
"src/main/java/xiaocaoawa/minecraft/mod/cobblebattle/client/ServerDex.java","230","LOCAL_VARIABLE","fullKnowledge(java.util.List<com.cobblemon.mod.common.api.pokedex.entry.PokedexEntry>)","record","speciesRecord","待验证"
"src/main/java/xiaocaoawa/minecraft/mod/cobblebattle/client/ServerDex.java","230","PARAMETER","fullKnowledge(java.util.List<com.cobblemon.mod.common.api.pokedex.entry.PokedexEntry>)","id","speciesId","待验证"
"src/main/java/xiaocaoawa/minecraft/mod/cobblebattle/client/ServerDex.java","231","LOCAL_VARIABLE","fullKnowledge(java.util.List<com.cobblemon.mod.common.api.pokedex.entry.PokedexEntry>)","aspects","discoveredAspects","待验证"
"src/main/java/xiaocaoawa/minecraft/mod/cobblebattle/client/ServerDex.java","234","LOCAL_VARIABLE","fullKnowledge(java.util.List<com.cobblemon.mod.common.api.pokedex.entry.PokedexEntry>)","formNames","knownFormNames","待验证"
"src/main/java/xiaocaoawa/minecraft/mod/cobblebattle/client/ServerDex.java","236","LOCAL_VARIABLE","fullKnowledge(java.util.List<com.cobblemon.mod.common.api.pokedex.entry.PokedexEntry>)","form","pokedexForm","待验证"
"src/main/java/xiaocaoawa/minecraft/mod/cobblebattle/client/ServerDex.java","242","LOCAL_VARIABLE","fullKnowledge(java.util.List<com.cobblemon.mod.common.api.pokedex.entry.PokedexEntry>)","form","speciesForm","待验证"
"src/main/java/xiaocaoawa/minecraft/mod/cobblebattle/client/ServerDex.java","247","LOCAL_VARIABLE","fullKnowledge(java.util.List<com.cobblemon.mod.common.api.pokedex.entry.PokedexEntry>)","name","formName","待验证"
"src/main/java/xiaocaoawa/minecraft/mod/cobblebattle/client/ServerDex.java","251","LOCAL_VARIABLE","fullKnowledge(java.util.List<com.cobblemon.mod.common.api.pokedex.entry.PokedexEntry>)","forms","formRecords","待验证"
"src/main/java/xiaocaoawa/minecraft/mod/cobblebattle/client/ServerDex.java","253","LOCAL_VARIABLE","fullKnowledge(java.util.List<com.cobblemon.mod.common.api.pokedex.entry.PokedexEntry>)","name","knownFormName","待验证"
"src/main/java/xiaocaoawa/minecraft/mod/cobblebattle/client/ServerDex.java","255","LOCAL_VARIABLE","fullKnowledge(java.util.List<com.cobblemon.mod.common.api.pokedex.entry.PokedexEntry>)","form","formRecord","待验证"
"src/main/java/xiaocaoawa/minecraft/mod/cobblebattle/client/ServerDex.java","256","LOCAL_VARIABLE","fullKnowledge(java.util.List<com.cobblemon.mod.common.api.pokedex.entry.PokedexEntry>)","data","formData","待验证"
"src/main/java/xiaocaoawa/minecraft/mod/cobblebattle/client/ServerDex.java","257","LOCAL_VARIABLE","fullKnowledge(java.util.List<com.cobblemon.mod.common.api.pokedex.entry.PokedexEntry>)","genders","allowedGenders","待验证"
"src/main/java/xiaocaoawa/minecraft/mod/cobblebattle/client/ServerDex.java","279","FIELD","xiaocaoawa.minecraft.mod.cobblebattle.client.ServerDex.Records","ASPECTS","SPECIES_ASPECTS_FIELD","待验证"
"src/main/java/xiaocaoawa/minecraft/mod/cobblebattle/client/ServerDex.java","280","FIELD","xiaocaoawa.minecraft.mod.cobblebattle.client.ServerDex.Records","FORMS","FORM_RECORDS_FIELD","待验证"
"src/main/java/xiaocaoawa/minecraft/mod/cobblebattle/client/ServerDex.java","281","FIELD","xiaocaoawa.minecraft.mod.cobblebattle.client.ServerDex.Records","GENDERS","GENDERS_FIELD","待验证"
"src/main/java/xiaocaoawa/minecraft/mod/cobblebattle/client/ServerDex.java","282","FIELD","xiaocaoawa.minecraft.mod.cobblebattle.client.ServerDex.Records","SHINY","SHINY_STATES_FIELD","待验证"
"src/main/java/xiaocaoawa/minecraft/mod/cobblebattle/client/ServerDex.java","283","FIELD","xiaocaoawa.minecraft.mod.cobblebattle.client.ServerDex.Records","KNOWLEDGE","KNOWLEDGE_FIELD","待验证"
"src/main/java/xiaocaoawa/minecraft/mod/cobblebattle/client/ServerDex.java","285","METHOD","xiaocaoawa.minecraft.mod.cobblebattle.client.ServerDex.Records","field","locateField","待验证"
"src/main/java/xiaocaoawa/minecraft/mod/cobblebattle/client/ServerDex.java","285","PARAMETER","field(java.lang.Class<?>,java.lang.String)","owner","recordType","待验证"
"src/main/java/xiaocaoawa/minecraft/mod/cobblebattle/client/ServerDex.java","285","PARAMETER","field(java.lang.Class<?>,java.lang.String)","name","fieldName","待验证"
"src/main/java/xiaocaoawa/minecraft/mod/cobblebattle/client/ServerDex.java","287","LOCAL_VARIABLE","field(java.lang.Class<?>,java.lang.String)","field","reflectedField","待验证"
"src/main/java/xiaocaoawa/minecraft/mod/cobblebattle/client/ServerDex.java","290","EXCEPTION_PARAMETER","field(java.lang.Class<?>,java.lang.String)","var3","failure","待验证"
"src/main/java/xiaocaoawa/minecraft/mod/cobblebattle/client/ServerDex.java","295","METHOD","xiaocaoawa.minecraft.mod.cobblebattle.client.ServerDex.Records","aspects","mutableAspects","待验证"
"src/main/java/xiaocaoawa/minecraft/mod/cobblebattle/client/ServerDex.java","295","PARAMETER","aspects(com.cobblemon.mod.common.api.pokedex.SpeciesDexRecord)","record","speciesRecord","待验证"
"src/main/java/xiaocaoawa/minecraft/mod/cobblebattle/client/ServerDex.java","299","METHOD","xiaocaoawa.minecraft.mod.cobblebattle.client.ServerDex.Records","forms","mutableForms","待验证"
"src/main/java/xiaocaoawa/minecraft/mod/cobblebattle/client/ServerDex.java","299","PARAMETER","forms(com.cobblemon.mod.common.api.pokedex.SpeciesDexRecord)","record","speciesRecord","待验证"
"src/main/java/xiaocaoawa/minecraft/mod/cobblebattle/client/ServerDex.java","303","METHOD","xiaocaoawa.minecraft.mod.cobblebattle.client.ServerDex.Records","genders","mutableGenders","待验证"
"src/main/java/xiaocaoawa/minecraft/mod/cobblebattle/client/ServerDex.java","303","PARAMETER","genders(com.cobblemon.mod.common.api.pokedex.FormDexRecord)","form","formRecord","待验证"
"src/main/java/xiaocaoawa/minecraft/mod/cobblebattle/client/ServerDex.java","307","METHOD","xiaocaoawa.minecraft.mod.cobblebattle.client.ServerDex.Records","shinyStates","mutableShinyStates","待验证"
"src/main/java/xiaocaoawa/minecraft/mod/cobblebattle/client/ServerDex.java","307","PARAMETER","shinyStates(com.cobblemon.mod.common.api.pokedex.FormDexRecord)","form","formRecord","待验证"
"src/main/java/xiaocaoawa/minecraft/mod/cobblebattle/client/ServerDex.java","311","METHOD","xiaocaoawa.minecraft.mod.cobblebattle.client.ServerDex.Records","setKnowledge","writeKnowledge","待验证"
"src/main/java/xiaocaoawa/minecraft/mod/cobblebattle/client/ServerDex.java","311","PARAMETER","setKnowledge(com.cobblemon.mod.common.api.pokedex.FormDexRecord,com.cobblemon.mod.common.api.pokedex.PokedexEntryProgress)","form","formRecord","待验证"
"src/main/java/xiaocaoawa/minecraft/mod/cobblebattle/client/ServerDex.java","311","PARAMETER","setKnowledge(com.cobblemon.mod.common.api.pokedex.FormDexRecord,com.cobblemon.mod.common.api.pokedex.PokedexEntryProgress)","knowledge","progress","待验证"
"src/main/java/xiaocaoawa/minecraft/mod/cobblebattle/client/ServerDex.java","314","EXCEPTION_PARAMETER","setKnowledge(com.cobblemon.mod.common.api.pokedex.FormDexRecord,com.cobblemon.mod.common.api.pokedex.PokedexEntryProgress)","var3","failure","待验证"
"src/main/java/xiaocaoawa/minecraft/mod/cobblebattle/client/ServerDex.java","319","METHOD","xiaocaoawa.minecraft.mod.cobblebattle.client.ServerDex.Records","read","readFieldValue","待验证"
"src/main/java/xiaocaoawa/minecraft/mod/cobblebattle/client/ServerDex.java","319","PARAMETER","read(java.lang.reflect.Field,java.lang.Object)","field","reflectedField","待验证"
"src/main/java/xiaocaoawa/minecraft/mod/cobblebattle/client/ServerDex.java","319","PARAMETER","read(java.lang.reflect.Field,java.lang.Object)","owner","recordInstance","待验证"
"src/main/java/xiaocaoawa/minecraft/mod/cobblebattle/client/ServerDex.java","322","EXCEPTION_PARAMETER","read(java.lang.reflect.Field,java.lang.Object)","var3","failure","待验证"
"src/main/java/xiaocaoawa/minecraft/mod/cobblebattle/client/ServerDexHandler.java","15","PARAMETER","init()","payload","body","待验证"
"src/main/java/xiaocaoawa/minecraft/mod/cobblebattle/client/ServerDexHandler.java","15","PARAMETER","init()","context","context","待命名"
"src/main/java/xiaocaoawa/minecraft/mod/cobblebattle/client/ServerDexHandler.java","17","PARAMETER","init()","minecraft","minecraft","待命名"
"src/main/java/xiaocaoawa/minecraft/mod/cobblebattle/client/SettingsScreen.java","14","FIELD","xiaocaoawa.minecraft.mod.cobblebattle.client.SettingsScreen","BASE","BASE","待命名"
"src/main/java/xiaocaoawa/minecraft/mod/cobblebattle/client/SettingsScreen.java","15","FIELD","xiaocaoawa.minecraft.mod.cobblebattle.client.SettingsScreen","SCREEN","SCREEN","待命名"
"src/main/java/xiaocaoawa/minecraft/mod/cobblebattle/client/SettingsScreen.java","16","FIELD","xiaocaoawa.minecraft.mod.cobblebattle.client.SettingsScreen","WIDTH","WIDTH","待命名"
"src/main/java/xiaocaoawa/minecraft/mod/cobblebattle/client/SettingsScreen.java","17","FIELD","xiaocaoawa.minecraft.mod.cobblebattle.client.SettingsScreen","HEIGHT","HEIGHT","待命名"
"src/main/java/xiaocaoawa/minecraft/mod/cobblebattle/client/SettingsScreen.java","18","FIELD","xiaocaoawa.minecraft.mod.cobblebattle.client.SettingsScreen","HOLE_X","HOLE_X","待命名"
"src/main/java/xiaocaoawa/minecraft/mod/cobblebattle/client/SettingsScreen.java","19","FIELD","xiaocaoawa.minecraft.mod.cobblebattle.client.SettingsScreen","HOLE_Y","HOLE_Y","待命名"
"src/main/java/xiaocaoawa/minecraft/mod/cobblebattle/client/SettingsScreen.java","20","FIELD","xiaocaoawa.minecraft.mod.cobblebattle.client.SettingsScreen","HOLE_W","HOLE_W","待命名"
"src/main/java/xiaocaoawa/minecraft/mod/cobblebattle/client/SettingsScreen.java","21","FIELD","xiaocaoawa.minecraft.mod.cobblebattle.client.SettingsScreen","HOLE_H","HOLE_H","待命名"
"src/main/java/xiaocaoawa/minecraft/mod/cobblebattle/client/SettingsScreen.java","22","FIELD","xiaocaoawa.minecraft.mod.cobblebattle.client.SettingsScreen","TAB_X","TAB_X","待命名"
"src/main/java/xiaocaoawa/minecraft/mod/cobblebattle/client/SettingsScreen.java","23","FIELD","xiaocaoawa.minecraft.mod.cobblebattle.client.SettingsScreen","TAB_Y","TAB_Y","待命名"
"src/main/java/xiaocaoawa/minecraft/mod/cobblebattle/client/SettingsScreen.java","24","FIELD","xiaocaoawa.minecraft.mod.cobblebattle.client.SettingsScreen","TAB_W","TAB_W","待命名"
"src/main/java/xiaocaoawa/minecraft/mod/cobblebattle/client/SettingsScreen.java","25","FIELD","xiaocaoawa.minecraft.mod.cobblebattle.client.SettingsScreen","ROW_X","ROW_X","待命名"
"src/main/java/xiaocaoawa/minecraft/mod/cobblebattle/client/SettingsScreen.java","26","FIELD","xiaocaoawa.minecraft.mod.cobblebattle.client.SettingsScreen","ROW_Y","ROW_Y","待命名"
"src/main/java/xiaocaoawa/minecraft/mod/cobblebattle/client/SettingsScreen.java","27","FIELD","xiaocaoawa.minecraft.mod.cobblebattle.client.SettingsScreen","ROW_W","ROW_W","待命名"
"src/main/java/xiaocaoawa/minecraft/mod/cobblebattle/client/SettingsScreen.java","28","FIELD","xiaocaoawa.minecraft.mod.cobblebattle.client.SettingsScreen","ROW_H","ROW_H","待命名"
"src/main/java/xiaocaoawa/minecraft/mod/cobblebattle/client/SettingsScreen.java","29","FIELD","xiaocaoawa.minecraft.mod.cobblebattle.client.SettingsScreen","ROW_GAP","ROW_GAP","待命名"
"src/main/java/xiaocaoawa/minecraft/mod/cobblebattle/client/SettingsScreen.java","30","FIELD","xiaocaoawa.minecraft.mod.cobblebattle.client.SettingsScreen","TOGGLE_W","TOGGLE_W","待命名"
"src/main/java/xiaocaoawa/minecraft/mod/cobblebattle/client/SettingsScreen.java","31","FIELD","xiaocaoawa.minecraft.mod.cobblebattle.client.SettingsScreen","ROW_FILL","ROW_FILL","待命名"
"src/main/java/xiaocaoawa/minecraft/mod/cobblebattle/client/SettingsScreen.java","32","FIELD","xiaocaoawa.minecraft.mod.cobblebattle.client.SettingsScreen","ROW_FILL_HOVER","ROW_FILL_HOVER","待命名"
"src/main/java/xiaocaoawa/minecraft/mod/cobblebattle/client/SettingsScreen.java","33","FIELD","xiaocaoawa.minecraft.mod.cobblebattle.client.SettingsScreen","ROW_EDGE","ROW_EDGE","待命名"
"src/main/java/xiaocaoawa/minecraft/mod/cobblebattle/client/SettingsScreen.java","34","FIELD","xiaocaoawa.minecraft.mod.cobblebattle.client.SettingsScreen","TEXT","TEXT","待命名"
"src/main/java/xiaocaoawa/minecraft/mod/cobblebattle/client/SettingsScreen.java","35","FIELD","xiaocaoawa.minecraft.mod.cobblebattle.client.SettingsScreen","TEXT_SOFT","TEXT_SOFT","待命名"
"src/main/java/xiaocaoawa/minecraft/mod/cobblebattle/client/SettingsScreen.java","36","FIELD","xiaocaoawa.minecraft.mod.cobblebattle.client.SettingsScreen","ON_FILL","ON_FILL","待命名"
"src/main/java/xiaocaoawa/minecraft/mod/cobblebattle/client/SettingsScreen.java","37","FIELD","xiaocaoawa.minecraft.mod.cobblebattle.client.SettingsScreen","OFF_FILL","OFF_FILL","待命名"
"src/main/java/xiaocaoawa/minecraft/mod/cobblebattle/client/SettingsScreen.java","38","FIELD","xiaocaoawa.minecraft.mod.cobblebattle.client.SettingsScreen","parent","parent","待命名"
"src/main/java/xiaocaoawa/minecraft/mod/cobblebattle/client/SettingsScreen.java","39","FIELD","xiaocaoawa.minecraft.mod.cobblebattle.client.SettingsScreen","rows","rows","待命名"
"src/main/java/xiaocaoawa/minecraft/mod/cobblebattle/client/SettingsScreen.java","47","FIELD","xiaocaoawa.minecraft.mod.cobblebattle.client.SettingsScreen","originX","originX","待命名"
"src/main/java/xiaocaoawa/minecraft/mod/cobblebattle/client/SettingsScreen.java","48","FIELD","xiaocaoawa.minecraft.mod.cobblebattle.client.SettingsScreen","originY","originY","待命名"
"src/main/java/xiaocaoawa/minecraft/mod/cobblebattle/client/SettingsScreen.java","50","PARAMETER","SettingsScreen(net.minecraft.client.gui.screens.Screen)","parent","parent","待命名"
"src/main/java/xiaocaoawa/minecraft/mod/cobblebattle/client/SettingsScreen.java","64","PARAMETER","render(net.minecraft.client.gui.GuiGraphics,int,int,float)","graphics","graphics","待命名"
"src/main/java/xiaocaoawa/minecraft/mod/cobblebattle/client/SettingsScreen.java","64","PARAMETER","render(net.minecraft.client.gui.GuiGraphics,int,int,float)","mouseX","mouseX","待命名"
"src/main/java/xiaocaoawa/minecraft/mod/cobblebattle/client/SettingsScreen.java","64","PARAMETER","render(net.minecraft.client.gui.GuiGraphics,int,int,float)","mouseY","mouseY","待命名"
"src/main/java/xiaocaoawa/minecraft/mod/cobblebattle/client/SettingsScreen.java","64","PARAMETER","render(net.minecraft.client.gui.GuiGraphics,int,int,float)","partialTick","partialTick","待命名"
"src/main/java/xiaocaoawa/minecraft/mod/cobblebattle/client/SettingsScreen.java","68","LOCAL_VARIABLE","render(net.minecraft.client.gui.GuiGraphics,int,int,float)","left","left","待命名"
"src/main/java/xiaocaoawa/minecraft/mod/cobblebattle/client/SettingsScreen.java","69","LOCAL_VARIABLE","render(net.minecraft.client.gui.GuiGraphics,int,int,float)","top","top","待命名"
"src/main/java/xiaocaoawa/minecraft/mod/cobblebattle/client/SettingsScreen.java","74","LOCAL_VARIABLE","render(net.minecraft.client.gui.GuiGraphics,int,int,float)","page","page","待命名"
"src/main/java/xiaocaoawa/minecraft/mod/cobblebattle/client/SettingsScreen.java","74","PARAMETER","render(net.minecraft.client.gui.GuiGraphics,int,int,float)","style","style","待命名"
"src/main/java/xiaocaoawa/minecraft/mod/cobblebattle/client/SettingsScreen.java","77","LOCAL_VARIABLE","render(net.minecraft.client.gui.GuiGraphics,int,int,float)","i","i","待命名"
"src/main/java/xiaocaoawa/minecraft/mod/cobblebattle/client/SettingsScreen.java","87","METHOD","xiaocaoawa.minecraft.mod.cobblebattle.client.SettingsScreen","drawRow","drawRow","待命名"
"src/main/java/xiaocaoawa/minecraft/mod/cobblebattle/client/SettingsScreen.java","87","PARAMETER","drawRow(net.minecraft.client.gui.GuiGraphics,xiaocaoawa.minecraft.mod.cobblebattle.client.SettingsScreen.Row,int,boolean)","graphics","graphics","待命名"
"src/main/java/xiaocaoawa/minecraft/mod/cobblebattle/client/SettingsScreen.java","87","PARAMETER","drawRow(net.minecraft.client.gui.GuiGraphics,xiaocaoawa.minecraft.mod.cobblebattle.client.SettingsScreen.Row,int,boolean)","row","row","待命名"
"src/main/java/xiaocaoawa/minecraft/mod/cobblebattle/client/SettingsScreen.java","87","PARAMETER","drawRow(net.minecraft.client.gui.GuiGraphics,xiaocaoawa.minecraft.mod.cobblebattle.client.SettingsScreen.Row,int,boolean)","y","y","待命名"
"src/main/java/xiaocaoawa/minecraft/mod/cobblebattle/client/SettingsScreen.java","87","PARAMETER","drawRow(net.minecraft.client.gui.GuiGraphics,xiaocaoawa.minecraft.mod.cobblebattle.client.SettingsScreen.Row,int,boolean)","hover","hover","待命名"
"src/main/java/xiaocaoawa/minecraft/mod/cobblebattle/client/SettingsScreen.java","88","LOCAL_VARIABLE","drawRow(net.minecraft.client.gui.GuiGraphics,xiaocaoawa.minecraft.mod.cobblebattle.client.SettingsScreen.Row,int,boolean)","x","x","待命名"
"src/main/java/xiaocaoawa/minecraft/mod/cobblebattle/client/SettingsScreen.java","96","LOCAL_VARIABLE","drawRow(net.minecraft.client.gui.GuiGraphics,xiaocaoawa.minecraft.mod.cobblebattle.client.SettingsScreen.Row,int,boolean)","on","on","待命名"
"src/main/java/xiaocaoawa/minecraft/mod/cobblebattle/client/SettingsScreen.java","97","LOCAL_VARIABLE","drawRow(net.minecraft.client.gui.GuiGraphics,xiaocaoawa.minecraft.mod.cobblebattle.client.SettingsScreen.Row,int,boolean)","tx","tx","待命名"
"src/main/java/xiaocaoawa/minecraft/mod/cobblebattle/client/SettingsScreen.java","98","LOCAL_VARIABLE","drawRow(net.minecraft.client.gui.GuiGraphics,xiaocaoawa.minecraft.mod.cobblebattle.client.SettingsScreen.Row,int,boolean)","ty","ty","待命名"
"src/main/java/xiaocaoawa/minecraft/mod/cobblebattle/client/SettingsScreen.java","107","METHOD","xiaocaoawa.minecraft.mod.cobblebattle.client.SettingsScreen","rowY","rowY","待命名"
"src/main/java/xiaocaoawa/minecraft/mod/cobblebattle/client/SettingsScreen.java","107","PARAMETER","rowY(int)","index","index","待命名"
"src/main/java/xiaocaoawa/minecraft/mod/cobblebattle/client/SettingsScreen.java","111","METHOD","xiaocaoawa.minecraft.mod.cobblebattle.client.SettingsScreen","inRow","inRow","待命名"
"src/main/java/xiaocaoawa/minecraft/mod/cobblebattle/client/SettingsScreen.java","111","PARAMETER","inRow(double,double,int)","mouseX","mouseX","待命名"
"src/main/java/xiaocaoawa/minecraft/mod/cobblebattle/client/SettingsScreen.java","111","PARAMETER","inRow(double,double,int)","mouseY","mouseY","待命名"
"src/main/java/xiaocaoawa/minecraft/mod/cobblebattle/client/SettingsScreen.java","111","PARAMETER","inRow(double,double,int)","index","index","待命名"
"src/main/java/xiaocaoawa/minecraft/mod/cobblebattle/client/SettingsScreen.java","112","LOCAL_VARIABLE","inRow(double,double,int)","x","x","待命名"
"src/main/java/xiaocaoawa/minecraft/mod/cobblebattle/client/SettingsScreen.java","113","LOCAL_VARIABLE","inRow(double,double,int)","y","y","待命名"
"src/main/java/xiaocaoawa/minecraft/mod/cobblebattle/client/SettingsScreen.java","117","METHOD","xiaocaoawa.minecraft.mod.cobblebattle.client.SettingsScreen","inBack","inBack","待命名"
"src/main/java/xiaocaoawa/minecraft/mod/cobblebattle/client/SettingsScreen.java","117","PARAMETER","inBack(double,double)","mouseX","mouseX","待命名"
"src/main/java/xiaocaoawa/minecraft/mod/cobblebattle/client/SettingsScreen.java","117","PARAMETER","inBack(double,double)","mouseY","mouseY","待命名"
"src/main/java/xiaocaoawa/minecraft/mod/cobblebattle/client/SettingsScreen.java","121","PARAMETER","mouseClicked(double,double,int)","mouseX","mouseX","待命名"
"src/main/java/xiaocaoawa/minecraft/mod/cobblebattle/client/SettingsScreen.java","121","PARAMETER","mouseClicked(double,double,int)","mouseY","mouseY","待命名"
"src/main/java/xiaocaoawa/minecraft/mod/cobblebattle/client/SettingsScreen.java","121","PARAMETER","mouseClicked(double,double,int)","button","button","待命名"
"src/main/java/xiaocaoawa/minecraft/mod/cobblebattle/client/SettingsScreen.java","128","LOCAL_VARIABLE","mouseClicked(double,double,int)","i","i","待命名"
"src/main/java/xiaocaoawa/minecraft/mod/cobblebattle/client/SettingsScreen.java","130","LOCAL_VARIABLE","mouseClicked(double,double,int)","row","row","待命名"
"src/main/java/xiaocaoawa/minecraft/mod/cobblebattle/client/TeamPreviewHandler.java","13","PARAMETER","init()","payload","body","待验证"
"src/main/java/xiaocaoawa/minecraft/mod/cobblebattle/client/TeamPreviewHandler.java","13","PARAMETER","init()","context","context","待命名"
"src/main/java/xiaocaoawa/minecraft/mod/cobblebattle/client/TeamPreviewHandler.java","14","LOCAL_VARIABLE","init()","minecraft","minecraft","待命名"
"src/main/java/xiaocaoawa/minecraft/mod/cobblebattle/client/TeamPreviewHandler.java","16","BINDING_VARIABLE","init()","open","open","待命名"
"src/main/java/xiaocaoawa/minecraft/mod/cobblebattle/client/TeamPreviewScreen.java","36","FIELD","xiaocaoawa.minecraft.mod.cobblebattle.client.TeamPreviewScreen","BASE","BASE","待命名"
"src/main/java/xiaocaoawa/minecraft/mod/cobblebattle/client/TeamPreviewScreen.java","37","FIELD","xiaocaoawa.minecraft.mod.cobblebattle.client.TeamPreviewScreen","SCREEN","SCREEN","待命名"
"src/main/java/xiaocaoawa/minecraft/mod/cobblebattle/client/TeamPreviewScreen.java","38","FIELD","xiaocaoawa.minecraft.mod.cobblebattle.client.TeamPreviewScreen","PLATFORM","PLATFORM","待命名"
"src/main/java/xiaocaoawa/minecraft/mod/cobblebattle/client/TeamPreviewScreen.java","39","FIELD","xiaocaoawa.minecraft.mod.cobblebattle.client.TeamPreviewScreen","PLATFORM_SHADOW","PLATFORM_SHADOW","待命名"
"src/main/java/xiaocaoawa/minecraft/mod/cobblebattle/client/TeamPreviewScreen.java","40","FIELD","xiaocaoawa.minecraft.mod.cobblebattle.client.TeamPreviewScreen","WIDTH","WIDTH","待命名"
"src/main/java/xiaocaoawa/minecraft/mod/cobblebattle/client/TeamPreviewScreen.java","41","FIELD","xiaocaoawa.minecraft.mod.cobblebattle.client.TeamPreviewScreen","HEIGHT","HEIGHT","待命名"
"src/main/java/xiaocaoawa/minecraft/mod/cobblebattle/client/TeamPreviewScreen.java","42","FIELD","xiaocaoawa.minecraft.mod.cobblebattle.client.TeamPreviewScreen","HOLE_X","HOLE_X","待命名"
"src/main/java/xiaocaoawa/minecraft/mod/cobblebattle/client/TeamPreviewScreen.java","43","FIELD","xiaocaoawa.minecraft.mod.cobblebattle.client.TeamPreviewScreen","HOLE_Y","HOLE_Y","待命名"
"src/main/java/xiaocaoawa/minecraft/mod/cobblebattle/client/TeamPreviewScreen.java","44","FIELD","xiaocaoawa.minecraft.mod.cobblebattle.client.TeamPreviewScreen","HOLE_W","HOLE_W","待命名"
"src/main/java/xiaocaoawa/minecraft/mod/cobblebattle/client/TeamPreviewScreen.java","45","FIELD","xiaocaoawa.minecraft.mod.cobblebattle.client.TeamPreviewScreen","HOLE_H","HOLE_H","待命名"
"src/main/java/xiaocaoawa/minecraft/mod/cobblebattle/client/TeamPreviewScreen.java","46","FIELD","xiaocaoawa.minecraft.mod.cobblebattle.client.TeamPreviewScreen","TITLE_X","TITLE_X","待命名"
"src/main/java/xiaocaoawa/minecraft/mod/cobblebattle/client/TeamPreviewScreen.java","47","FIELD","xiaocaoawa.minecraft.mod.cobblebattle.client.TeamPreviewScreen","TITLE_Y","TITLE_Y","待命名"
"src/main/java/xiaocaoawa/minecraft/mod/cobblebattle/client/TeamPreviewScreen.java","48","FIELD","xiaocaoawa.minecraft.mod.cobblebattle.client.TeamPreviewScreen","MIRROR","MIRROR","待命名"
"src/main/java/xiaocaoawa/minecraft/mod/cobblebattle/client/TeamPreviewScreen.java","49","FIELD","xiaocaoawa.minecraft.mod.cobblebattle.client.TeamPreviewScreen","SLOT_W","SLOT_W","待命名"
"src/main/java/xiaocaoawa/minecraft/mod/cobblebattle/client/TeamPreviewScreen.java","50","FIELD","xiaocaoawa.minecraft.mod.cobblebattle.client.TeamPreviewScreen","SLOT_H","SLOT_H","待命名"
"src/main/java/xiaocaoawa/minecraft/mod/cobblebattle/client/TeamPreviewScreen.java","51","FIELD","xiaocaoawa.minecraft.mod.cobblebattle.client.TeamPreviewScreen","SLOT_PITCH","SLOT_PITCH","待命名"
"src/main/java/xiaocaoawa/minecraft/mod/cobblebattle/client/TeamPreviewScreen.java","52","FIELD","xiaocaoawa.minecraft.mod.cobblebattle.client.TeamPreviewScreen","SLOT_Y","SLOT_Y","待命名"
"src/main/java/xiaocaoawa/minecraft/mod/cobblebattle/client/TeamPreviewScreen.java","53","FIELD","xiaocaoawa.minecraft.mod.cobblebattle.client.TeamPreviewScreen","SLOTS","SLOTS","待命名"
"src/main/java/xiaocaoawa/minecraft/mod/cobblebattle/client/TeamPreviewScreen.java","54","FIELD","xiaocaoawa.minecraft.mod.cobblebattle.client.TeamPreviewScreen","MINE_X","MINE_X","待命名"
"src/main/java/xiaocaoawa/minecraft/mod/cobblebattle/client/TeamPreviewScreen.java","55","FIELD","xiaocaoawa.minecraft.mod.cobblebattle.client.TeamPreviewScreen","THEIRS_X","THEIRS_X","待命名"
"src/main/java/xiaocaoawa/minecraft/mod/cobblebattle/client/TeamPreviewScreen.java","56","FIELD","xiaocaoawa.minecraft.mod.cobblebattle.client.TeamPreviewScreen","SLOT_ICON","SLOT_ICON","待命名"
"src/main/java/xiaocaoawa/minecraft/mod/cobblebattle/client/TeamPreviewScreen.java","57","FIELD","xiaocaoawa.minecraft.mod.cobblebattle.client.TeamPreviewScreen","PANE_W","PANE_W","待命名"
"src/main/java/xiaocaoawa/minecraft/mod/cobblebattle/client/TeamPreviewScreen.java","58","FIELD","xiaocaoawa.minecraft.mod.cobblebattle.client.TeamPreviewScreen","PANE_Y","PANE_Y","待命名"
"src/main/java/xiaocaoawa/minecraft/mod/cobblebattle/client/TeamPreviewScreen.java","59","FIELD","xiaocaoawa.minecraft.mod.cobblebattle.client.TeamPreviewScreen","PANE_H","PANE_H","待命名"
"src/main/java/xiaocaoawa/minecraft/mod/cobblebattle/client/TeamPreviewScreen.java","60","FIELD","xiaocaoawa.minecraft.mod.cobblebattle.client.TeamPreviewScreen","MINE_PANE_X","MINE_PANE_X","待命名"
"src/main/java/xiaocaoawa/minecraft/mod/cobblebattle/client/TeamPreviewScreen.java","61","FIELD","xiaocaoawa.minecraft.mod.cobblebattle.client.TeamPreviewScreen","THEIRS_PANE_X","THEIRS_PANE_X","待命名"
"src/main/java/xiaocaoawa/minecraft/mod/cobblebattle/client/TeamPreviewScreen.java","62","FIELD","xiaocaoawa.minecraft.mod.cobblebattle.client.TeamPreviewScreen","NAME_H","NAME_H","待命名"
"src/main/java/xiaocaoawa/minecraft/mod/cobblebattle/client/TeamPreviewScreen.java","63","FIELD","xiaocaoawa.minecraft.mod.cobblebattle.client.TeamPreviewScreen","PLATFORM_H","PLATFORM_H","待命名"
"src/main/java/xiaocaoawa/minecraft/mod/cobblebattle/client/TeamPreviewScreen.java","64","FIELD","xiaocaoawa.minecraft.mod.cobblebattle.client.TeamPreviewScreen","PLATFORM_Y","PLATFORM_Y","待命名"
"src/main/java/xiaocaoawa/minecraft/mod/cobblebattle/client/TeamPreviewScreen.java","65","FIELD","xiaocaoawa.minecraft.mod.cobblebattle.client.TeamPreviewScreen","FLOOR_Y","FLOOR_Y","待命名"
"src/main/java/xiaocaoawa/minecraft/mod/cobblebattle/client/TeamPreviewScreen.java","66","FIELD","xiaocaoawa.minecraft.mod.cobblebattle.client.TeamPreviewScreen","PLAYER_SIZE","PARTICIPANT_SIZE","待验证"
"src/main/java/xiaocaoawa/minecraft/mod/cobblebattle/client/TeamPreviewScreen.java","67","FIELD","xiaocaoawa.minecraft.mod.cobblebattle.client.TeamPreviewScreen","SHADOW_W","SHADOW_W","待命名"
"src/main/java/xiaocaoawa/minecraft/mod/cobblebattle/client/TeamPreviewScreen.java","68","FIELD","xiaocaoawa.minecraft.mod.cobblebattle.client.TeamPreviewScreen","SHADOW_H","SHADOW_H","待命名"
"src/main/java/xiaocaoawa/minecraft/mod/cobblebattle/client/TeamPreviewScreen.java","69","FIELD","xiaocaoawa.minecraft.mod.cobblebattle.client.TeamPreviewScreen","STATUS_Y","STATUS_Y","待命名"
"src/main/java/xiaocaoawa/minecraft/mod/cobblebattle/client/TeamPreviewScreen.java","70","FIELD","xiaocaoawa.minecraft.mod.cobblebattle.client.TeamPreviewScreen","CONFIRM_W","CONFIRM_W","待命名"
"src/main/java/xiaocaoawa/minecraft/mod/cobblebattle/client/TeamPreviewScreen.java","71","FIELD","xiaocaoawa.minecraft.mod.cobblebattle.client.TeamPreviewScreen","CONFIRM_X","CONFIRM_X","待命名"
"src/main/java/xiaocaoawa/minecraft/mod/cobblebattle/client/TeamPreviewScreen.java","72","FIELD","xiaocaoawa.minecraft.mod.cobblebattle.client.TeamPreviewScreen","CONFIRM_Y","CONFIRM_Y","待命名"
"src/main/java/xiaocaoawa/minecraft/mod/cobblebattle/client/TeamPreviewScreen.java","73","FIELD","xiaocaoawa.minecraft.mod.cobblebattle.client.TeamPreviewScreen","CONFIRM_H","CONFIRM_H","待命名"
"src/main/java/xiaocaoawa/minecraft/mod/cobblebattle/client/TeamPreviewScreen.java","74","FIELD","xiaocaoawa.minecraft.mod.cobblebattle.client.TeamPreviewScreen","PLATE","PLATE","待命名"
"src/main/java/xiaocaoawa/minecraft/mod/cobblebattle/client/TeamPreviewScreen.java","75","FIELD","xiaocaoawa.minecraft.mod.cobblebattle.client.TeamPreviewScreen","PLATE_MINE","PLATE_MINE","待命名"
"src/main/java/xiaocaoawa/minecraft/mod/cobblebattle/client/TeamPreviewScreen.java","76","FIELD","xiaocaoawa.minecraft.mod.cobblebattle.client.TeamPreviewScreen","PLATE_THEIRS","PLATE_THEIRS","待命名"
"src/main/java/xiaocaoawa/minecraft/mod/cobblebattle/client/TeamPreviewScreen.java","77","FIELD","xiaocaoawa.minecraft.mod.cobblebattle.client.TeamPreviewScreen","PLATE_PICKED","PLATE_PICKED","待命名"
"src/main/java/xiaocaoawa/minecraft/mod/cobblebattle/client/TeamPreviewScreen.java","78","FIELD","xiaocaoawa.minecraft.mod.cobblebattle.client.TeamPreviewScreen","PLATE_HOVER","PLATE_HOVER","待命名"
"src/main/java/xiaocaoawa/minecraft/mod/cobblebattle/client/TeamPreviewScreen.java","79","FIELD","xiaocaoawa.minecraft.mod.cobblebattle.client.TeamPreviewScreen","EDGE","EDGE","待命名"
"src/main/java/xiaocaoawa/minecraft/mod/cobblebattle/client/TeamPreviewScreen.java","80","FIELD","xiaocaoawa.minecraft.mod.cobblebattle.client.TeamPreviewScreen","EDGE_PICKED","EDGE_PICKED","待命名"
"src/main/java/xiaocaoawa/minecraft/mod/cobblebattle/client/TeamPreviewScreen.java","81","FIELD","xiaocaoawa.minecraft.mod.cobblebattle.client.TeamPreviewScreen","NAME_MINE","NAME_MINE","待命名"
"src/main/java/xiaocaoawa/minecraft/mod/cobblebattle/client/TeamPreviewScreen.java","82","FIELD","xiaocaoawa.minecraft.mod.cobblebattle.client.TeamPreviewScreen","NAME_THEIRS","NAME_THEIRS","待命名"
"src/main/java/xiaocaoawa/minecraft/mod/cobblebattle/client/TeamPreviewScreen.java","83","FIELD","xiaocaoawa.minecraft.mod.cobblebattle.client.TeamPreviewScreen","TEXT","TEXT","待命名"
"src/main/java/xiaocaoawa/minecraft/mod/cobblebattle/client/TeamPreviewScreen.java","84","FIELD","xiaocaoawa.minecraft.mod.cobblebattle.client.TeamPreviewScreen","TEXT_SOFT","TEXT_SOFT","待命名"
"src/main/java/xiaocaoawa/minecraft/mod/cobblebattle/client/TeamPreviewScreen.java","85","FIELD","xiaocaoawa.minecraft.mod.cobblebattle.client.TeamPreviewScreen","TEXT_DIM","TEXT_DIM","待命名"
"src/main/java/xiaocaoawa/minecraft/mod/cobblebattle/client/TeamPreviewScreen.java","86","FIELD","xiaocaoawa.minecraft.mod.cobblebattle.client.TeamPreviewScreen","BADGE","BADGE","待命名"
"src/main/java/xiaocaoawa/minecraft/mod/cobblebattle/client/TeamPreviewScreen.java","87","FIELD","xiaocaoawa.minecraft.mod.cobblebattle.client.TeamPreviewScreen","BADGE_LEAD","BADGE_LEAD","待命名"
"src/main/java/xiaocaoawa/minecraft/mod/cobblebattle/client/TeamPreviewScreen.java","88","FIELD","xiaocaoawa.minecraft.mod.cobblebattle.client.TeamPreviewScreen","FILL","FILL","待命名"
"src/main/java/xiaocaoawa/minecraft/mod/cobblebattle/client/TeamPreviewScreen.java","89","FIELD","xiaocaoawa.minecraft.mod.cobblebattle.client.TeamPreviewScreen","FILL_HOVER","FILL_HOVER","待命名"
"src/main/java/xiaocaoawa/minecraft/mod/cobblebattle/client/TeamPreviewScreen.java","90","FIELD","xiaocaoawa.minecraft.mod.cobblebattle.client.TeamPreviewScreen","FILL_OFF","FILL_OFF","待命名"
"src/main/java/xiaocaoawa/minecraft/mod/cobblebattle/client/TeamPreviewScreen.java","91","FIELD","xiaocaoawa.minecraft.mod.cobblebattle.client.TeamPreviewScreen","URGENT","URGENT","待命名"
"src/main/java/xiaocaoawa/minecraft/mod/cobblebattle/client/TeamPreviewScreen.java","92","FIELD","xiaocaoawa.minecraft.mod.cobblebattle.client.TeamPreviewScreen","preview","preview","待命名"
"src/main/java/xiaocaoawa/minecraft/mod/cobblebattle/client/TeamPreviewScreen.java","93","FIELD","xiaocaoawa.minecraft.mod.cobblebattle.client.TeamPreviewScreen","picks","picks","待命名"
"src/main/java/xiaocaoawa/minecraft/mod/cobblebattle/client/TeamPreviewScreen.java","94","FIELD","xiaocaoawa.minecraft.mod.cobblebattle.client.TeamPreviewScreen","models","models","待命名"
"src/main/java/xiaocaoawa/minecraft/mod/cobblebattle/client/TeamPreviewScreen.java","95","FIELD","xiaocaoawa.minecraft.mod.cobblebattle.client.TeamPreviewScreen","poses","poses","待命名"
"src/main/java/xiaocaoawa/minecraft/mod/cobblebattle/client/TeamPreviewScreen.java","96","FIELD","xiaocaoawa.minecraft.mod.cobblebattle.client.TeamPreviewScreen","theirPortrait","theirPortrait","待命名"
"src/main/java/xiaocaoawa/minecraft/mod/cobblebattle/client/TeamPreviewScreen.java","97","FIELD","xiaocaoawa.minecraft.mod.cobblebattle.client.TeamPreviewScreen","originX","originX","待命名"
"src/main/java/xiaocaoawa/minecraft/mod/cobblebattle/client/TeamPreviewScreen.java","98","FIELD","xiaocaoawa.minecraft.mod.cobblebattle.client.TeamPreviewScreen","originY","originY","待命名"
"src/main/java/xiaocaoawa/minecraft/mod/cobblebattle/client/TeamPreviewScreen.java","100","PARAMETER","TeamPreviewScreen(xiaocaoawa.minecraft.mod.cobblebattle.network.TeamPreviewPayload)","preview","preview","待命名"
"src/main/java/xiaocaoawa/minecraft/mod/cobblebattle/client/TeamPreviewScreen.java","109","PARAMETER","update(xiaocaoawa.minecraft.mod.cobblebattle.network.TeamPreviewPayload)","preview","preview","待命名"
"src/main/java/xiaocaoawa/minecraft/mod/cobblebattle/client/TeamPreviewScreen.java","126","METHOD","xiaocaoawa.minecraft.mod.cobblebattle.client.TeamPreviewScreen","over","over","待命名"
"src/main/java/xiaocaoawa/minecraft/mod/cobblebattle/client/TeamPreviewScreen.java","136","PARAMETER","render(net.minecraft.client.gui.GuiGraphics,int,int,float)","graphics","graphics","待命名"
"src/main/java/xiaocaoawa/minecraft/mod/cobblebattle/client/TeamPreviewScreen.java","136","PARAMETER","render(net.minecraft.client.gui.GuiGraphics,int,int,float)","mouseX","mouseX","待命名"
"src/main/java/xiaocaoawa/minecraft/mod/cobblebattle/client/TeamPreviewScreen.java","136","PARAMETER","render(net.minecraft.client.gui.GuiGraphics,int,int,float)","mouseY","mouseY","待命名"
"src/main/java/xiaocaoawa/minecraft/mod/cobblebattle/client/TeamPreviewScreen.java","136","PARAMETER","render(net.minecraft.client.gui.GuiGraphics,int,int,float)","partialTick","partialTick","待命名"
"src/main/java/xiaocaoawa/minecraft/mod/cobblebattle/client/TeamPreviewScreen.java","140","LOCAL_VARIABLE","render(net.minecraft.client.gui.GuiGraphics,int,int,float)","left","left","待命名"
"src/main/java/xiaocaoawa/minecraft/mod/cobblebattle/client/TeamPreviewScreen.java","141","LOCAL_VARIABLE","render(net.minecraft.client.gui.GuiGraphics,int,int,float)","top","top","待命名"
"src/main/java/xiaocaoawa/minecraft/mod/cobblebattle/client/TeamPreviewScreen.java","159","METHOD","xiaocaoawa.minecraft.mod.cobblebattle.client.TeamPreviewScreen","drawHeader","drawHeader","待命名"
"src/main/java/xiaocaoawa/minecraft/mod/cobblebattle/client/TeamPreviewScreen.java","159","PARAMETER","drawHeader(net.minecraft.client.gui.GuiGraphics)","graphics","graphics","待命名"
"src/main/java/xiaocaoawa/minecraft/mod/cobblebattle/client/TeamPreviewScreen.java","161","LOCAL_VARIABLE","drawHeader(net.minecraft.client.gui.GuiGraphics)","counts","counts","待命名"
"src/main/java/xiaocaoawa/minecraft/mod/cobblebattle/client/TeamPreviewScreen.java","167","LOCAL_VARIABLE","drawHeader(net.minecraft.client.gui.GuiGraphics)","right","right","待命名"
"src/main/java/xiaocaoawa/minecraft/mod/cobblebattle/client/TeamPreviewScreen.java","173","METHOD","xiaocaoawa.minecraft.mod.cobblebattle.client.TeamPreviewScreen","clock","clock","待命名"
"src/main/java/xiaocaoawa/minecraft/mod/cobblebattle/client/TeamPreviewScreen.java","174","LOCAL_VARIABLE","clock()","left","left","待命名"
"src/main/java/xiaocaoawa/minecraft/mod/cobblebattle/client/TeamPreviewScreen.java","175","LOCAL_VARIABLE","clock()","seconds","seconds","待命名"
"src/main/java/xiaocaoawa/minecraft/mod/cobblebattle/client/TeamPreviewScreen.java","179","METHOD","xiaocaoawa.minecraft.mod.cobblebattle.client.TeamPreviewScreen","drawColumn","drawColumn","待命名"
"src/main/java/xiaocaoawa/minecraft/mod/cobblebattle/client/TeamPreviewScreen.java","179","PARAMETER","drawColumn(net.minecraft.client.gui.GuiGraphics,int,java.util.List<xiaocaoawa.minecraft.mod.cobblebattle.network.TeamPreviewPayload.Slot>,boolean,int,int,float)","graphics","graphics","待命名"
"src/main/java/xiaocaoawa/minecraft/mod/cobblebattle/client/TeamPreviewScreen.java","179","PARAMETER","drawColumn(net.minecraft.client.gui.GuiGraphics,int,java.util.List<xiaocaoawa.minecraft.mod.cobblebattle.network.TeamPreviewPayload.Slot>,boolean,int,int,float)","x","x","待命名"
"src/main/java/xiaocaoawa/minecraft/mod/cobblebattle/client/TeamPreviewScreen.java","179","PARAMETER","drawColumn(net.minecraft.client.gui.GuiGraphics,int,java.util.List<xiaocaoawa.minecraft.mod.cobblebattle.network.TeamPreviewPayload.Slot>,boolean,int,int,float)","team","roster","待验证"
"src/main/java/xiaocaoawa/minecraft/mod/cobblebattle/client/TeamPreviewScreen.java","179","PARAMETER","drawColumn(net.minecraft.client.gui.GuiGraphics,int,java.util.List<xiaocaoawa.minecraft.mod.cobblebattle.network.TeamPreviewPayload.Slot>,boolean,int,int,float)","mine","mine","待命名"
"src/main/java/xiaocaoawa/minecraft/mod/cobblebattle/client/TeamPreviewScreen.java","179","PARAMETER","drawColumn(net.minecraft.client.gui.GuiGraphics,int,java.util.List<xiaocaoawa.minecraft.mod.cobblebattle.network.TeamPreviewPayload.Slot>,boolean,int,int,float)","mouseX","mouseX","待命名"
"src/main/java/xiaocaoawa/minecraft/mod/cobblebattle/client/TeamPreviewScreen.java","179","PARAMETER","drawColumn(net.minecraft.client.gui.GuiGraphics,int,java.util.List<xiaocaoawa.minecraft.mod.cobblebattle.network.TeamPreviewPayload.Slot>,boolean,int,int,float)","mouseY","mouseY","待命名"
"src/main/java/xiaocaoawa/minecraft/mod/cobblebattle/client/TeamPreviewScreen.java","179","PARAMETER","drawColumn(net.minecraft.client.gui.GuiGraphics,int,java.util.List<xiaocaoawa.minecraft.mod.cobblebattle.network.TeamPreviewPayload.Slot>,boolean,int,int,float)","partialTick","partialTick","待命名"
"src/main/java/xiaocaoawa/minecraft/mod/cobblebattle/client/TeamPreviewScreen.java","180","LOCAL_VARIABLE","drawColumn(net.minecraft.client.gui.GuiGraphics,int,java.util.List<xiaocaoawa.minecraft.mod.cobblebattle.network.TeamPreviewPayload.Slot>,boolean,int,int,float)","i","i","待命名"
"src/main/java/xiaocaoawa/minecraft/mod/cobblebattle/client/TeamPreviewScreen.java","181","LOCAL_VARIABLE","drawColumn(net.minecraft.client.gui.GuiGraphics,int,java.util.List<xiaocaoawa.minecraft.mod.cobblebattle.network.TeamPreviewPayload.Slot>,boolean,int,int,float)","px","px","待命名"
"src/main/java/xiaocaoawa/minecraft/mod/cobblebattle/client/TeamPreviewScreen.java","182","LOCAL_VARIABLE","drawColumn(net.minecraft.client.gui.GuiGraphics,int,java.util.List<xiaocaoawa.minecraft.mod.cobblebattle.network.TeamPreviewPayload.Slot>,boolean,int,int,float)","py","py","待命名"
"src/main/java/xiaocaoawa/minecraft/mod/cobblebattle/client/TeamPreviewScreen.java","183","LOCAL_VARIABLE","drawColumn(net.minecraft.client.gui.GuiGraphics,int,java.util.List<xiaocaoawa.minecraft.mod.cobblebattle.network.TeamPreviewPayload.Slot>,boolean,int,int,float)","slot","slot","待命名"
"src/main/java/xiaocaoawa/minecraft/mod/cobblebattle/client/TeamPreviewScreen.java","184","LOCAL_VARIABLE","drawColumn(net.minecraft.client.gui.GuiGraphics,int,java.util.List<xiaocaoawa.minecraft.mod.cobblebattle.network.TeamPreviewPayload.Slot>,boolean,int,int,float)","order","order","待命名"
"src/main/java/xiaocaoawa/minecraft/mod/cobblebattle/client/TeamPreviewScreen.java","185","LOCAL_VARIABLE","drawColumn(net.minecraft.client.gui.GuiGraphics,int,java.util.List<xiaocaoawa.minecraft.mod.cobblebattle.network.TeamPreviewPayload.Slot>,boolean,int,int,float)","hover","hover","待命名"
"src/main/java/xiaocaoawa/minecraft/mod/cobblebattle/client/TeamPreviewScreen.java","186","LOCAL_VARIABLE","drawColumn(net.minecraft.client.gui.GuiGraphics,int,java.util.List<xiaocaoawa.minecraft.mod.cobblebattle.network.TeamPreviewPayload.Slot>,boolean,int,int,float)","fill","fill","待命名"
"src/main/java/xiaocaoawa/minecraft/mod/cobblebattle/client/TeamPreviewScreen.java","198","LOCAL_VARIABLE","drawColumn(net.minecraft.client.gui.GuiGraphics,int,java.util.List<xiaocaoawa.minecraft.mod.cobblebattle.network.TeamPreviewPayload.Slot>,boolean,int,int,float)","edge","edge","待命名"
"src/main/java/xiaocaoawa/minecraft/mod/cobblebattle/client/TeamPreviewScreen.java","204","LOCAL_VARIABLE","drawColumn(net.minecraft.client.gui.GuiGraphics,int,java.util.List<xiaocaoawa.minecraft.mod.cobblebattle.network.TeamPreviewPayload.Slot>,boolean,int,int,float)","iconX","iconX","待命名"
"src/main/java/xiaocaoawa/minecraft/mod/cobblebattle/client/TeamPreviewScreen.java","206","LOCAL_VARIABLE","drawColumn(net.minecraft.client.gui.GuiGraphics,int,java.util.List<xiaocaoawa.minecraft.mod.cobblebattle.network.TeamPreviewPayload.Slot>,boolean,int,int,float)","textLeft","textLeft","待命名"
"src/main/java/xiaocaoawa/minecraft/mod/cobblebattle/client/TeamPreviewScreen.java","207","LOCAL_VARIABLE","drawColumn(net.minecraft.client.gui.GuiGraphics,int,java.util.List<xiaocaoawa.minecraft.mod.cobblebattle.network.TeamPreviewPayload.Slot>,boolean,int,int,float)","textRight","textRight","待命名"
"src/main/java/xiaocaoawa/minecraft/mod/cobblebattle/client/TeamPreviewScreen.java","211","LOCAL_VARIABLE","drawColumn(net.minecraft.client.gui.GuiGraphics,int,java.util.List<xiaocaoawa.minecraft.mod.cobblebattle.network.TeamPreviewPayload.Slot>,boolean,int,int,float)","name","name","待命名"
"src/main/java/xiaocaoawa/minecraft/mod/cobblebattle/client/TeamPreviewScreen.java","213","LOCAL_VARIABLE","drawColumn(net.minecraft.client.gui.GuiGraphics,int,java.util.List<xiaocaoawa.minecraft.mod.cobblebattle.network.TeamPreviewPayload.Slot>,boolean,int,int,float)","sub","sub","待命名"
"src/main/java/xiaocaoawa/minecraft/mod/cobblebattle/client/TeamPreviewScreen.java","220","LOCAL_VARIABLE","drawColumn(net.minecraft.client.gui.GuiGraphics,int,java.util.List<xiaocaoawa.minecraft.mod.cobblebattle.network.TeamPreviewPayload.Slot>,boolean,int,int,float)","leads","leads","待命名"
"src/main/java/xiaocaoawa/minecraft/mod/cobblebattle/client/TeamPreviewScreen.java","221","LOCAL_VARIABLE","drawColumn(net.minecraft.client.gui.GuiGraphics,int,java.util.List<xiaocaoawa.minecraft.mod.cobblebattle.network.TeamPreviewPayload.Slot>,boolean,int,int,float)","badgeX","badgeX","待命名"
"src/main/java/xiaocaoawa/minecraft/mod/cobblebattle/client/TeamPreviewScreen.java","229","METHOD","xiaocaoawa.minecraft.mod.cobblebattle.client.TeamPreviewScreen","drawPokemon","drawCreature","待验证"
"src/main/java/xiaocaoawa/minecraft/mod/cobblebattle/client/TeamPreviewScreen.java","229","PARAMETER","drawPokemon(net.minecraft.client.gui.GuiGraphics,xiaocaoawa.minecraft.mod.cobblebattle.network.TeamPreviewPayload.Slot,int,int,float)","graphics","graphics","待命名"
"src/main/java/xiaocaoawa/minecraft/mod/cobblebattle/client/TeamPreviewScreen.java","229","PARAMETER","drawPokemon(net.minecraft.client.gui.GuiGraphics,xiaocaoawa.minecraft.mod.cobblebattle.network.TeamPreviewPayload.Slot,int,int,float)","slot","slot","待命名"
"src/main/java/xiaocaoawa/minecraft/mod/cobblebattle/client/TeamPreviewScreen.java","229","PARAMETER","drawPokemon(net.minecraft.client.gui.GuiGraphics,xiaocaoawa.minecraft.mod.cobblebattle.network.TeamPreviewPayload.Slot,int,int,float)","x","x","待命名"
"src/main/java/xiaocaoawa/minecraft/mod/cobblebattle/client/TeamPreviewScreen.java","229","PARAMETER","drawPokemon(net.minecraft.client.gui.GuiGraphics,xiaocaoawa.minecraft.mod.cobblebattle.network.TeamPreviewPayload.Slot,int,int,float)","y","y","待命名"
"src/main/java/xiaocaoawa/minecraft/mod/cobblebattle/client/TeamPreviewScreen.java","229","PARAMETER","drawPokemon(net.minecraft.client.gui.GuiGraphics,xiaocaoawa.minecraft.mod.cobblebattle.network.TeamPreviewPayload.Slot,int,int,float)","partialTick","partialTick","待命名"
"src/main/java/xiaocaoawa/minecraft/mod/cobblebattle/client/TeamPreviewScreen.java","230","LOCAL_VARIABLE","drawPokemon(net.minecraft.client.gui.GuiGraphics,xiaocaoawa.minecraft.mod.cobblebattle.network.TeamPreviewPayload.Slot,int,int,float)","model","model","待命名"
"src/main/java/xiaocaoawa/minecraft/mod/cobblebattle/client/TeamPreviewScreen.java","231","LOCAL_VARIABLE","drawPokemon(net.minecraft.client.gui.GuiGraphics,xiaocaoawa.minecraft.mod.cobblebattle.network.TeamPreviewPayload.Slot,int,int,float)","centreX","centreX","待命名"
"src/main/java/xiaocaoawa/minecraft/mod/cobblebattle/client/TeamPreviewScreen.java","232","LOCAL_VARIABLE","drawPokemon(net.minecraft.client.gui.GuiGraphics,xiaocaoawa.minecraft.mod.cobblebattle.network.TeamPreviewPayload.Slot,int,int,float)","floor","floor","待命名"
"src/main/java/xiaocaoawa/minecraft/mod/cobblebattle/client/TeamPreviewScreen.java","239","LOCAL_VARIABLE","drawPokemon(net.minecraft.client.gui.GuiGraphics,xiaocaoawa.minecraft.mod.cobblebattle.network.TeamPreviewPayload.Slot,int,int,float)","blocks","blocks","待命名"
"src/main/java/xiaocaoawa/minecraft/mod/cobblebattle/client/TeamPreviewScreen.java","240","LOCAL_VARIABLE","drawPokemon(net.minecraft.client.gui.GuiGraphics,xiaocaoawa.minecraft.mod.cobblebattle.network.TeamPreviewPayload.Slot,int,int,float)","scale","scale","待命名"
"src/main/java/xiaocaoawa/minecraft/mod/cobblebattle/client/TeamPreviewScreen.java","243","LOCAL_VARIABLE","drawPokemon(net.minecraft.client.gui.GuiGraphics,xiaocaoawa.minecraft.mod.cobblebattle.network.TeamPreviewPayload.Slot,int,int,float)","rotation","rotation","待命名"
"src/main/java/xiaocaoawa/minecraft/mod/cobblebattle/client/TeamPreviewScreen.java","249","PARAMETER","drawPokemon(net.minecraft.client.gui.GuiGraphics,xiaocaoawa.minecraft.mod.cobblebattle.network.TeamPreviewPayload.Slot,int,int,float)","k","k","待命名"
"src/main/java/xiaocaoawa/minecraft/mod/cobblebattle/client/TeamPreviewScreen.java","268","METHOD","xiaocaoawa.minecraft.mod.cobblebattle.client.TeamPreviewScreen","drawTrainer","drawTrainer","待命名"
"src/main/java/xiaocaoawa/minecraft/mod/cobblebattle/client/TeamPreviewScreen.java","268","PARAMETER","drawTrainer(net.minecraft.client.gui.GuiGraphics,int,boolean,float)","graphics","graphics","待命名"
"src/main/java/xiaocaoawa/minecraft/mod/cobblebattle/client/TeamPreviewScreen.java","268","PARAMETER","drawTrainer(net.minecraft.client.gui.GuiGraphics,int,boolean,float)","x","x","待命名"
"src/main/java/xiaocaoawa/minecraft/mod/cobblebattle/client/TeamPreviewScreen.java","268","PARAMETER","drawTrainer(net.minecraft.client.gui.GuiGraphics,int,boolean,float)","mine","mine","待命名"
"src/main/java/xiaocaoawa/minecraft/mod/cobblebattle/client/TeamPreviewScreen.java","268","PARAMETER","drawTrainer(net.minecraft.client.gui.GuiGraphics,int,boolean,float)","partialTick","partialTick","待命名"
"src/main/java/xiaocaoawa/minecraft/mod/cobblebattle/client/TeamPreviewScreen.java","269","LOCAL_VARIABLE","drawTrainer(net.minecraft.client.gui.GuiGraphics,int,boolean,float)","px","px","待命名"
"src/main/java/xiaocaoawa/minecraft/mod/cobblebattle/client/TeamPreviewScreen.java","270","LOCAL_VARIABLE","drawTrainer(net.minecraft.client.gui.GuiGraphics,int,boolean,float)","py","py","待命名"
"src/main/java/xiaocaoawa/minecraft/mod/cobblebattle/client/TeamPreviewScreen.java","277","LOCAL_VARIABLE","drawTrainer(net.minecraft.client.gui.GuiGraphics,int,boolean,float)","who","who","待命名"
"src/main/java/xiaocaoawa/minecraft/mod/cobblebattle/client/TeamPreviewScreen.java","285","LOCAL_VARIABLE","drawTrainer(net.minecraft.client.gui.GuiGraphics,int,boolean,float)","centreX","centreX","待命名"
"src/main/java/xiaocaoawa/minecraft/mod/cobblebattle/client/TeamPreviewScreen.java","287","LOCAL_VARIABLE","drawTrainer(net.minecraft.client.gui.GuiGraphics,int,boolean,float)","portrait","portrait","待命名"
"src/main/java/xiaocaoawa/minecraft/mod/cobblebattle/client/TeamPreviewScreen.java","295","LOCAL_VARIABLE","drawTrainer(net.minecraft.client.gui.GuiGraphics,int,boolean,float)","ready","ready","待命名"
"src/main/java/xiaocaoawa/minecraft/mod/cobblebattle/client/TeamPreviewScreen.java","296","LOCAL_VARIABLE","drawTrainer(net.minecraft.client.gui.GuiGraphics,int,boolean,float)","status","status","待命名"
"src/main/java/xiaocaoawa/minecraft/mod/cobblebattle/client/TeamPreviewScreen.java","310","METHOD","xiaocaoawa.minecraft.mod.cobblebattle.client.TeamPreviewScreen","portraitOf","portraitOf","待命名"
"src/main/java/xiaocaoawa/minecraft/mod/cobblebattle/client/TeamPreviewScreen.java","310","PARAMETER","portraitOf(boolean)","mine","mine","待命名"
"src/main/java/xiaocaoawa/minecraft/mod/cobblebattle/client/TeamPreviewScreen.java","311","LOCAL_VARIABLE","portraitOf(boolean)","minecraft","minecraft","待命名"
"src/main/java/xiaocaoawa/minecraft/mod/cobblebattle/client/TeamPreviewScreen.java","313","LOCAL_VARIABLE","portraitOf(boolean)","var4","var4","待命名"
"src/main/java/xiaocaoawa/minecraft/mod/cobblebattle/client/TeamPreviewScreen.java","324","METHOD","xiaocaoawa.minecraft.mod.cobblebattle.client.TeamPreviewScreen","locked","locked","待命名"
"src/main/java/xiaocaoawa/minecraft/mod/cobblebattle/client/TeamPreviewScreen.java","328","METHOD","xiaocaoawa.minecraft.mod.cobblebattle.client.TeamPreviewScreen","confirmable","confirmable","待命名"
"src/main/java/xiaocaoawa/minecraft/mod/cobblebattle/client/TeamPreviewScreen.java","332","METHOD","xiaocaoawa.minecraft.mod.cobblebattle.client.TeamPreviewScreen","drawConfirm","drawConfirm","待命名"
"src/main/java/xiaocaoawa/minecraft/mod/cobblebattle/client/TeamPreviewScreen.java","332","PARAMETER","drawConfirm(net.minecraft.client.gui.GuiGraphics,int,int)","graphics","graphics","待命名"
"src/main/java/xiaocaoawa/minecraft/mod/cobblebattle/client/TeamPreviewScreen.java","332","PARAMETER","drawConfirm(net.minecraft.client.gui.GuiGraphics,int,int)","mouseX","mouseX","待命名"
"src/main/java/xiaocaoawa/minecraft/mod/cobblebattle/client/TeamPreviewScreen.java","332","PARAMETER","drawConfirm(net.minecraft.client.gui.GuiGraphics,int,int)","mouseY","mouseY","待命名"
"src/main/java/xiaocaoawa/minecraft/mod/cobblebattle/client/TeamPreviewScreen.java","333","LOCAL_VARIABLE","drawConfirm(net.minecraft.client.gui.GuiGraphics,int,int)","x","x","待命名"
"src/main/java/xiaocaoawa/minecraft/mod/cobblebattle/client/TeamPreviewScreen.java","334","LOCAL_VARIABLE","drawConfirm(net.minecraft.client.gui.GuiGraphics,int,int)","y","y","待命名"
"src/main/java/xiaocaoawa/minecraft/mod/cobblebattle/client/TeamPreviewScreen.java","335","LOCAL_VARIABLE","drawConfirm(net.minecraft.client.gui.GuiGraphics,int,int)","ready","ready","待命名"
"src/main/java/xiaocaoawa/minecraft/mod/cobblebattle/client/TeamPreviewScreen.java","336","LOCAL_VARIABLE","drawConfirm(net.minecraft.client.gui.GuiGraphics,int,int)","hover","hover","待命名"
"src/main/java/xiaocaoawa/minecraft/mod/cobblebattle/client/TeamPreviewScreen.java","342","LOCAL_VARIABLE","drawConfirm(net.minecraft.client.gui.GuiGraphics,int,int)","label","label","待命名"
"src/main/java/xiaocaoawa/minecraft/mod/cobblebattle/client/TeamPreviewScreen.java","356","METHOD","xiaocaoawa.minecraft.mod.cobblebattle.client.TeamPreviewScreen","inConfirm","inConfirm","待命名"
"src/main/java/xiaocaoawa/minecraft/mod/cobblebattle/client/TeamPreviewScreen.java","356","PARAMETER","inConfirm(double,double)","mouseX","mouseX","待命名"
"src/main/java/xiaocaoawa/minecraft/mod/cobblebattle/client/TeamPreviewScreen.java","356","PARAMETER","inConfirm(double,double)","mouseY","mouseY","待命名"
"src/main/java/xiaocaoawa/minecraft/mod/cobblebattle/client/TeamPreviewScreen.java","357","LOCAL_VARIABLE","inConfirm(double,double)","x","x","待命名"
"src/main/java/xiaocaoawa/minecraft/mod/cobblebattle/client/TeamPreviewScreen.java","358","LOCAL_VARIABLE","inConfirm(double,double)","y","y","待命名"
"src/main/java/xiaocaoawa/minecraft/mod/cobblebattle/client/TeamPreviewScreen.java","362","METHOD","xiaocaoawa.minecraft.mod.cobblebattle.client.TeamPreviewScreen","drawTooltip","drawTooltip","待命名"
"src/main/java/xiaocaoawa/minecraft/mod/cobblebattle/client/TeamPreviewScreen.java","362","PARAMETER","drawTooltip(net.minecraft.client.gui.GuiGraphics,int,int)","graphics","graphics","待命名"
"src/main/java/xiaocaoawa/minecraft/mod/cobblebattle/client/TeamPreviewScreen.java","362","PARAMETER","drawTooltip(net.minecraft.client.gui.GuiGraphics,int,int)","mouseX","mouseX","待命名"
"src/main/java/xiaocaoawa/minecraft/mod/cobblebattle/client/TeamPreviewScreen.java","362","PARAMETER","drawTooltip(net.minecraft.client.gui.GuiGraphics,int,int)","mouseY","mouseY","待命名"
"src/main/java/xiaocaoawa/minecraft/mod/cobblebattle/client/TeamPreviewScreen.java","363","LOCAL_VARIABLE","drawTooltip(net.minecraft.client.gui.GuiGraphics,int,int)","slot","slot","待命名"
"src/main/java/xiaocaoawa/minecraft/mod/cobblebattle/client/TeamPreviewScreen.java","365","LOCAL_VARIABLE","drawTooltip(net.minecraft.client.gui.GuiGraphics,int,int)","lines","lines","待命名"
"src/main/java/xiaocaoawa/minecraft/mod/cobblebattle/client/TeamPreviewScreen.java","380","METHOD","xiaocaoawa.minecraft.mod.cobblebattle.client.TeamPreviewScreen","slotAt","slotAt","待命名"
"src/main/java/xiaocaoawa/minecraft/mod/cobblebattle/client/TeamPreviewScreen.java","380","PARAMETER","slotAt(double,double)","mouseX","mouseX","待命名"
"src/main/java/xiaocaoawa/minecraft/mod/cobblebattle/client/TeamPreviewScreen.java","380","PARAMETER","slotAt(double,double)","mouseY","mouseY","待命名"
"src/main/java/xiaocaoawa/minecraft/mod/cobblebattle/client/TeamPreviewScreen.java","381","LOCAL_VARIABLE","slotAt(double,double)","i","i","待命名"
"src/main/java/xiaocaoawa/minecraft/mod/cobblebattle/client/TeamPreviewScreen.java","382","LOCAL_VARIABLE","slotAt(double,double)","py","py","待命名"
"src/main/java/xiaocaoawa/minecraft/mod/cobblebattle/client/TeamPreviewScreen.java","384","LOCAL_VARIABLE","slotAt(double,double)","mineX","mineX","待命名"
"src/main/java/xiaocaoawa/minecraft/mod/cobblebattle/client/TeamPreviewScreen.java","389","LOCAL_VARIABLE","slotAt(double,double)","theirsX","theirsX","待命名"
"src/main/java/xiaocaoawa/minecraft/mod/cobblebattle/client/TeamPreviewScreen.java","399","PARAMETER","mouseClicked(double,double,int)","mouseX","mouseX","待命名"
"src/main/java/xiaocaoawa/minecraft/mod/cobblebattle/client/TeamPreviewScreen.java","399","PARAMETER","mouseClicked(double,double,int)","mouseY","mouseY","待命名"
"src/main/java/xiaocaoawa/minecraft/mod/cobblebattle/client/TeamPreviewScreen.java","399","PARAMETER","mouseClicked(double,double,int)","button","button","待命名"
"src/main/java/xiaocaoawa/minecraft/mod/cobblebattle/client/TeamPreviewScreen.java","408","LOCAL_VARIABLE","mouseClicked(double,double,int)","i","i","待命名"
"src/main/java/xiaocaoawa/minecraft/mod/cobblebattle/client/TeamPreviewScreen.java","409","LOCAL_VARIABLE","mouseClicked(double,double,int)","px","px","待命名"
"src/main/java/xiaocaoawa/minecraft/mod/cobblebattle/client/TeamPreviewScreen.java","410","LOCAL_VARIABLE","mouseClicked(double,double,int)","py","py","待命名"
"src/main/java/xiaocaoawa/minecraft/mod/cobblebattle/client/TeamPreviewScreen.java","421","METHOD","xiaocaoawa.minecraft.mod.cobblebattle.client.TeamPreviewScreen","toggle","toggle","待命名"
"src/main/java/xiaocaoawa/minecraft/mod/cobblebattle/client/TeamPreviewScreen.java","421","PARAMETER","toggle(int)","slot","slot","待命名"
"src/main/java/xiaocaoawa/minecraft/mod/cobblebattle/client/TeamPreviewScreen.java","429","METHOD","xiaocaoawa.minecraft.mod.cobblebattle.client.TeamPreviewScreen","send","send","待命名"
"src/main/java/xiaocaoawa/minecraft/mod/cobblebattle/client/TeamPreviewScreen.java","447","METHOD","xiaocaoawa.minecraft.mod.cobblebattle.client.TeamPreviewScreen","key","key","待命名"
"src/main/java/xiaocaoawa/minecraft/mod/cobblebattle/client/TeamPreviewScreen.java","447","PARAMETER","key(xiaocaoawa.minecraft.mod.cobblebattle.network.TeamPreviewPayload.Slot)","slot","slot","待命名"
"src/main/java/xiaocaoawa/minecraft/mod/cobblebattle/client/TeamPreviewScreen.java","451","METHOD","xiaocaoawa.minecraft.mod.cobblebattle.client.TeamPreviewScreen","speciesName","speciesTemplateName","待验证"
"src/main/java/xiaocaoawa/minecraft/mod/cobblebattle/client/TeamPreviewScreen.java","451","PARAMETER","speciesName(xiaocaoawa.minecraft.mod.cobblebattle.network.TeamPreviewPayload.Slot)","slot","slot","待命名"
"src/main/java/xiaocaoawa/minecraft/mod/cobblebattle/client/TeamPreviewScreen.java","452","LOCAL_VARIABLE","speciesName(xiaocaoawa.minecraft.mod.cobblebattle.network.TeamPreviewPayload.Slot)","species","speciesTemplate","待验证"
"src/main/java/xiaocaoawa/minecraft/mod/cobblebattle/client/TeamPreviewScreen.java","456","METHOD","xiaocaoawa.minecraft.mod.cobblebattle.client.TeamPreviewScreen","gender","gender","待命名"
"src/main/java/xiaocaoawa/minecraft/mod/cobblebattle/client/TeamPreviewScreen.java","456","PARAMETER","gender(xiaocaoawa.minecraft.mod.cobblebattle.network.TeamPreviewPayload.Slot)","slot","slot","待命名"
"src/main/java/xiaocaoawa/minecraft/mod/cobblebattle/client/TeamPreviewScreen.java","464","METHOD","xiaocaoawa.minecraft.mod.cobblebattle.client.TeamPreviewScreen","itemName","itemName","待命名"
"src/main/java/xiaocaoawa/minecraft/mod/cobblebattle/client/TeamPreviewScreen.java","464","PARAMETER","itemName(java.lang.String)","id","id","待命名"
"src/main/java/xiaocaoawa/minecraft/mod/cobblebattle/client/TeamPreviewScreen.java","465","LOCAL_VARIABLE","itemName(java.lang.String)","location","location","待命名"
"src/main/java/xiaocaoawa/minecraft/mod/cobblebattle/client/TeamPreviewScreen.java","467","LOCAL_VARIABLE","itemName(java.lang.String)","item","item","待命名"
"src/main/java/xiaocaoawa/minecraft/mod/cobblebattle/client/TeamPreviewScreen.java","470","LOCAL_VARIABLE","itemName(java.lang.String)","vanilla","vanilla","待命名"
"src/main/java/xiaocaoawa/minecraft/mod/cobblebattle/client/TeamPreviewScreen.java","477","METHOD","xiaocaoawa.minecraft.mod.cobblebattle.client.TeamPreviewScreen","modelOf","modelOf","待命名"
"src/main/java/xiaocaoawa/minecraft/mod/cobblebattle/client/TeamPreviewScreen.java","477","PARAMETER","modelOf(xiaocaoawa.minecraft.mod.cobblebattle.network.TeamPreviewPayload.Slot)","slot","slot","待命名"
"src/main/java/xiaocaoawa/minecraft/mod/cobblebattle/client/TeamPreviewScreen.java","478","PARAMETER","modelOf(xiaocaoawa.minecraft.mod.cobblebattle.network.TeamPreviewPayload.Slot)","k","k","待命名"
"src/main/java/xiaocaoawa/minecraft/mod/cobblebattle/client/TeamPreviewScreen.java","479","LOCAL_VARIABLE","modelOf(xiaocaoawa.minecraft.mod.cobblebattle.network.TeamPreviewPayload.Slot)","species","speciesTemplate","待验证"
"src/main/java/xiaocaoawa/minecraft/mod/cobblebattle/client/TeamPreviewScreen.java","483","LOCAL_VARIABLE","modelOf(xiaocaoawa.minecraft.mod.cobblebattle.network.TeamPreviewPayload.Slot)","aspects","aspects","待命名"
"src/main/java/xiaocaoawa/minecraft/mod/cobblebattle/client/TeamPreviewScreen.java","501","METHOD","xiaocaoawa.minecraft.mod.cobblebattle.client.TeamPreviewScreen","large","large","待命名"
"src/main/java/xiaocaoawa/minecraft/mod/cobblebattle/client/TeamPreviewScreen.java","501","PARAMETER","large(java.lang.String)","text","text","待命名"
"src/main/java/xiaocaoawa/minecraft/mod/cobblebattle/client/TeamPreviewScreen.java","502","PARAMETER","large(java.lang.String)","style","style","待命名"
"src/main/java/xiaocaoawa/minecraft/mod/cobblebattle/client/Ui.java","17","PARAMETER","of(net.minecraft.network.chat.Component)","text","text","待命名"
"src/main/java/xiaocaoawa/minecraft/mod/cobblebattle/client/Ui.java","18","PARAMETER","of(net.minecraft.network.chat.Component)","style","style","待命名"
"src/main/java/xiaocaoawa/minecraft/mod/cobblebattle/client/Ui.java","21","PARAMETER","of(java.lang.String)","text","text","待命名"
"src/main/java/xiaocaoawa/minecraft/mod/cobblebattle/client/Ui.java","22","PARAMETER","of(java.lang.String)","style","style","待命名"
"src/main/java/xiaocaoawa/minecraft/mod/cobblebattle/client/Ui.java","25","PARAMETER","plain(java.lang.String)","text","text","待命名"
"src/main/java/xiaocaoawa/minecraft/mod/cobblebattle/client/Ui.java","26","PARAMETER","plain(java.lang.String)","style","style","待命名"
"src/main/java/xiaocaoawa/minecraft/mod/cobblebattle/client/Ui.java","29","PARAMETER","join(net.minecraft.network.chat.Component...)","parts","parts","待命名"
"src/main/java/xiaocaoawa/minecraft/mod/cobblebattle/client/Ui.java","30","LOCAL_VARIABLE","join(net.minecraft.network.chat.Component...)","out","outputStream","待验证"
"src/main/java/xiaocaoawa/minecraft/mod/cobblebattle/client/Ui.java","32","LOCAL_VARIABLE","join(net.minecraft.network.chat.Component...)","i","i","待命名"
"src/main/java/xiaocaoawa/minecraft/mod/cobblebattle/client/Ui.java","43","PARAMETER","draw(net.minecraft.client.gui.GuiGraphics,net.minecraft.client.gui.Font,java.lang.String,int,int,int)","graphics","graphics","待命名"
"src/main/java/xiaocaoawa/minecraft/mod/cobblebattle/client/Ui.java","43","PARAMETER","draw(net.minecraft.client.gui.GuiGraphics,net.minecraft.client.gui.Font,java.lang.String,int,int,int)","font","font","待命名"
"src/main/java/xiaocaoawa/minecraft/mod/cobblebattle/client/Ui.java","43","PARAMETER","draw(net.minecraft.client.gui.GuiGraphics,net.minecraft.client.gui.Font,java.lang.String,int,int,int)","text","text","待命名"
"src/main/java/xiaocaoawa/minecraft/mod/cobblebattle/client/Ui.java","43","PARAMETER","draw(net.minecraft.client.gui.GuiGraphics,net.minecraft.client.gui.Font,java.lang.String,int,int,int)","x","x","待命名"
"src/main/java/xiaocaoawa/minecraft/mod/cobblebattle/client/Ui.java","43","PARAMETER","draw(net.minecraft.client.gui.GuiGraphics,net.minecraft.client.gui.Font,java.lang.String,int,int,int)","y","y","待命名"
"src/main/java/xiaocaoawa/minecraft/mod/cobblebattle/client/Ui.java","43","PARAMETER","draw(net.minecraft.client.gui.GuiGraphics,net.minecraft.client.gui.Font,java.lang.String,int,int,int)","colour","colour","待命名"
"src/main/java/xiaocaoawa/minecraft/mod/cobblebattle/client/Ui.java","47","PARAMETER","draw(net.minecraft.client.gui.GuiGraphics,net.minecraft.client.gui.Font,java.lang.String,int,int,int,boolean)","graphics","graphics","待命名"
"src/main/java/xiaocaoawa/minecraft/mod/cobblebattle/client/Ui.java","47","PARAMETER","draw(net.minecraft.client.gui.GuiGraphics,net.minecraft.client.gui.Font,java.lang.String,int,int,int,boolean)","font","font","待命名"
"src/main/java/xiaocaoawa/minecraft/mod/cobblebattle/client/Ui.java","47","PARAMETER","draw(net.minecraft.client.gui.GuiGraphics,net.minecraft.client.gui.Font,java.lang.String,int,int,int,boolean)","text","text","待命名"
"src/main/java/xiaocaoawa/minecraft/mod/cobblebattle/client/Ui.java","47","PARAMETER","draw(net.minecraft.client.gui.GuiGraphics,net.minecraft.client.gui.Font,java.lang.String,int,int,int,boolean)","x","x","待命名"
"src/main/java/xiaocaoawa/minecraft/mod/cobblebattle/client/Ui.java","47","PARAMETER","draw(net.minecraft.client.gui.GuiGraphics,net.minecraft.client.gui.Font,java.lang.String,int,int,int,boolean)","y","y","待命名"
"src/main/java/xiaocaoawa/minecraft/mod/cobblebattle/client/Ui.java","47","PARAMETER","draw(net.minecraft.client.gui.GuiGraphics,net.minecraft.client.gui.Font,java.lang.String,int,int,int,boolean)","colour","colour","待命名"
"src/main/java/xiaocaoawa/minecraft/mod/cobblebattle/client/Ui.java","47","PARAMETER","draw(net.minecraft.client.gui.GuiGraphics,net.minecraft.client.gui.Font,java.lang.String,int,int,int,boolean)","shadow","shadow","待命名"
"src/main/java/xiaocaoawa/minecraft/mod/cobblebattle/client/Ui.java","51","PARAMETER","draw(net.minecraft.client.gui.GuiGraphics,net.minecraft.client.gui.Font,net.minecraft.network.chat.Component,int,int,int)","graphics","graphics","待命名"
"src/main/java/xiaocaoawa/minecraft/mod/cobblebattle/client/Ui.java","51","PARAMETER","draw(net.minecraft.client.gui.GuiGraphics,net.minecraft.client.gui.Font,net.minecraft.network.chat.Component,int,int,int)","font","font","待命名"
"src/main/java/xiaocaoawa/minecraft/mod/cobblebattle/client/Ui.java","51","PARAMETER","draw(net.minecraft.client.gui.GuiGraphics,net.minecraft.client.gui.Font,net.minecraft.network.chat.Component,int,int,int)","text","text","待命名"
"src/main/java/xiaocaoawa/minecraft/mod/cobblebattle/client/Ui.java","51","PARAMETER","draw(net.minecraft.client.gui.GuiGraphics,net.minecraft.client.gui.Font,net.minecraft.network.chat.Component,int,int,int)","x","x","待命名"
"src/main/java/xiaocaoawa/minecraft/mod/cobblebattle/client/Ui.java","51","PARAMETER","draw(net.minecraft.client.gui.GuiGraphics,net.minecraft.client.gui.Font,net.minecraft.network.chat.Component,int,int,int)","y","y","待命名"
"src/main/java/xiaocaoawa/minecraft/mod/cobblebattle/client/Ui.java","51","PARAMETER","draw(net.minecraft.client.gui.GuiGraphics,net.minecraft.client.gui.Font,net.minecraft.network.chat.Component,int,int,int)","colour","colour","待命名"
"src/main/java/xiaocaoawa/minecraft/mod/cobblebattle/client/Ui.java","55","PARAMETER","draw(net.minecraft.client.gui.GuiGraphics,net.minecraft.client.gui.Font,net.minecraft.network.chat.Component,int,int,int,boolean)","graphics","graphics","待命名"
"src/main/java/xiaocaoawa/minecraft/mod/cobblebattle/client/Ui.java","55","PARAMETER","draw(net.minecraft.client.gui.GuiGraphics,net.minecraft.client.gui.Font,net.minecraft.network.chat.Component,int,int,int,boolean)","font","font","待命名"
"src/main/java/xiaocaoawa/minecraft/mod/cobblebattle/client/Ui.java","55","PARAMETER","draw(net.minecraft.client.gui.GuiGraphics,net.minecraft.client.gui.Font,net.minecraft.network.chat.Component,int,int,int,boolean)","text","text","待命名"
"src/main/java/xiaocaoawa/minecraft/mod/cobblebattle/client/Ui.java","55","PARAMETER","draw(net.minecraft.client.gui.GuiGraphics,net.minecraft.client.gui.Font,net.minecraft.network.chat.Component,int,int,int,boolean)","x","x","待命名"
"src/main/java/xiaocaoawa/minecraft/mod/cobblebattle/client/Ui.java","55","PARAMETER","draw(net.minecraft.client.gui.GuiGraphics,net.minecraft.client.gui.Font,net.minecraft.network.chat.Component,int,int,int,boolean)","y","y","待命名"
"src/main/java/xiaocaoawa/minecraft/mod/cobblebattle/client/Ui.java","55","PARAMETER","draw(net.minecraft.client.gui.GuiGraphics,net.minecraft.client.gui.Font,net.minecraft.network.chat.Component,int,int,int,boolean)","colour","colour","待命名"
"src/main/java/xiaocaoawa/minecraft/mod/cobblebattle/client/Ui.java","55","PARAMETER","draw(net.minecraft.client.gui.GuiGraphics,net.minecraft.client.gui.Font,net.minecraft.network.chat.Component,int,int,int,boolean)","shadow","shadow","待命名"
"src/main/java/xiaocaoawa/minecraft/mod/cobblebattle/client/Ui.java","59","PARAMETER","drawCentered(net.minecraft.client.gui.GuiGraphics,net.minecraft.client.gui.Font,java.lang.String,int,int,int)","graphics","graphics","待命名"
"src/main/java/xiaocaoawa/minecraft/mod/cobblebattle/client/Ui.java","59","PARAMETER","drawCentered(net.minecraft.client.gui.GuiGraphics,net.minecraft.client.gui.Font,java.lang.String,int,int,int)","font","font","待命名"
"src/main/java/xiaocaoawa/minecraft/mod/cobblebattle/client/Ui.java","59","PARAMETER","drawCentered(net.minecraft.client.gui.GuiGraphics,net.minecraft.client.gui.Font,java.lang.String,int,int,int)","text","text","待命名"
"src/main/java/xiaocaoawa/minecraft/mod/cobblebattle/client/Ui.java","59","PARAMETER","drawCentered(net.minecraft.client.gui.GuiGraphics,net.minecraft.client.gui.Font,java.lang.String,int,int,int)","x","x","待命名"
"src/main/java/xiaocaoawa/minecraft/mod/cobblebattle/client/Ui.java","59","PARAMETER","drawCentered(net.minecraft.client.gui.GuiGraphics,net.minecraft.client.gui.Font,java.lang.String,int,int,int)","y","y","待命名"
"src/main/java/xiaocaoawa/minecraft/mod/cobblebattle/client/Ui.java","59","PARAMETER","drawCentered(net.minecraft.client.gui.GuiGraphics,net.minecraft.client.gui.Font,java.lang.String,int,int,int)","colour","colour","待命名"
"src/main/java/xiaocaoawa/minecraft/mod/cobblebattle/client/Ui.java","63","PARAMETER","drawCentered(net.minecraft.client.gui.GuiGraphics,net.minecraft.client.gui.Font,net.minecraft.network.chat.Component,int,int,int)","graphics","graphics","待命名"
"src/main/java/xiaocaoawa/minecraft/mod/cobblebattle/client/Ui.java","63","PARAMETER","drawCentered(net.minecraft.client.gui.GuiGraphics,net.minecraft.client.gui.Font,net.minecraft.network.chat.Component,int,int,int)","font","font","待命名"
"src/main/java/xiaocaoawa/minecraft/mod/cobblebattle/client/Ui.java","63","PARAMETER","drawCentered(net.minecraft.client.gui.GuiGraphics,net.minecraft.client.gui.Font,net.minecraft.network.chat.Component,int,int,int)","text","text","待命名"
"src/main/java/xiaocaoawa/minecraft/mod/cobblebattle/client/Ui.java","63","PARAMETER","drawCentered(net.minecraft.client.gui.GuiGraphics,net.minecraft.client.gui.Font,net.minecraft.network.chat.Component,int,int,int)","x","x","待命名"
"src/main/java/xiaocaoawa/minecraft/mod/cobblebattle/client/Ui.java","63","PARAMETER","drawCentered(net.minecraft.client.gui.GuiGraphics,net.minecraft.client.gui.Font,net.minecraft.network.chat.Component,int,int,int)","y","y","待命名"
"src/main/java/xiaocaoawa/minecraft/mod/cobblebattle/client/Ui.java","63","PARAMETER","drawCentered(net.minecraft.client.gui.GuiGraphics,net.minecraft.client.gui.Font,net.minecraft.network.chat.Component,int,int,int)","colour","colour","待命名"
"src/main/java/xiaocaoawa/minecraft/mod/cobblebattle/client/Ui.java","67","PARAMETER","drawCenteredPlain(net.minecraft.client.gui.GuiGraphics,net.minecraft.client.gui.Font,java.lang.String,int,int,int)","graphics","graphics","待命名"
"src/main/java/xiaocaoawa/minecraft/mod/cobblebattle/client/Ui.java","67","PARAMETER","drawCenteredPlain(net.minecraft.client.gui.GuiGraphics,net.minecraft.client.gui.Font,java.lang.String,int,int,int)","font","font","待命名"
"src/main/java/xiaocaoawa/minecraft/mod/cobblebattle/client/Ui.java","67","PARAMETER","drawCenteredPlain(net.minecraft.client.gui.GuiGraphics,net.minecraft.client.gui.Font,java.lang.String,int,int,int)","text","text","待命名"
"src/main/java/xiaocaoawa/minecraft/mod/cobblebattle/client/Ui.java","67","PARAMETER","drawCenteredPlain(net.minecraft.client.gui.GuiGraphics,net.minecraft.client.gui.Font,java.lang.String,int,int,int)","x","x","待命名"
"src/main/java/xiaocaoawa/minecraft/mod/cobblebattle/client/Ui.java","67","PARAMETER","drawCenteredPlain(net.minecraft.client.gui.GuiGraphics,net.minecraft.client.gui.Font,java.lang.String,int,int,int)","y","y","待命名"
"src/main/java/xiaocaoawa/minecraft/mod/cobblebattle/client/Ui.java","67","PARAMETER","drawCenteredPlain(net.minecraft.client.gui.GuiGraphics,net.minecraft.client.gui.Font,java.lang.String,int,int,int)","colour","colour","待命名"
"src/main/java/xiaocaoawa/minecraft/mod/cobblebattle/client/Ui.java","71","PARAMETER","width(net.minecraft.client.gui.Font,java.lang.String)","font","font","待命名"
"src/main/java/xiaocaoawa/minecraft/mod/cobblebattle/client/Ui.java","71","PARAMETER","width(net.minecraft.client.gui.Font,java.lang.String)","text","text","待命名"
"src/main/java/xiaocaoawa/minecraft/mod/cobblebattle/client/Ui.java","75","PARAMETER","width(net.minecraft.client.gui.Font,net.minecraft.network.chat.Component)","font","font","待命名"
"src/main/java/xiaocaoawa/minecraft/mod/cobblebattle/client/Ui.java","75","PARAMETER","width(net.minecraft.client.gui.Font,net.minecraft.network.chat.Component)","text","text","待命名"
"src/main/java/xiaocaoawa/minecraft/mod/cobblebattle/client/Ui.java","79","PARAMETER","width(net.minecraft.client.gui.Font,net.minecraft.network.chat.FormattedText)","font","font","待命名"
"src/main/java/xiaocaoawa/minecraft/mod/cobblebattle/client/Ui.java","79","PARAMETER","width(net.minecraft.client.gui.Font,net.minecraft.network.chat.FormattedText)","text","text","待命名"
"src/main/java/xiaocaoawa/minecraft/mod/cobblebattle/client/Ui.java","80","BINDING_VARIABLE","width(net.minecraft.client.gui.Font,net.minecraft.network.chat.FormattedText)","component","component","待命名"
"src/main/java/xiaocaoawa/minecraft/mod/cobblebattle/client/UnknownMark.java","7","FIELD","xiaocaoawa.minecraft.mod.cobblebattle.client.UnknownMark","TEXTURE","TEXTURE","待命名"
"src/main/java/xiaocaoawa/minecraft/mod/cobblebattle/client/UnknownMark.java","8","FIELD","xiaocaoawa.minecraft.mod.cobblebattle.client.UnknownMark","TEXTURE_W","TEXTURE_W","待命名"
"src/main/java/xiaocaoawa/minecraft/mod/cobblebattle/client/UnknownMark.java","9","FIELD","xiaocaoawa.minecraft.mod.cobblebattle.client.UnknownMark","TEXTURE_H","TEXTURE_H","待命名"
"src/main/java/xiaocaoawa/minecraft/mod/cobblebattle/client/UnknownMark.java","14","PARAMETER","draw(net.minecraft.client.gui.GuiGraphics,int,int,int)","graphics","graphics","待命名"
"src/main/java/xiaocaoawa/minecraft/mod/cobblebattle/client/UnknownMark.java","14","PARAMETER","draw(net.minecraft.client.gui.GuiGraphics,int,int,int)","centreX","centreX","待命名"
"src/main/java/xiaocaoawa/minecraft/mod/cobblebattle/client/UnknownMark.java","14","PARAMETER","draw(net.minecraft.client.gui.GuiGraphics,int,int,int)","floorY","floorY","待命名"
"src/main/java/xiaocaoawa/minecraft/mod/cobblebattle/client/UnknownMark.java","14","PARAMETER","draw(net.minecraft.client.gui.GuiGraphics,int,int,int)","height","height","待命名"
"src/main/java/xiaocaoawa/minecraft/mod/cobblebattle/client/UnknownMark.java","15","LOCAL_VARIABLE","draw(net.minecraft.client.gui.GuiGraphics,int,int,int)","width","width","待命名"
"src/main/java/xiaocaoawa/minecraft/mod/cobblebattle/CobbleBattle.java","26","FIELD","xiaocaoawa.minecraft.mod.cobblebattle.CobbleBattle","LOGGER","LOGGER","待命名"
"src/main/java/xiaocaoawa/minecraft/mod/cobblebattle/CobbleBattle.java","27","FIELD","xiaocaoawa.minecraft.mod.cobblebattle.CobbleBattle","config","config","待命名"
"src/main/java/xiaocaoawa/minecraft/mod/cobblebattle/CobbleBattle.java","28","FIELD","xiaocaoawa.minecraft.mod.cobblebattle.CobbleBattle","service","service","待命名"
"src/main/java/xiaocaoawa/minecraft/mod/cobblebattle/CobbleBattle.java","38","PARAMETER","init()","server","server","待命名"
"src/main/java/xiaocaoawa/minecraft/mod/cobblebattle/CobbleBattle.java","42","PARAMETER","init()","server","server","待命名"
"src/main/java/xiaocaoawa/minecraft/mod/cobblebattle/CobbleBattle.java","43","PARAMETER","init()","dispatcher","dispatcher","待命名"
"src/main/java/xiaocaoawa/minecraft/mod/cobblebattle/CobbleBattle.java","43","PARAMETER","init()","registry","registry","待命名"
"src/main/java/xiaocaoawa/minecraft/mod/cobblebattle/CobbleBattle.java","43","PARAMETER","init()","selection","selection","待命名"
"src/main/java/xiaocaoawa/minecraft/mod/cobblebattle/CobbleBattle.java","44","PARAMETER","init()","player","participant","待验证"
"src/main/java/xiaocaoawa/minecraft/mod/cobblebattle/CobbleBattle.java","45","PARAMETER","init()","player","player","待命名"
"src/main/java/xiaocaoawa/minecraft/mod/cobblebattle/CobbleBattle.java","46","PARAMETER","init()","entity","entity","待命名"
"src/main/java/xiaocaoawa/minecraft/mod/cobblebattle/CobbleBattle.java","46","PARAMETER","init()","level","level","待命名"
"src/main/java/xiaocaoawa/minecraft/mod/cobblebattle/command/AbstractSubCommand.java","14","PARAMETER","requirePlayer(net.minecraft.commands.CommandSourceStack,java.lang.String)","source","source","待命名"
"src/main/java/xiaocaoawa/minecraft/mod/cobblebattle/command/AbstractSubCommand.java","14","PARAMETER","requirePlayer(net.minecraft.commands.CommandSourceStack,java.lang.String)","messageKey","documentKey","待验证"
"src/main/java/xiaocaoawa/minecraft/mod/cobblebattle/command/AbstractSubCommand.java","15","LOCAL_VARIABLE","requirePlayer(net.minecraft.commands.CommandSourceStack,java.lang.String)","player","participant","待验证"
"src/main/java/xiaocaoawa/minecraft/mod/cobblebattle/command/MainCommand.java","10","FIELD","xiaocaoawa.minecraft.mod.cobblebattle.command.MainCommand","SUBCOMMANDS","SUBCOMMANDS","待命名"
"src/main/java/xiaocaoawa/minecraft/mod/cobblebattle/command/MainCommand.java","23","PARAMETER","register(com.mojang.brigadier.CommandDispatcher<net.minecraft.commands.CommandSourceStack>)","dispatcher","dispatcher","待命名"
"src/main/java/xiaocaoawa/minecraft/mod/cobblebattle/command/MainCommand.java","24","LOCAL_VARIABLE","register(com.mojang.brigadier.CommandDispatcher<net.minecraft.commands.CommandSourceStack>)","root","root","待命名"
"src/main/java/xiaocaoawa/minecraft/mod/cobblebattle/command/MainCommand.java","26","LOCAL_VARIABLE","register(com.mojang.brigadier.CommandDispatcher<net.minecraft.commands.CommandSourceStack>)","sub","sub","待命名"
"src/main/java/xiaocaoawa/minecraft/mod/cobblebattle/command/MainCommand.java","27","LOCAL_VARIABLE","register(com.mojang.brigadier.CommandDispatcher<net.minecraft.commands.CommandSourceStack>)","node","node","待命名"
"src/main/java/xiaocaoawa/minecraft/mod/cobblebattle/command/MainCommand.java","28","LOCAL_VARIABLE","register(com.mojang.brigadier.CommandDispatcher<net.minecraft.commands.CommandSourceStack>)","level","level","待命名"
"src/main/java/xiaocaoawa/minecraft/mod/cobblebattle/command/MainCommand.java","30","PARAMETER","register(com.mojang.brigadier.CommandDispatcher<net.minecraft.commands.CommandSourceStack>)","source","source","待命名"
"src/main/java/xiaocaoawa/minecraft/mod/cobblebattle/command/SubCheckCommand.java","17","PARAMETER","build(com.mojang.brigadier.builder.LiteralArgumentBuilder<net.minecraft.commands.CommandSourceStack>)","node","node","待命名"
"src/main/java/xiaocaoawa/minecraft/mod/cobblebattle/command/SubCheckCommand.java","18","PARAMETER","build(com.mojang.brigadier.builder.LiteralArgumentBuilder<net.minecraft.commands.CommandSourceStack>)","ctx","ctx","待命名"
"src/main/java/xiaocaoawa/minecraft/mod/cobblebattle/command/SubCheckCommand.java","21","METHOD","xiaocaoawa.minecraft.mod.cobblebattle.command.SubCheckCommand","run","run","待命名"
"src/main/java/xiaocaoawa/minecraft/mod/cobblebattle/command/SubCheckCommand.java","21","PARAMETER","run(net.minecraft.commands.CommandSourceStack)","source","source","待命名"
"src/main/java/xiaocaoawa/minecraft/mod/cobblebattle/command/SubCheckCommand.java","22","LOCAL_VARIABLE","run(net.minecraft.commands.CommandSourceStack)","player","participant","待验证"
"src/main/java/xiaocaoawa/minecraft/mod/cobblebattle/command/SubCheckCommand.java","29","LOCAL_VARIABLE","run(net.minecraft.commands.CommandSourceStack)","result","result","待命名"
"src/main/java/xiaocaoawa/minecraft/mod/cobblebattle/command/SubCommand.java","13","PARAMETER","build(com.mojang.brigadier.builder.LiteralArgumentBuilder<net.minecraft.commands.CommandSourceStack>)","var1","var1","待命名"
"src/main/java/xiaocaoawa/minecraft/mod/cobblebattle/command/SubJoinCommand.java","17","FIELD","xiaocaoawa.minecraft.mod.cobblebattle.command.SubJoinCommand","RANKED","RANKED","待命名"
"src/main/java/xiaocaoawa/minecraft/mod/cobblebattle/command/SubJoinCommand.java","17","PARAMETER","<clinit>()","ctx","ctx","待命名"
"src/main/java/xiaocaoawa/minecraft/mod/cobblebattle/command/SubJoinCommand.java","17","PARAMETER","<clinit>()","builder","builder","待命名"
"src/main/java/xiaocaoawa/minecraft/mod/cobblebattle/command/SubJoinCommand.java","27","PARAMETER","build(com.mojang.brigadier.builder.LiteralArgumentBuilder<net.minecraft.commands.CommandSourceStack>)","node","node","待命名"
"src/main/java/xiaocaoawa/minecraft/mod/cobblebattle/command/SubJoinCommand.java","28","PARAMETER","build(com.mojang.brigadier.builder.LiteralArgumentBuilder<net.minecraft.commands.CommandSourceStack>)","ctx","ctx","待命名"
"src/main/java/xiaocaoawa/minecraft/mod/cobblebattle/command/SubJoinCommand.java","32","PARAMETER","build(com.mojang.brigadier.builder.LiteralArgumentBuilder<net.minecraft.commands.CommandSourceStack>)","ctx","ctx","待命名"
"src/main/java/xiaocaoawa/minecraft/mod/cobblebattle/command/SubJoinCommand.java","36","METHOD","xiaocaoawa.minecraft.mod.cobblebattle.command.SubJoinCommand","run","run","待命名"
"src/main/java/xiaocaoawa/minecraft/mod/cobblebattle/command/SubJoinCommand.java","36","PARAMETER","run(net.minecraft.commands.CommandSourceStack,java.lang.String)","source","source","待命名"
"src/main/java/xiaocaoawa/minecraft/mod/cobblebattle/command/SubJoinCommand.java","36","PARAMETER","run(net.minecraft.commands.CommandSourceStack,java.lang.String)","ranked","ranked","待命名"
"src/main/java/xiaocaoawa/minecraft/mod/cobblebattle/command/SubJoinCommand.java","37","LOCAL_VARIABLE","run(net.minecraft.commands.CommandSourceStack,java.lang.String)","player","participant","待验证"
"src/main/java/xiaocaoawa/minecraft/mod/cobblebattle/command/SubJoinCommand.java","41","LOCAL_VARIABLE","run(net.minecraft.commands.CommandSourceStack,java.lang.String)","chosen","chosen","待命名"
"src/main/java/xiaocaoawa/minecraft/mod/cobblebattle/command/SubJoinCommand.java","46","LOCAL_VARIABLE","run(net.minecraft.commands.CommandSourceStack,java.lang.String)","refusal","refusal","待命名"
"src/main/java/xiaocaoawa/minecraft/mod/cobblebattle/command/SubJoinCommand.java","57","METHOD","xiaocaoawa.minecraft.mod.cobblebattle.command.SubJoinCommand","offered","offered","待命名"
"src/main/java/xiaocaoawa/minecraft/mod/cobblebattle/command/SubJoinCommand.java","58","LOCAL_VARIABLE","offered()","ids","ids","待命名"
"src/main/java/xiaocaoawa/minecraft/mod/cobblebattle/command/SubLeaveCommand.java","15","PARAMETER","build(com.mojang.brigadier.builder.LiteralArgumentBuilder<net.minecraft.commands.CommandSourceStack>)","node","node","待命名"
"src/main/java/xiaocaoawa/minecraft/mod/cobblebattle/command/SubLeaveCommand.java","16","PARAMETER","build(com.mojang.brigadier.builder.LiteralArgumentBuilder<net.minecraft.commands.CommandSourceStack>)","ctx","ctx","待命名"
"src/main/java/xiaocaoawa/minecraft/mod/cobblebattle/command/SubLeaveCommand.java","19","METHOD","xiaocaoawa.minecraft.mod.cobblebattle.command.SubLeaveCommand","run","run","待命名"
"src/main/java/xiaocaoawa/minecraft/mod/cobblebattle/command/SubLeaveCommand.java","19","PARAMETER","run(net.minecraft.commands.CommandSourceStack)","source","source","待命名"
"src/main/java/xiaocaoawa/minecraft/mod/cobblebattle/command/SubLeaveCommand.java","20","LOCAL_VARIABLE","run(net.minecraft.commands.CommandSourceStack)","player","participant","待验证"
"src/main/java/xiaocaoawa/minecraft/mod/cobblebattle/command/SubLeaveCommand.java","24","LOCAL_VARIABLE","run(net.minecraft.commands.CommandSourceStack)","refusal","refusal","待命名"
"src/main/java/xiaocaoawa/minecraft/mod/cobblebattle/command/SubLogoutCommand.java","16","PARAMETER","build(com.mojang.brigadier.builder.LiteralArgumentBuilder<net.minecraft.commands.CommandSourceStack>)","node","node","待命名"
"src/main/java/xiaocaoawa/minecraft/mod/cobblebattle/command/SubLogoutCommand.java","17","PARAMETER","build(com.mojang.brigadier.builder.LiteralArgumentBuilder<net.minecraft.commands.CommandSourceStack>)","ctx","ctx","待命名"
"src/main/java/xiaocaoawa/minecraft/mod/cobblebattle/command/SubLogoutCommand.java","20","METHOD","xiaocaoawa.minecraft.mod.cobblebattle.command.SubLogoutCommand","run","run","待命名"
"src/main/java/xiaocaoawa/minecraft/mod/cobblebattle/command/SubLogoutCommand.java","20","PARAMETER","run(net.minecraft.commands.CommandSourceStack)","source","source","待命名"
"src/main/java/xiaocaoawa/minecraft/mod/cobblebattle/command/SubLogoutCommand.java","21","LOCAL_VARIABLE","run(net.minecraft.commands.CommandSourceStack)","player","participant","待验证"
"src/main/java/xiaocaoawa/minecraft/mod/cobblebattle/command/SubOpenCommand.java","16","FIELD","xiaocaoawa.minecraft.mod.cobblebattle.command.SubOpenCommand","RANKED","RANKED","待命名"
"src/main/java/xiaocaoawa/minecraft/mod/cobblebattle/command/SubOpenCommand.java","16","PARAMETER","<clinit>()","ctx","ctx","待命名"
"src/main/java/xiaocaoawa/minecraft/mod/cobblebattle/command/SubOpenCommand.java","16","PARAMETER","<clinit>()","builder","builder","待命名"
"src/main/java/xiaocaoawa/minecraft/mod/cobblebattle/command/SubOpenCommand.java","26","PARAMETER","build(com.mojang.brigadier.builder.LiteralArgumentBuilder<net.minecraft.commands.CommandSourceStack>)","node","node","待命名"
"src/main/java/xiaocaoawa/minecraft/mod/cobblebattle/command/SubOpenCommand.java","27","PARAMETER","build(com.mojang.brigadier.builder.LiteralArgumentBuilder<net.minecraft.commands.CommandSourceStack>)","ctx","ctx","待命名"
"src/main/java/xiaocaoawa/minecraft/mod/cobblebattle/command/SubOpenCommand.java","31","PARAMETER","build(com.mojang.brigadier.builder.LiteralArgumentBuilder<net.minecraft.commands.CommandSourceStack>)","ctx","ctx","待命名"
"src/main/java/xiaocaoawa/minecraft/mod/cobblebattle/command/SubOpenCommand.java","35","METHOD","xiaocaoawa.minecraft.mod.cobblebattle.command.SubOpenCommand","run","run","待命名"
"src/main/java/xiaocaoawa/minecraft/mod/cobblebattle/command/SubOpenCommand.java","35","PARAMETER","run(net.minecraft.commands.CommandSourceStack,java.lang.String)","source","source","待命名"
"src/main/java/xiaocaoawa/minecraft/mod/cobblebattle/command/SubOpenCommand.java","35","PARAMETER","run(net.minecraft.commands.CommandSourceStack,java.lang.String)","ranked","ranked","待命名"
"src/main/java/xiaocaoawa/minecraft/mod/cobblebattle/command/SubOpenCommand.java","36","LOCAL_VARIABLE","run(net.minecraft.commands.CommandSourceStack,java.lang.String)","player","participant","待验证"
"src/main/java/xiaocaoawa/minecraft/mod/cobblebattle/command/SubOpenCommand.java","40","LOCAL_VARIABLE","run(net.minecraft.commands.CommandSourceStack,java.lang.String)","refusal","refusal","待命名"
"src/main/java/xiaocaoawa/minecraft/mod/cobblebattle/command/SubOpenCommand.java","52","METHOD","xiaocaoawa.minecraft.mod.cobblebattle.command.SubOpenCommand","openLeaderboard","openLeaderboard","待命名"
"src/main/java/xiaocaoawa/minecraft/mod/cobblebattle/command/SubOpenCommand.java","52","PARAMETER","openLeaderboard(net.minecraft.server.level.ServerPlayer,java.lang.String)","player","participant","待验证"
"src/main/java/xiaocaoawa/minecraft/mod/cobblebattle/command/SubOpenCommand.java","52","PARAMETER","openLeaderboard(net.minecraft.server.level.ServerPlayer,java.lang.String)","ranked","ranked","待命名"
"src/main/java/xiaocaoawa/minecraft/mod/cobblebattle/command/SubOpenCommand.java","53","LOCAL_VARIABLE","openLeaderboard(net.minecraft.server.level.ServerPlayer,java.lang.String)","chosen","chosen","待命名"
"src/main/java/xiaocaoawa/minecraft/mod/cobblebattle/command/SubReloadCommand.java","21","PARAMETER","build(com.mojang.brigadier.builder.LiteralArgumentBuilder<net.minecraft.commands.CommandSourceStack>)","node","node","待命名"
"src/main/java/xiaocaoawa/minecraft/mod/cobblebattle/command/SubReloadCommand.java","22","PARAMETER","build(com.mojang.brigadier.builder.LiteralArgumentBuilder<net.minecraft.commands.CommandSourceStack>)","ctx","ctx","待命名"
"src/main/java/xiaocaoawa/minecraft/mod/cobblebattle/command/SubReloadCommand.java","25","METHOD","xiaocaoawa.minecraft.mod.cobblebattle.command.SubReloadCommand","run","run","待命名"
"src/main/java/xiaocaoawa/minecraft/mod/cobblebattle/command/SubReloadCommand.java","25","PARAMETER","run(net.minecraft.commands.CommandSourceStack)","source","source","待命名"
"src/main/java/xiaocaoawa/minecraft/mod/cobblebattle/command/SubReloadCommand.java","26","LOCAL_VARIABLE","run(net.minecraft.commands.CommandSourceStack)","config","config","待命名"
"src/main/java/xiaocaoawa/minecraft/mod/cobblebattle/command/SubReloadCommand.java","28","LOCAL_VARIABLE","run(net.minecraft.commands.CommandSourceStack)","result","result","待命名"
"src/main/java/xiaocaoawa/minecraft/mod/cobblebattle/command/SubReloadCommand.java","31","EXCEPTION_PARAMETER","run(net.minecraft.commands.CommandSourceStack)","var5","failure","待验证"
"src/main/java/xiaocaoawa/minecraft/mod/cobblebattle/command/SubStatusCommand.java","18","PARAMETER","build(com.mojang.brigadier.builder.LiteralArgumentBuilder<net.minecraft.commands.CommandSourceStack>)","node","node","待命名"
"src/main/java/xiaocaoawa/minecraft/mod/cobblebattle/command/SubStatusCommand.java","19","PARAMETER","build(com.mojang.brigadier.builder.LiteralArgumentBuilder<net.minecraft.commands.CommandSourceStack>)","ctx","ctx","待命名"
"src/main/java/xiaocaoawa/minecraft/mod/cobblebattle/command/SubStatusCommand.java","22","METHOD","xiaocaoawa.minecraft.mod.cobblebattle.command.SubStatusCommand","run","run","待命名"
"src/main/java/xiaocaoawa/minecraft/mod/cobblebattle/command/SubStatusCommand.java","22","PARAMETER","run(net.minecraft.commands.CommandSourceStack)","source","source","待命名"
"src/main/java/xiaocaoawa/minecraft/mod/cobblebattle/command/SubStatusCommand.java","23","LOCAL_VARIABLE","run(net.minecraft.commands.CommandSourceStack)","svc","svc","待命名"
"src/main/java/xiaocaoawa/minecraft/mod/cobblebattle/command/SubStatusCommand.java","24","LOCAL_VARIABLE","run(net.minecraft.commands.CommandSourceStack)","dex","dex","待命名"
"src/main/java/xiaocaoawa/minecraft/mod/cobblebattle/command/SubStatusCommand.java","26","LOCAL_VARIABLE","run(net.minecraft.commands.CommandSourceStack)","connected","connected","待命名"
"src/main/java/xiaocaoawa/minecraft/mod/cobblebattle/command/SubStatusCommand.java","27","LOCAL_VARIABLE","run(net.minecraft.commands.CommandSourceStack)","refused","refused","待命名"
"src/main/java/xiaocaoawa/minecraft/mod/cobblebattle/command/SubStatusCommand.java","28","LOCAL_VARIABLE","run(net.minecraft.commands.CommandSourceStack)","state","state","待命名"
"src/main/java/xiaocaoawa/minecraft/mod/cobblebattle/command/SubStatusCommand.java","37","LOCAL_VARIABLE","run(net.minecraft.commands.CommandSourceStack)","player","participant","待验证"
"src/main/java/xiaocaoawa/minecraft/mod/cobblebattle/command/SubStatusCommand.java","39","LOCAL_VARIABLE","run(net.minecraft.commands.CommandSourceStack)","account","account","待命名"
"src/main/java/xiaocaoawa/minecraft/mod/cobblebattle/command/SubStatusCommand.java","40","LOCAL_VARIABLE","run(net.minecraft.commands.CommandSourceStack)","nickname","displayLabel","待验证"
"src/main/java/xiaocaoawa/minecraft/mod/cobblebattle/command/SubStatusCommand.java","41","LOCAL_VARIABLE","run(net.minecraft.commands.CommandSourceStack)","uid","accountNumber","待验证"
"src/main/java/xiaocaoawa/minecraft/mod/cobblebattle/command/SubStatusCommand.java","50","LOCAL_VARIABLE","run(net.minecraft.commands.CommandSourceStack)","dexText","dexText","待命名"
"src/main/java/xiaocaoawa/minecraft/mod/cobblebattle/config/CobbleBattleConfig.java","10","FIELD","xiaocaoawa.minecraft.mod.cobblebattle.config.CobbleBattleConfig","LOGGER","LOGGER","待命名"
"src/main/java/xiaocaoawa/minecraft/mod/cobblebattle/config/CobbleBattleConfig.java","11","FIELD","xiaocaoawa.minecraft.mod.cobblebattle.config.CobbleBattleConfig","GSON","GSON","待命名"
"src/main/java/xiaocaoawa/minecraft/mod/cobblebattle/dex/RemoteDex.java","36","FIELD","xiaocaoawa.minecraft.mod.cobblebattle.dex.RemoteDex","LOGGER","DEX_LOGGER","待验证"
"src/main/java/xiaocaoawa/minecraft/mod/cobblebattle/dex/RemoteDex.java","37","FIELD","xiaocaoawa.minecraft.mod.cobblebattle.dex.RemoteDex","GSON","JSON_CODEC","待验证"
"src/main/java/xiaocaoawa/minecraft/mod/cobblebattle/dex/RemoteDex.java","38","FIELD","xiaocaoawa.minecraft.mod.cobblebattle.dex.RemoteDex","CACHE_FILE","DEX_CACHE_PATH","待验证"
"src/main/java/xiaocaoawa/minecraft/mod/cobblebattle/dex/RemoteDex.java","39","FIELD","xiaocaoawa.minecraft.mod.cobblebattle.dex.RemoteDex","STAT_KEYS","SHOWDOWN_STAT_KEYS","待验证"
"src/main/java/xiaocaoawa/minecraft/mod/cobblebattle/dex/RemoteDex.java","40","FIELD","xiaocaoawa.minecraft.mod.cobblebattle.dex.RemoteDex","species","speciesTemplate","待验证"
"src/main/java/xiaocaoawa/minecraft/mod/cobblebattle/dex/RemoteDex.java","41","FIELD","xiaocaoawa.minecraft.mod.cobblebattle.dex.RemoteDex","digest","digest","待命名"
"src/main/java/xiaocaoawa/minecraft/mod/cobblebattle/dex/RemoteDex.java","42","FIELD","xiaocaoawa.minecraft.mod.cobblebattle.dex.RemoteDex","ready","ready","待命名"
"src/main/java/xiaocaoawa/minecraft/mod/cobblebattle/dex/RemoteDex.java","43","FIELD","xiaocaoawa.minecraft.mod.cobblebattle.dex.RemoteDex","strictBaseStats","enforceBaseStats","待验证"
"src/main/java/xiaocaoawa/minecraft/mod/cobblebattle/dex/RemoteDex.java","44","FIELD","xiaocaoawa.minecraft.mod.cobblebattle.dex.RemoteDex","strictAbilities","enforceAbilities","待验证"
"src/main/java/xiaocaoawa/minecraft/mod/cobblebattle/dex/RemoteDex.java","45","FIELD","xiaocaoawa.minecraft.mod.cobblebattle.dex.RemoteDex","strictMoves","enforceMoves","待验证"
"src/main/java/xiaocaoawa/minecraft/mod/cobblebattle/dex/RemoteDex.java","46","FIELD","xiaocaoawa.minecraft.mod.cobblebattle.dex.RemoteDex","maxEvPerStat","effortValuePerStatLimit","待验证"
"src/main/java/xiaocaoawa/minecraft/mod/cobblebattle/dex/RemoteDex.java","47","FIELD","xiaocaoawa.minecraft.mod.cobblebattle.dex.RemoteDex","maxEvTotal","totalEffortValueLimit","待验证"
"src/main/java/xiaocaoawa/minecraft/mod/cobblebattle/dex/RemoteDex.java","48","FIELD","xiaocaoawa.minecraft.mod.cobblebattle.dex.RemoteDex","maxIv","individualValueLimit","待验证"
"src/main/java/xiaocaoawa/minecraft/mod/cobblebattle/dex/RemoteDex.java","49","FIELD","xiaocaoawa.minecraft.mod.cobblebattle.dex.RemoteDex","STAT_NAMES","SHOWDOWN_STAT_NAMES","待验证"
"src/main/java/xiaocaoawa/minecraft/mod/cobblebattle/dex/RemoteDex.java","69","PARAMETER","get(java.lang.String)","speciesId","speciesTemplateId","待验证"
"src/main/java/xiaocaoawa/minecraft/mod/cobblebattle/dex/RemoteDex.java","80","LOCAL_VARIABLE","loadFromDisk()","parsed","cachedDocument","待验证"
"src/main/java/xiaocaoawa/minecraft/mod/cobblebattle/dex/RemoteDex.java","87","EXCEPTION_PARAMETER","loadFromDisk()","var2","failure","待验证"
"src/main/java/xiaocaoawa/minecraft/mod/cobblebattle/dex/RemoteDex.java","95","PARAMETER","accept(com.google.gson.JsonObject)","snapshot","snapshotDocument","待验证"
"src/main/java/xiaocaoawa/minecraft/mod/cobblebattle/dex/RemoteDex.java","111","METHOD","xiaocaoawa.minecraft.mod.cobblebattle.dex.RemoteDex","adopt","replaceSnapshot","待验证"
"src/main/java/xiaocaoawa/minecraft/mod/cobblebattle/dex/RemoteDex.java","111","PARAMETER","adopt(com.google.gson.JsonObject)","snapshot","snapshotDocument","待验证"
"src/main/java/xiaocaoawa/minecraft/mod/cobblebattle/dex/RemoteDex.java","112","LOCAL_VARIABLE","adopt(com.google.gson.JsonObject)","array","array","待命名"
"src/main/java/xiaocaoawa/minecraft/mod/cobblebattle/dex/RemoteDex.java","113","LOCAL_VARIABLE","adopt(com.google.gson.JsonObject)","parsed","parsed","待命名"
"src/main/java/xiaocaoawa/minecraft/mod/cobblebattle/dex/RemoteDex.java","115","LOCAL_VARIABLE","adopt(com.google.gson.JsonObject)","element","element","待命名"
"src/main/java/xiaocaoawa/minecraft/mod/cobblebattle/dex/RemoteDex.java","116","LOCAL_VARIABLE","adopt(com.google.gson.JsonObject)","object","object","待命名"
"src/main/java/xiaocaoawa/minecraft/mod/cobblebattle/dex/RemoteDex.java","117","LOCAL_VARIABLE","adopt(com.google.gson.JsonObject)","stats","stats","待命名"
"src/main/java/xiaocaoawa/minecraft/mod/cobblebattle/dex/RemoteDex.java","118","LOCAL_VARIABLE","adopt(com.google.gson.JsonObject)","baseStats","baseStats","待命名"
"src/main/java/xiaocaoawa/minecraft/mod/cobblebattle/dex/RemoteDex.java","120","LOCAL_VARIABLE","adopt(com.google.gson.JsonObject)","key","key","待命名"
"src/main/java/xiaocaoawa/minecraft/mod/cobblebattle/dex/RemoteDex.java","124","LOCAL_VARIABLE","adopt(com.google.gson.JsonObject)","id","id","待命名"
"src/main/java/xiaocaoawa/minecraft/mod/cobblebattle/dex/RemoteDex.java","132","METHOD","xiaocaoawa.minecraft.mod.cobblebattle.dex.RemoteDex","saveToDisk","persistSnapshot","待验证"
"src/main/java/xiaocaoawa/minecraft/mod/cobblebattle/dex/RemoteDex.java","135","LOCAL_VARIABLE","saveToDisk()","array","array","待命名"
"src/main/java/xiaocaoawa/minecraft/mod/cobblebattle/dex/RemoteDex.java","137","LOCAL_VARIABLE","saveToDisk()","entry","entry","待命名"
"src/main/java/xiaocaoawa/minecraft/mod/cobblebattle/dex/RemoteDex.java","138","LOCAL_VARIABLE","saveToDisk()","stats","stats","待命名"
"src/main/java/xiaocaoawa/minecraft/mod/cobblebattle/dex/RemoteDex.java","140","LOCAL_VARIABLE","saveToDisk()","key","key","待命名"
"src/main/java/xiaocaoawa/minecraft/mod/cobblebattle/dex/RemoteDex.java","144","LOCAL_VARIABLE","saveToDisk()","object","object","待命名"
"src/main/java/xiaocaoawa/minecraft/mod/cobblebattle/dex/RemoteDex.java","150","LOCAL_VARIABLE","saveToDisk()","document","snapshotDocument","待验证"
"src/main/java/xiaocaoawa/minecraft/mod/cobblebattle/dex/RemoteDex.java","153","LOCAL_VARIABLE","saveToDisk()","parent","cacheDirectory","待验证"
"src/main/java/xiaocaoawa/minecraft/mod/cobblebattle/dex/RemoteDex.java","158","LOCAL_VARIABLE","saveToDisk()","temporary","temporaryCachePath","待验证"
"src/main/java/xiaocaoawa/minecraft/mod/cobblebattle/dex/RemoteDex.java","161","EXCEPTION_PARAMETER","saveToDisk()","var9","failure","待验证"
"src/main/java/xiaocaoawa/minecraft/mod/cobblebattle/dex/RemoteDex.java","167","PARAMETER","suspend(java.lang.String)","reason","suspensionReason","待验证"
"src/main/java/xiaocaoawa/minecraft/mod/cobblebattle/dex/RemoteDex.java","172","PARAMETER","invalidate(java.lang.String)","reason","invalidationReason","待验证"
"src/main/java/xiaocaoawa/minecraft/mod/cobblebattle/dex/RemoteDex.java","179","METHOD","xiaocaoawa.minecraft.mod.cobblebattle.dex.RemoteDex","shortDigest","shortDigest","待命名"
"src/main/java/xiaocaoawa/minecraft/mod/cobblebattle/dex/RemoteDex.java","183","PARAMETER","setStrictBaseStats(boolean)","strict","enableBaseStatValidation","待验证"
"src/main/java/xiaocaoawa/minecraft/mod/cobblebattle/dex/RemoteDex.java","187","PARAMETER","setTeamRules(boolean,boolean,int,int,int)","strictAbilities","enforceAbilities","待验证"
"src/main/java/xiaocaoawa/minecraft/mod/cobblebattle/dex/RemoteDex.java","187","PARAMETER","setTeamRules(boolean,boolean,int,int,int)","strictMoves","enforceMoves","待验证"
"src/main/java/xiaocaoawa/minecraft/mod/cobblebattle/dex/RemoteDex.java","187","PARAMETER","setTeamRules(boolean,boolean,int,int,int)","maxEvPerStat","effortValuePerStatLimit","待验证"
"src/main/java/xiaocaoawa/minecraft/mod/cobblebattle/dex/RemoteDex.java","187","PARAMETER","setTeamRules(boolean,boolean,int,int,int)","maxEvTotal","totalEffortValueLimit","待验证"
"src/main/java/xiaocaoawa/minecraft/mod/cobblebattle/dex/RemoteDex.java","187","PARAMETER","setTeamRules(boolean,boolean,int,int,int)","maxIv","individualValueLimit","待验证"
"src/main/java/xiaocaoawa/minecraft/mod/cobblebattle/dex/RemoteDex.java","195","PARAMETER","check(com.cobblemon.mod.common.pokemon.Pokemon,int)","pokemon","creature","待验证"
"src/main/java/xiaocaoawa/minecraft/mod/cobblebattle/dex/RemoteDex.java","195","PARAMETER","check(com.cobblemon.mod.common.pokemon.Pokemon,int)","slot","rosterSlot","待验证"
"src/main/java/xiaocaoawa/minecraft/mod/cobblebattle/dex/RemoteDex.java","199","PARAMETER","check(com.cobblemon.mod.common.pokemon.Pokemon,int,boolean)","pokemon","creature","待验证"
"src/main/java/xiaocaoawa/minecraft/mod/cobblebattle/dex/RemoteDex.java","199","PARAMETER","check(com.cobblemon.mod.common.pokemon.Pokemon,int,boolean)","slot","rosterSlot","待验证"
"src/main/java/xiaocaoawa/minecraft/mod/cobblebattle/dex/RemoteDex.java","199","PARAMETER","check(com.cobblemon.mod.common.pokemon.Pokemon,int,boolean)","dexAuthority","enforceDexSnapshot","待验证"
"src/main/java/xiaocaoawa/minecraft/mod/cobblebattle/dex/RemoteDex.java","200","LOCAL_VARIABLE","check(com.cobblemon.mod.common.pokemon.Pokemon,int,boolean)","speciesId","speciesTemplateId","待验证"
"src/main/java/xiaocaoawa/minecraft/mod/cobblebattle/dex/RemoteDex.java","201","LOCAL_VARIABLE","check(com.cobblemon.mod.common.pokemon.Pokemon,int,boolean)","name","speciesDisplayName","待验证"
"src/main/java/xiaocaoawa/minecraft/mod/cobblebattle/dex/RemoteDex.java","202","LOCAL_VARIABLE","check(com.cobblemon.mod.common.pokemon.Pokemon,int,boolean)","entry","remoteSpecies","待验证"
"src/main/java/xiaocaoawa/minecraft/mod/cobblebattle/dex/RemoteDex.java","206","LOCAL_VARIABLE","check(com.cobblemon.mod.common.pokemon.Pokemon,int,boolean)","out","outputStream","待验证"
"src/main/java/xiaocaoawa/minecraft/mod/cobblebattle/dex/RemoteDex.java","208","LOCAL_VARIABLE","check(com.cobblemon.mod.common.pokemon.Pokemon,int,boolean)","local","localBaseStats","待验证"
"src/main/java/xiaocaoawa/minecraft/mod/cobblebattle/dex/RemoteDex.java","209","LOCAL_VARIABLE","check(com.cobblemon.mod.common.pokemon.Pokemon,int,boolean)","stats","statOrder","待验证"
"src/main/java/xiaocaoawa/minecraft/mod/cobblebattle/dex/RemoteDex.java","211","LOCAL_VARIABLE","check(com.cobblemon.mod.common.pokemon.Pokemon,int,boolean)","i","statIndex","待验证"
"src/main/java/xiaocaoawa/minecraft/mod/cobblebattle/dex/RemoteDex.java","212","LOCAL_VARIABLE","check(com.cobblemon.mod.common.pokemon.Pokemon,int,boolean)","localValue","localStatValue","待验证"
"src/main/java/xiaocaoawa/minecraft/mod/cobblebattle/dex/RemoteDex.java","213","LOCAL_VARIABLE","check(com.cobblemon.mod.common.pokemon.Pokemon,int,boolean)","hostValue","remoteStatValue","待验证"
"src/main/java/xiaocaoawa/minecraft/mod/cobblebattle/dex/RemoteDex.java","236","METHOD","xiaocaoawa.minecraft.mod.cobblebattle.dex.RemoteDex","checkAbility","validateAbility","待验证"
"src/main/java/xiaocaoawa/minecraft/mod/cobblebattle/dex/RemoteDex.java","236","PARAMETER","checkAbility(com.cobblemon.mod.common.pokemon.Pokemon,int,net.minecraft.network.chat.Component,java.lang.String,java.util.List<xiaocaoawa.minecraft.mod.cobblebattle.dex.RemoteDex.Rejection>)","pokemon","creature","待验证"
"src/main/java/xiaocaoawa/minecraft/mod/cobblebattle/dex/RemoteDex.java","236","PARAMETER","checkAbility(com.cobblemon.mod.common.pokemon.Pokemon,int,net.minecraft.network.chat.Component,java.lang.String,java.util.List<xiaocaoawa.minecraft.mod.cobblebattle.dex.RemoteDex.Rejection>)","slot","rosterSlot","待验证"
"src/main/java/xiaocaoawa/minecraft/mod/cobblebattle/dex/RemoteDex.java","236","PARAMETER","checkAbility(com.cobblemon.mod.common.pokemon.Pokemon,int,net.minecraft.network.chat.Component,java.lang.String,java.util.List<xiaocaoawa.minecraft.mod.cobblebattle.dex.RemoteDex.Rejection>)","name","speciesDisplayName","待验证"
"src/main/java/xiaocaoawa/minecraft/mod/cobblebattle/dex/RemoteDex.java","236","PARAMETER","checkAbility(com.cobblemon.mod.common.pokemon.Pokemon,int,net.minecraft.network.chat.Component,java.lang.String,java.util.List<xiaocaoawa.minecraft.mod.cobblebattle.dex.RemoteDex.Rejection>)","speciesId","speciesTemplateId","待验证"
"src/main/java/xiaocaoawa/minecraft/mod/cobblebattle/dex/RemoteDex.java","236","PARAMETER","checkAbility(com.cobblemon.mod.common.pokemon.Pokemon,int,net.minecraft.network.chat.Component,java.lang.String,java.util.List<xiaocaoawa.minecraft.mod.cobblebattle.dex.RemoteDex.Rejection>)","out","outputStream","待验证"
"src/main/java/xiaocaoawa/minecraft/mod/cobblebattle/dex/RemoteDex.java","238","LOCAL_VARIABLE","checkAbility(com.cobblemon.mod.common.pokemon.Pokemon,int,net.minecraft.network.chat.Component,java.lang.String,java.util.List<xiaocaoawa.minecraft.mod.cobblebattle.dex.RemoteDex.Rejection>)","template","selectedAbilityTemplate","待验证"
"src/main/java/xiaocaoawa/minecraft/mod/cobblebattle/dex/RemoteDex.java","239","LOCAL_VARIABLE","checkAbility(com.cobblemon.mod.common.pokemon.Pokemon,int,net.minecraft.network.chat.Component,java.lang.String,java.util.List<xiaocaoawa.minecraft.mod.cobblebattle.dex.RemoteDex.Rejection>)","ability","selectedAbilityId","待验证"
"src/main/java/xiaocaoawa/minecraft/mod/cobblebattle/dex/RemoteDex.java","240","LOCAL_VARIABLE","checkAbility(com.cobblemon.mod.common.pokemon.Pokemon,int,net.minecraft.network.chat.Component,java.lang.String,java.util.List<xiaocaoawa.minecraft.mod.cobblebattle.dex.RemoteDex.Rejection>)","id","id","待命名"
"src/main/java/xiaocaoawa/minecraft/mod/cobblebattle/dex/RemoteDex.java","242","LOCAL_VARIABLE","checkAbility(com.cobblemon.mod.common.pokemon.Pokemon,int,net.minecraft.network.chat.Component,java.lang.String,java.util.List<xiaocaoawa.minecraft.mod.cobblebattle.dex.RemoteDex.Rejection>)","potential","availableAbility","待验证"
"src/main/java/xiaocaoawa/minecraft/mod/cobblebattle/dex/RemoteDex.java","257","METHOD","xiaocaoawa.minecraft.mod.cobblebattle.dex.RemoteDex","checkMoves","validateMoves","待验证"
"src/main/java/xiaocaoawa/minecraft/mod/cobblebattle/dex/RemoteDex.java","257","PARAMETER","checkMoves(com.cobblemon.mod.common.pokemon.Pokemon,int,net.minecraft.network.chat.Component,java.lang.String,java.util.List<xiaocaoawa.minecraft.mod.cobblebattle.dex.RemoteDex.Rejection>)","pokemon","creature","待验证"
"src/main/java/xiaocaoawa/minecraft/mod/cobblebattle/dex/RemoteDex.java","257","PARAMETER","checkMoves(com.cobblemon.mod.common.pokemon.Pokemon,int,net.minecraft.network.chat.Component,java.lang.String,java.util.List<xiaocaoawa.minecraft.mod.cobblebattle.dex.RemoteDex.Rejection>)","slot","rosterSlot","待验证"
"src/main/java/xiaocaoawa/minecraft/mod/cobblebattle/dex/RemoteDex.java","257","PARAMETER","checkMoves(com.cobblemon.mod.common.pokemon.Pokemon,int,net.minecraft.network.chat.Component,java.lang.String,java.util.List<xiaocaoawa.minecraft.mod.cobblebattle.dex.RemoteDex.Rejection>)","name","speciesDisplayName","待验证"
"src/main/java/xiaocaoawa/minecraft/mod/cobblebattle/dex/RemoteDex.java","257","PARAMETER","checkMoves(com.cobblemon.mod.common.pokemon.Pokemon,int,net.minecraft.network.chat.Component,java.lang.String,java.util.List<xiaocaoawa.minecraft.mod.cobblebattle.dex.RemoteDex.Rejection>)","speciesId","speciesTemplateId","待验证"
"src/main/java/xiaocaoawa/minecraft/mod/cobblebattle/dex/RemoteDex.java","257","PARAMETER","checkMoves(com.cobblemon.mod.common.pokemon.Pokemon,int,net.minecraft.network.chat.Component,java.lang.String,java.util.List<xiaocaoawa.minecraft.mod.cobblebattle.dex.RemoteDex.Rejection>)","out","outputStream","待验证"
"src/main/java/xiaocaoawa/minecraft/mod/cobblebattle/dex/RemoteDex.java","259","LOCAL_VARIABLE","checkMoves(com.cobblemon.mod.common.pokemon.Pokemon,int,net.minecraft.network.chat.Component,java.lang.String,java.util.List<xiaocaoawa.minecraft.mod.cobblebattle.dex.RemoteDex.Rejection>)","learnset","speciesLearnset","待验证"
"src/main/java/xiaocaoawa/minecraft/mod/cobblebattle/dex/RemoteDex.java","260","LOCAL_VARIABLE","checkMoves(com.cobblemon.mod.common.pokemon.Pokemon,int,net.minecraft.network.chat.Component,java.lang.String,java.util.List<xiaocaoawa.minecraft.mod.cobblebattle.dex.RemoteDex.Rejection>)","legal","legalMoveIds","待验证"
"src/main/java/xiaocaoawa/minecraft/mod/cobblebattle/dex/RemoteDex.java","262","LOCAL_VARIABLE","checkMoves(com.cobblemon.mod.common.pokemon.Pokemon,int,net.minecraft.network.chat.Component,java.lang.String,java.util.List<xiaocaoawa.minecraft.mod.cobblebattle.dex.RemoteDex.Rejection>)","move","standardMoveTemplate","待验证"
"src/main/java/xiaocaoawa/minecraft/mod/cobblebattle/dex/RemoteDex.java","266","LOCAL_VARIABLE","checkMoves(com.cobblemon.mod.common.pokemon.Pokemon,int,net.minecraft.network.chat.Component,java.lang.String,java.util.List<xiaocaoawa.minecraft.mod.cobblebattle.dex.RemoteDex.Rejection>)","move","legacyMoveTemplate","待验证"
"src/main/java/xiaocaoawa/minecraft/mod/cobblebattle/dex/RemoteDex.java","270","LOCAL_VARIABLE","checkMoves(com.cobblemon.mod.common.pokemon.Pokemon,int,net.minecraft.network.chat.Component,java.lang.String,java.util.List<xiaocaoawa.minecraft.mod.cobblebattle.dex.RemoteDex.Rejection>)","move","specialMoveTemplate","待验证"
"src/main/java/xiaocaoawa/minecraft/mod/cobblebattle/dex/RemoteDex.java","275","LOCAL_VARIABLE","checkMoves(com.cobblemon.mod.common.pokemon.Pokemon,int,net.minecraft.network.chat.Component,java.lang.String,java.util.List<xiaocaoawa.minecraft.mod.cobblebattle.dex.RemoteDex.Rejection>)","move","selectedMove","待验证"
"src/main/java/xiaocaoawa/minecraft/mod/cobblebattle/dex/RemoteDex.java","276","LOCAL_VARIABLE","checkMoves(com.cobblemon.mod.common.pokemon.Pokemon,int,net.minecraft.network.chat.Component,java.lang.String,java.util.List<xiaocaoawa.minecraft.mod.cobblebattle.dex.RemoteDex.Rejection>)","id","id","待命名"
"src/main/java/xiaocaoawa/minecraft/mod/cobblebattle/dex/RemoteDex.java","285","METHOD","xiaocaoawa.minecraft.mod.cobblebattle.dex.RemoteDex","checkEffortAndIndividual","validateTrainingValues","待验证"
"src/main/java/xiaocaoawa/minecraft/mod/cobblebattle/dex/RemoteDex.java","285","PARAMETER","checkEffortAndIndividual(com.cobblemon.mod.common.pokemon.Pokemon,int,net.minecraft.network.chat.Component,java.lang.String,java.util.List<xiaocaoawa.minecraft.mod.cobblebattle.dex.RemoteDex.Rejection>)","pokemon","creature","待验证"
"src/main/java/xiaocaoawa/minecraft/mod/cobblebattle/dex/RemoteDex.java","285","PARAMETER","checkEffortAndIndividual(com.cobblemon.mod.common.pokemon.Pokemon,int,net.minecraft.network.chat.Component,java.lang.String,java.util.List<xiaocaoawa.minecraft.mod.cobblebattle.dex.RemoteDex.Rejection>)","slot","rosterSlot","待验证"
"src/main/java/xiaocaoawa/minecraft/mod/cobblebattle/dex/RemoteDex.java","285","PARAMETER","checkEffortAndIndividual(com.cobblemon.mod.common.pokemon.Pokemon,int,net.minecraft.network.chat.Component,java.lang.String,java.util.List<xiaocaoawa.minecraft.mod.cobblebattle.dex.RemoteDex.Rejection>)","name","speciesDisplayName","待验证"
"src/main/java/xiaocaoawa/minecraft/mod/cobblebattle/dex/RemoteDex.java","285","PARAMETER","checkEffortAndIndividual(com.cobblemon.mod.common.pokemon.Pokemon,int,net.minecraft.network.chat.Component,java.lang.String,java.util.List<xiaocaoawa.minecraft.mod.cobblebattle.dex.RemoteDex.Rejection>)","speciesId","speciesTemplateId","待验证"
"src/main/java/xiaocaoawa/minecraft/mod/cobblebattle/dex/RemoteDex.java","285","PARAMETER","checkEffortAndIndividual(com.cobblemon.mod.common.pokemon.Pokemon,int,net.minecraft.network.chat.Component,java.lang.String,java.util.List<xiaocaoawa.minecraft.mod.cobblebattle.dex.RemoteDex.Rejection>)","out","outputStream","待验证"
"src/main/java/xiaocaoawa/minecraft/mod/cobblebattle/dex/RemoteDex.java","287","LOCAL_VARIABLE","checkEffortAndIndividual(com.cobblemon.mod.common.pokemon.Pokemon,int,net.minecraft.network.chat.Component,java.lang.String,java.util.List<xiaocaoawa.minecraft.mod.cobblebattle.dex.RemoteDex.Rejection>)","total","totalEffortValues","待验证"
"src/main/java/xiaocaoawa/minecraft/mod/cobblebattle/dex/RemoteDex.java","289","LOCAL_VARIABLE","checkEffortAndIndividual(com.cobblemon.mod.common.pokemon.Pokemon,int,net.minecraft.network.chat.Component,java.lang.String,java.util.List<xiaocaoawa.minecraft.mod.cobblebattle.dex.RemoteDex.Rejection>)","entry","effortEntry","待验证"
"src/main/java/xiaocaoawa/minecraft/mod/cobblebattle/dex/RemoteDex.java","290","LOCAL_VARIABLE","checkEffortAndIndividual(com.cobblemon.mod.common.pokemon.Pokemon,int,net.minecraft.network.chat.Component,java.lang.String,java.util.List<xiaocaoawa.minecraft.mod.cobblebattle.dex.RemoteDex.Rejection>)","value","effortValue","待验证"
"src/main/java/xiaocaoawa/minecraft/mod/cobblebattle/dex/RemoteDex.java","315","LOCAL_VARIABLE","checkEffortAndIndividual(com.cobblemon.mod.common.pokemon.Pokemon,int,net.minecraft.network.chat.Component,java.lang.String,java.util.List<xiaocaoawa.minecraft.mod.cobblebattle.dex.RemoteDex.Rejection>)","entryx","individualEntry","待验证"
"src/main/java/xiaocaoawa/minecraft/mod/cobblebattle/dex/RemoteDex.java","316","LOCAL_VARIABLE","checkEffortAndIndividual(com.cobblemon.mod.common.pokemon.Pokemon,int,net.minecraft.network.chat.Component,java.lang.String,java.util.List<xiaocaoawa.minecraft.mod.cobblebattle.dex.RemoteDex.Rejection>)","value","individualValue","待验证"
"src/main/java/xiaocaoawa/minecraft/mod/cobblebattle/dex/RemoteDex.java","332","METHOD","xiaocaoawa.minecraft.mod.cobblebattle.dex.RemoteDex","statName","showdownStatName","待验证"
"src/main/java/xiaocaoawa/minecraft/mod/cobblebattle/dex/RemoteDex.java","332","PARAMETER","statName(com.cobblemon.mod.common.api.pokemon.stats.Stat)","stat","pokemonStat","待验证"
"src/main/java/xiaocaoawa/minecraft/mod/cobblebattle/dex/RemoteDex.java","333","LOCAL_VARIABLE","statName(com.cobblemon.mod.common.api.pokemon.stats.Stat)","known","knownName","待验证"
"src/main/java/xiaocaoawa/minecraft/mod/cobblebattle/dex/RemoteDex.java","337","METHOD","xiaocaoawa.minecraft.mod.cobblebattle.dex.RemoteDex","showdownId","normalizeShowdownId","待验证"
"src/main/java/xiaocaoawa/minecraft/mod/cobblebattle/dex/RemoteDex.java","337","PARAMETER","showdownId(java.lang.String)","raw","rawName","待验证"
"src/main/java/xiaocaoawa/minecraft/mod/cobblebattle/dex/RemoteDex.java","341","PARAMETER","describeTeam(java.util.List<com.cobblemon.mod.common.pokemon.Pokemon>)","team","roster","待验证"
"src/main/java/xiaocaoawa/minecraft/mod/cobblebattle/dex/RemoteDex.java","342","LOCAL_VARIABLE","describeTeam(java.util.List<com.cobblemon.mod.common.pokemon.Pokemon>)","meta","rosterMetadata","待验证"
"src/main/java/xiaocaoawa/minecraft/mod/cobblebattle/dex/RemoteDex.java","344","LOCAL_VARIABLE","describeTeam(java.util.List<com.cobblemon.mod.common.pokemon.Pokemon>)","i","rosterIndex","待验证"
"src/main/java/xiaocaoawa/minecraft/mod/cobblebattle/dex/RemoteDex.java","345","LOCAL_VARIABLE","describeTeam(java.util.List<com.cobblemon.mod.common.pokemon.Pokemon>)","pokemon","creature","待验证"
"src/main/java/xiaocaoawa/minecraft/mod/cobblebattle/dex/RemoteDex.java","346","LOCAL_VARIABLE","describeTeam(java.util.List<com.cobblemon.mod.common.pokemon.Pokemon>)","local","localBaseStats","待验证"
"src/main/java/xiaocaoawa/minecraft/mod/cobblebattle/dex/RemoteDex.java","347","LOCAL_VARIABLE","describeTeam(java.util.List<com.cobblemon.mod.common.pokemon.Pokemon>)","baseStats","serializedBaseStats","待验证"
"src/main/java/xiaocaoawa/minecraft/mod/cobblebattle/dex/RemoteDex.java","354","LOCAL_VARIABLE","describeTeam(java.util.List<com.cobblemon.mod.common.pokemon.Pokemon>)","types","serializedTypes","待验证"
"src/main/java/xiaocaoawa/minecraft/mod/cobblebattle/dex/RemoteDex.java","356","LOCAL_VARIABLE","describeTeam(java.util.List<com.cobblemon.mod.common.pokemon.Pokemon>)","type","elementalType","待验证"
"src/main/java/xiaocaoawa/minecraft/mod/cobblebattle/dex/RemoteDex.java","360","LOCAL_VARIABLE","describeTeam(java.util.List<com.cobblemon.mod.common.pokemon.Pokemon>)","slot","slotDocument","待验证"
"src/main/java/xiaocaoawa/minecraft/mod/cobblebattle/lang/Msg.java","18","FIELD","xiaocaoawa.minecraft.mod.cobblebattle.lang.Msg","LOGGER","LOGGER","待命名"
"src/main/java/xiaocaoawa/minecraft/mod/cobblebattle/lang/Msg.java","19","FIELD","xiaocaoawa.minecraft.mod.cobblebattle.lang.Msg","FALLBACK","FALLBACK","待命名"
"src/main/java/xiaocaoawa/minecraft/mod/cobblebattle/lang/Msg.java","20","FIELD","xiaocaoawa.minecraft.mod.cobblebattle.lang.Msg","RESOURCE_DIR","RESOURCE_DIR","待命名"
"src/main/java/xiaocaoawa/minecraft/mod/cobblebattle/lang/Msg.java","21","FIELD","xiaocaoawa.minecraft.mod.cobblebattle.lang.Msg","EXTERNAL_DIR","EXTERNAL_DIR","待命名"
"src/main/java/xiaocaoawa/minecraft/mod/cobblebattle/lang/Msg.java","22","FIELD","xiaocaoawa.minecraft.mod.cobblebattle.lang.Msg","strings","strings","待命名"
"src/main/java/xiaocaoawa/minecraft/mod/cobblebattle/lang/Msg.java","23","FIELD","xiaocaoawa.minecraft.mod.cobblebattle.lang.Msg","language","language","待命名"
"src/main/java/xiaocaoawa/minecraft/mod/cobblebattle/lang/Msg.java","32","PARAMETER","init(java.lang.String)","code","code","待命名"
"src/main/java/xiaocaoawa/minecraft/mod/cobblebattle/lang/Msg.java","33","LOCAL_VARIABLE","init(java.lang.String)","wanted","connectionRequested","待验证"
"src/main/java/xiaocaoawa/minecraft/mod/cobblebattle/lang/Msg.java","34","LOCAL_VARIABLE","init(java.lang.String)","fallback","fallback","待命名"
"src/main/java/xiaocaoawa/minecraft/mod/cobblebattle/lang/Msg.java","40","LOCAL_VARIABLE","init(java.lang.String)","chosen","chosen","待命名"
"src/main/java/xiaocaoawa/minecraft/mod/cobblebattle/lang/Msg.java","43","LOCAL_VARIABLE","init(java.lang.String)","bundled","bundled","待命名"
"src/main/java/xiaocaoawa/minecraft/mod/cobblebattle/lang/Msg.java","52","LOCAL_VARIABLE","init(java.lang.String)","external","external","待命名"
"src/main/java/xiaocaoawa/minecraft/mod/cobblebattle/lang/Msg.java","61","METHOD","xiaocaoawa.minecraft.mod.cobblebattle.lang.Msg","loadBundled","loadBundled","待命名"
"src/main/java/xiaocaoawa/minecraft/mod/cobblebattle/lang/Msg.java","61","PARAMETER","loadBundled(java.lang.String)","code","code","待命名"
"src/main/java/xiaocaoawa/minecraft/mod/cobblebattle/lang/Msg.java","62","LOCAL_VARIABLE","loadBundled(java.lang.String)","name","name","待命名"
"src/main/java/xiaocaoawa/minecraft/mod/cobblebattle/lang/Msg.java","65","LOCAL_VARIABLE","loadBundled(java.lang.String)","var4","var4","待命名"
"src/main/java/xiaocaoawa/minecraft/mod/cobblebattle/lang/Msg.java","66","RESOURCE_VARIABLE","loadBundled(java.lang.String)","in","in","待命名"
"src/main/java/xiaocaoawa/minecraft/mod/cobblebattle/lang/Msg.java","71","LOCAL_VARIABLE","loadBundled(java.lang.String)","p","p","待命名"
"src/main/java/xiaocaoawa/minecraft/mod/cobblebattle/lang/Msg.java","77","EXCEPTION_PARAMETER","loadBundled(java.lang.String)","var7","failure","待验证"
"src/main/java/xiaocaoawa/minecraft/mod/cobblebattle/lang/Msg.java","83","METHOD","xiaocaoawa.minecraft.mod.cobblebattle.lang.Msg","loadExternal","loadExternal","待命名"
"src/main/java/xiaocaoawa/minecraft/mod/cobblebattle/lang/Msg.java","83","PARAMETER","loadExternal(java.lang.String)","code","code","待命名"
"src/main/java/xiaocaoawa/minecraft/mod/cobblebattle/lang/Msg.java","84","LOCAL_VARIABLE","loadExternal(java.lang.String)","file","file","待命名"
"src/main/java/xiaocaoawa/minecraft/mod/cobblebattle/lang/Msg.java","89","LOCAL_VARIABLE","loadExternal(java.lang.String)","var4","var4","待命名"
"src/main/java/xiaocaoawa/minecraft/mod/cobblebattle/lang/Msg.java","90","RESOURCE_VARIABLE","loadExternal(java.lang.String)","reader","reader","待命名"
"src/main/java/xiaocaoawa/minecraft/mod/cobblebattle/lang/Msg.java","91","LOCAL_VARIABLE","loadExternal(java.lang.String)","p","p","待命名"
"src/main/java/xiaocaoawa/minecraft/mod/cobblebattle/lang/Msg.java","98","EXCEPTION_PARAMETER","loadExternal(java.lang.String)","var7","failure","待验证"
"src/main/java/xiaocaoawa/minecraft/mod/cobblebattle/lang/Msg.java","105","PARAMETER","raw(java.lang.String,java.lang.Object...)","key","key","待命名"
"src/main/java/xiaocaoawa/minecraft/mod/cobblebattle/lang/Msg.java","105","PARAMETER","raw(java.lang.String,java.lang.Object...)","args","args","待命名"
"src/main/java/xiaocaoawa/minecraft/mod/cobblebattle/lang/Msg.java","106","LOCAL_VARIABLE","raw(java.lang.String,java.lang.Object...)","template","template","待命名"
"src/main/java/xiaocaoawa/minecraft/mod/cobblebattle/lang/Msg.java","111","LOCAL_VARIABLE","raw(java.lang.String,java.lang.Object...)","out","outputStream","待验证"
"src/main/java/xiaocaoawa/minecraft/mod/cobblebattle/lang/Msg.java","113","LOCAL_VARIABLE","raw(java.lang.String,java.lang.Object...)","i","i","待命名"
"src/main/java/xiaocaoawa/minecraft/mod/cobblebattle/lang/Msg.java","121","PARAMETER","of(java.lang.String,java.lang.Object...)","key","key","待命名"
"src/main/java/xiaocaoawa/minecraft/mod/cobblebattle/lang/Msg.java","121","PARAMETER","of(java.lang.String,java.lang.Object...)","args","args","待命名"
"src/main/java/xiaocaoawa/minecraft/mod/cobblebattle/lang/Msg.java","125","PARAMETER","of(net.minecraft.ChatFormatting,java.lang.String,java.lang.Object...)","style","style","待命名"
"src/main/java/xiaocaoawa/minecraft/mod/cobblebattle/lang/Msg.java","125","PARAMETER","of(net.minecraft.ChatFormatting,java.lang.String,java.lang.Object...)","key","key","待命名"
"src/main/java/xiaocaoawa/minecraft/mod/cobblebattle/lang/Msg.java","125","PARAMETER","of(net.minecraft.ChatFormatting,java.lang.String,java.lang.Object...)","args","args","待命名"
"src/main/java/xiaocaoawa/minecraft/mod/cobblebattle/lang/Msg.java","129","PARAMETER","compose(java.lang.String,java.lang.Object...)","key","key","待命名"
"src/main/java/xiaocaoawa/minecraft/mod/cobblebattle/lang/Msg.java","129","PARAMETER","compose(java.lang.String,java.lang.Object...)","args","args","待命名"
"src/main/java/xiaocaoawa/minecraft/mod/cobblebattle/lang/Msg.java","130","LOCAL_VARIABLE","compose(java.lang.String,java.lang.Object...)","template","template","待命名"
"src/main/java/xiaocaoawa/minecraft/mod/cobblebattle/lang/Msg.java","135","LOCAL_VARIABLE","compose(java.lang.String,java.lang.Object...)","out","outputStream","待验证"
"src/main/java/xiaocaoawa/minecraft/mod/cobblebattle/lang/Msg.java","136","LOCAL_VARIABLE","compose(java.lang.String,java.lang.Object...)","plain","plain","待命名"
"src/main/java/xiaocaoawa/minecraft/mod/cobblebattle/lang/Msg.java","138","LOCAL_VARIABLE","compose(java.lang.String,java.lang.Object...)","i","i","待命名"
"src/main/java/xiaocaoawa/minecraft/mod/cobblebattle/lang/Msg.java","139","LOCAL_VARIABLE","compose(java.lang.String,java.lang.Object...)","c","c","待命名"
"src/main/java/xiaocaoawa/minecraft/mod/cobblebattle/lang/Msg.java","140","LOCAL_VARIABLE","compose(java.lang.String,java.lang.Object...)","close","close","待命名"
"src/main/java/xiaocaoawa/minecraft/mod/cobblebattle/lang/Msg.java","141","LOCAL_VARIABLE","compose(java.lang.String,java.lang.Object...)","index","index","待命名"
"src/main/java/xiaocaoawa/minecraft/mod/cobblebattle/lang/Msg.java","145","EXCEPTION_PARAMETER","compose(java.lang.String,java.lang.Object...)","var11","failure","待验证"
"src/main/java/xiaocaoawa/minecraft/mod/cobblebattle/lang/Msg.java","155","LOCAL_VARIABLE","compose(java.lang.String,java.lang.Object...)","arg","arg","待命名"
"src/main/java/xiaocaoawa/minecraft/mod/cobblebattle/lang/Msg.java","156","BINDING_VARIABLE","compose(java.lang.String,java.lang.Object...)","component","component","待命名"
"src/main/java/xiaocaoawa/minecraft/mod/cobblebattle/lang/Msg.java","171","PARAMETER","compose(net.minecraft.ChatFormatting,java.lang.String,java.lang.Object...)","style","style","待命名"
"src/main/java/xiaocaoawa/minecraft/mod/cobblebattle/lang/Msg.java","171","PARAMETER","compose(net.minecraft.ChatFormatting,java.lang.String,java.lang.Object...)","key","key","待命名"
"src/main/java/xiaocaoawa/minecraft/mod/cobblebattle/lang/Msg.java","171","PARAMETER","compose(net.minecraft.ChatFormatting,java.lang.String,java.lang.Object...)","args","args","待命名"
"src/main/java/xiaocaoawa/minecraft/mod/cobblebattle/net/BattleServerClient.java","10","FIELD","xiaocaoawa.minecraft.mod.cobblebattle.net.BattleServerClient","connection","connection","待命名"
"src/main/java/xiaocaoawa/minecraft/mod/cobblebattle/net/BattleServerClient.java","12","PARAMETER","BattleServerClient(xiaocaoawa.minecraft.mod.cobblebattle.config.CobbleBattleConfig,java.util.function.Consumer<com.google.gson.JsonObject>,java.lang.Runnable,java.util.function.Consumer<java.lang.String>)","config","config","待命名"
"src/main/java/xiaocaoawa/minecraft/mod/cobblebattle/net/BattleServerClient.java","12","PARAMETER","BattleServerClient(xiaocaoawa.minecraft.mod.cobblebattle.config.CobbleBattleConfig,java.util.function.Consumer<com.google.gson.JsonObject>,java.lang.Runnable,java.util.function.Consumer<java.lang.String>)","inboundHandler","inboundHandler","待命名"
"src/main/java/xiaocaoawa/minecraft/mod/cobblebattle/net/BattleServerClient.java","12","PARAMETER","BattleServerClient(xiaocaoawa.minecraft.mod.cobblebattle.config.CobbleBattleConfig,java.util.function.Consumer<com.google.gson.JsonObject>,java.lang.Runnable,java.util.function.Consumer<java.lang.String>)","onConnected","onConnected","待命名"
"src/main/java/xiaocaoawa/minecraft/mod/cobblebattle/net/BattleServerClient.java","12","PARAMETER","BattleServerClient(xiaocaoawa.minecraft.mod.cobblebattle.config.CobbleBattleConfig,java.util.function.Consumer<com.google.gson.JsonObject>,java.lang.Runnable,java.util.function.Consumer<java.lang.String>)","onDisconnected","onDisconnected","待命名"
"src/main/java/xiaocaoawa/minecraft/mod/cobblebattle/net/BattleServerClient.java","17","PARAMETER","setHandshaken(boolean)","value","value","待命名"
"src/main/java/xiaocaoawa/minecraft/mod/cobblebattle/net/BattleServerClient.java","22","PARAMETER","disconnect(java.lang.String)","why","why","待命名"
"src/main/java/xiaocaoawa/minecraft/mod/cobblebattle/net/BattleServerClient.java","23","PARAMETER","suspend(java.lang.String)","why","why","待命名"
"src/main/java/xiaocaoawa/minecraft/mod/cobblebattle/net/BattleServerClient.java","24","PARAMETER","setOnConnectFailed(java.util.function.Consumer<java.lang.String>)","handler","handler","待命名"
"src/main/java/xiaocaoawa/minecraft/mod/cobblebattle/net/BattleServerClient.java","27","PARAMETER","reconnect(java.lang.String)","why","why","待命名"
"src/main/java/xiaocaoawa/minecraft/mod/cobblebattle/net/BattleServerClient.java","28","PARAMETER","send(com.google.gson.JsonObject)","message","document","待验证"
"src/main/java/xiaocaoawa/minecraft/mod/cobblebattle/net/BattleServerClient.java","29","PARAMETER","sendHandshake(com.google.gson.JsonObject)","message","document","待验证"
"src/main/java/xiaocaoawa/minecraft/mod/cobblebattle/net/BattleServerClient.java","30","PARAMETER","msg(java.lang.String)","type","type","待命名"
"src/main/java/xiaocaoawa/minecraft/mod/cobblebattle/net/BattleServerClient.java","31","PARAMETER","str(com.google.gson.JsonObject,java.lang.String,java.lang.String)","object","object","待命名"
"src/main/java/xiaocaoawa/minecraft/mod/cobblebattle/net/BattleServerClient.java","31","PARAMETER","str(com.google.gson.JsonObject,java.lang.String,java.lang.String)","key","key","待命名"
"src/main/java/xiaocaoawa/minecraft/mod/cobblebattle/net/BattleServerClient.java","31","PARAMETER","str(com.google.gson.JsonObject,java.lang.String,java.lang.String)","fallback","fallback","待命名"
"src/main/java/xiaocaoawa/minecraft/mod/cobblebattle/net/BattleServerClient.java","32","PARAMETER","integer(com.google.gson.JsonObject,java.lang.String,int)","object","object","待命名"
"src/main/java/xiaocaoawa/minecraft/mod/cobblebattle/net/BattleServerClient.java","32","PARAMETER","integer(com.google.gson.JsonObject,java.lang.String,int)","key","key","待命名"
"src/main/java/xiaocaoawa/minecraft/mod/cobblebattle/net/BattleServerClient.java","32","PARAMETER","integer(com.google.gson.JsonObject,java.lang.String,int)","fallback","fallback","待命名"
"src/main/java/xiaocaoawa/minecraft/mod/cobblebattle/net/BattleServerClient.java","33","PARAMETER","bool(com.google.gson.JsonObject,java.lang.String,boolean)","object","object","待命名"
"src/main/java/xiaocaoawa/minecraft/mod/cobblebattle/net/BattleServerClient.java","33","PARAMETER","bool(com.google.gson.JsonObject,java.lang.String,boolean)","key","key","待命名"
"src/main/java/xiaocaoawa/minecraft/mod/cobblebattle/net/BattleServerClient.java","33","PARAMETER","bool(com.google.gson.JsonObject,java.lang.String,boolean)","fallback","fallback","待命名"
"src/main/java/xiaocaoawa/minecraft/mod/cobblebattle/net/BattleServerClient.java","34","PARAMETER","longer(com.google.gson.JsonObject,java.lang.String,long)","object","object","待命名"
"src/main/java/xiaocaoawa/minecraft/mod/cobblebattle/net/BattleServerClient.java","34","PARAMETER","longer(com.google.gson.JsonObject,java.lang.String,long)","key","key","待命名"
"src/main/java/xiaocaoawa/minecraft/mod/cobblebattle/net/BattleServerClient.java","34","PARAMETER","longer(com.google.gson.JsonObject,java.lang.String,long)","fallback","fallback","待命名"
"src/main/java/xiaocaoawa/minecraft/mod/cobblebattle/network/CobbleBattleNetwork.java","21","PARAMETER","init()","payload","body","待验证"
"src/main/java/xiaocaoawa/minecraft/mod/cobblebattle/network/CobbleBattleNetwork.java","21","PARAMETER","init()","context","context","待命名"
"src/main/java/xiaocaoawa/minecraft/mod/cobblebattle/network/CobbleBattleNetwork.java","22","BINDING_VARIABLE","init()","player","participant","待验证"
"src/main/java/xiaocaoawa/minecraft/mod/cobblebattle/network/CobbleBattleNetwork.java","30","PARAMETER","init()","payload","payload","待命名"
"src/main/java/xiaocaoawa/minecraft/mod/cobblebattle/network/CobbleBattleNetwork.java","30","PARAMETER","init()","context","context","待命名"
"src/main/java/xiaocaoawa/minecraft/mod/cobblebattle/network/CobbleBattleNetwork.java","31","BINDING_VARIABLE","init()","player","player","待命名"
"src/main/java/xiaocaoawa/minecraft/mod/cobblebattle/network/CobbleBattleNetwork.java","35","PARAMETER","init()","payload","payload","待命名"
"src/main/java/xiaocaoawa/minecraft/mod/cobblebattle/network/CobbleBattleNetwork.java","35","PARAMETER","init()","context","context","待命名"
"src/main/java/xiaocaoawa/minecraft/mod/cobblebattle/network/CobbleBattleNetwork.java","36","BINDING_VARIABLE","init()","player","player","待命名"
"src/main/java/xiaocaoawa/minecraft/mod/cobblebattle/network/CobbleBattleNetwork.java","40","PARAMETER","init()","payload","payload","待命名"
"src/main/java/xiaocaoawa/minecraft/mod/cobblebattle/network/CobbleBattleNetwork.java","40","PARAMETER","init()","context","context","待命名"
"src/main/java/xiaocaoawa/minecraft/mod/cobblebattle/network/CobbleBattleNetwork.java","41","BINDING_VARIABLE","init()","player","player","待命名"
"src/main/java/xiaocaoawa/minecraft/mod/cobblebattle/network/CobbleBattleNetwork.java","45","PARAMETER","init()","payload","payload","待命名"
"src/main/java/xiaocaoawa/minecraft/mod/cobblebattle/network/CobbleBattleNetwork.java","45","PARAMETER","init()","context","context","待命名"
"src/main/java/xiaocaoawa/minecraft/mod/cobblebattle/network/CobbleBattleNetwork.java","46","BINDING_VARIABLE","init()","player","player","待命名"
"src/main/java/xiaocaoawa/minecraft/mod/cobblebattle/network/CobbleBattleNetwork.java","50","PARAMETER","init()","payload","payload","待命名"
"src/main/java/xiaocaoawa/minecraft/mod/cobblebattle/network/CobbleBattleNetwork.java","50","PARAMETER","init()","context","context","待命名"
"src/main/java/xiaocaoawa/minecraft/mod/cobblebattle/network/CobbleBattleNetwork.java","51","BINDING_VARIABLE","init()","player","player","待命名"
"src/main/java/xiaocaoawa/minecraft/mod/cobblebattle/network/CobbleBattleNetwork.java","69","PARAMETER","sendTeamPreview(net.minecraft.server.level.ServerPlayer,xiaocaoawa.minecraft.mod.cobblebattle.network.TeamPreviewPayload)","player","participant","待验证"
"src/main/java/xiaocaoawa/minecraft/mod/cobblebattle/network/CobbleBattleNetwork.java","69","PARAMETER","sendTeamPreview(net.minecraft.server.level.ServerPlayer,xiaocaoawa.minecraft.mod.cobblebattle.network.TeamPreviewPayload)","preview","preview","待命名"
"src/main/java/xiaocaoawa/minecraft/mod/cobblebattle/network/CobbleBattleNetwork.java","78","PARAMETER","sendMainMenu(net.minecraft.server.level.ServerPlayer,xiaocaoawa.minecraft.mod.cobblebattle.network.OpenMainMenuPayload)","player","participant","待验证"
"src/main/java/xiaocaoawa/minecraft/mod/cobblebattle/network/CobbleBattleNetwork.java","78","PARAMETER","sendMainMenu(net.minecraft.server.level.ServerPlayer,xiaocaoawa.minecraft.mod.cobblebattle.network.OpenMainMenuPayload)","menu","menu","待命名"
"src/main/java/xiaocaoawa/minecraft/mod/cobblebattle/network/CobbleBattleNetwork.java","87","PARAMETER","sendRooms(net.minecraft.server.level.ServerPlayer,xiaocaoawa.minecraft.mod.cobblebattle.network.RoomListPayload)","player","participant","待验证"
"src/main/java/xiaocaoawa/minecraft/mod/cobblebattle/network/CobbleBattleNetwork.java","87","PARAMETER","sendRooms(net.minecraft.server.level.ServerPlayer,xiaocaoawa.minecraft.mod.cobblebattle.network.RoomListPayload)","rooms","rooms","待命名"
"src/main/java/xiaocaoawa/minecraft/mod/cobblebattle/network/CobbleBattleNetwork.java","96","PARAMETER","sendRoomState(net.minecraft.server.level.ServerPlayer,xiaocaoawa.minecraft.mod.cobblebattle.network.RoomStatePayload)","player","participant","待验证"
"src/main/java/xiaocaoawa/minecraft/mod/cobblebattle/network/CobbleBattleNetwork.java","96","PARAMETER","sendRoomState(net.minecraft.server.level.ServerPlayer,xiaocaoawa.minecraft.mod.cobblebattle.network.RoomStatePayload)","state","state","待命名"
"src/main/java/xiaocaoawa/minecraft/mod/cobblebattle/network/CobbleBattleNetwork.java","105","PARAMETER","sendServerDex(net.minecraft.server.level.ServerPlayer,xiaocaoawa.minecraft.mod.cobblebattle.network.ServerDexPayload)","player","participant","待验证"
"src/main/java/xiaocaoawa/minecraft/mod/cobblebattle/network/CobbleBattleNetwork.java","105","PARAMETER","sendServerDex(net.minecraft.server.level.ServerPlayer,xiaocaoawa.minecraft.mod.cobblebattle.network.ServerDexPayload)","dex","dex","待命名"
"src/main/java/xiaocaoawa/minecraft/mod/cobblebattle/network/CobbleBattleNetwork.java","114","PARAMETER","openScreen(net.minecraft.server.level.ServerPlayer,xiaocaoawa.minecraft.mod.cobblebattle.account.AuthMode,java.lang.String,boolean)","player","participant","待验证"
"src/main/java/xiaocaoawa/minecraft/mod/cobblebattle/network/CobbleBattleNetwork.java","114","PARAMETER","openScreen(net.minecraft.server.level.ServerPlayer,xiaocaoawa.minecraft.mod.cobblebattle.account.AuthMode,java.lang.String,boolean)","mode","mode","待命名"
"src/main/java/xiaocaoawa/minecraft/mod/cobblebattle/network/CobbleBattleNetwork.java","114","PARAMETER","openScreen(net.minecraft.server.level.ServerPlayer,xiaocaoawa.minecraft.mod.cobblebattle.account.AuthMode,java.lang.String,boolean)","suggestedId","suggestedId","待命名"
"src/main/java/xiaocaoawa/minecraft/mod/cobblebattle/network/CobbleBattleNetwork.java","114","PARAMETER","openScreen(net.minecraft.server.level.ServerPlayer,xiaocaoawa.minecraft.mod.cobblebattle.account.AuthMode,java.lang.String,boolean)","emailEnabled","emailEnabled","待命名"
"src/main/java/xiaocaoawa/minecraft/mod/cobblebattle/network/CobbleBattleNetwork.java","123","PARAMETER","sendResult(net.minecraft.server.level.ServerPlayer,boolean,net.minecraft.network.chat.Component)","player","participant","待验证"
"src/main/java/xiaocaoawa/minecraft/mod/cobblebattle/network/CobbleBattleNetwork.java","123","PARAMETER","sendResult(net.minecraft.server.level.ServerPlayer,boolean,net.minecraft.network.chat.Component)","ok","ok","待命名"
"src/main/java/xiaocaoawa/minecraft/mod/cobblebattle/network/CobbleBattleNetwork.java","123","PARAMETER","sendResult(net.minecraft.server.level.ServerPlayer,boolean,net.minecraft.network.chat.Component)","message","document","待验证"
"src/main/java/xiaocaoawa/minecraft/mod/cobblebattle/network/CobbleBattleNetwork.java","129","PARAMETER","sendChatLine(net.minecraft.server.level.ServerPlayer,xiaocaoawa.minecraft.mod.cobblebattle.network.ChatLinePayload)","player","participant","待验证"
"src/main/java/xiaocaoawa/minecraft/mod/cobblebattle/network/CobbleBattleNetwork.java","129","PARAMETER","sendChatLine(net.minecraft.server.level.ServerPlayer,xiaocaoawa.minecraft.mod.cobblebattle.network.ChatLinePayload)","line","line","待命名"
"src/main/java/xiaocaoawa/minecraft/mod/cobblebattle/network/CobbleBattleNetwork.java","135","PARAMETER","sendLeaderboard(net.minecraft.server.level.ServerPlayer,xiaocaoawa.minecraft.mod.cobblebattle.network.LeaderboardPayload)","player","participant","待验证"
"src/main/java/xiaocaoawa/minecraft/mod/cobblebattle/network/CobbleBattleNetwork.java","135","PARAMETER","sendLeaderboard(net.minecraft.server.level.ServerPlayer,xiaocaoawa.minecraft.mod.cobblebattle.network.LeaderboardPayload)","board","board","待命名"
"src/main/java/xiaocaoawa/minecraft/mod/cobblebattle/network/CobbleBattleNetwork.java","141","PARAMETER","sendChatState(net.minecraft.server.level.ServerPlayer,xiaocaoawa.minecraft.mod.cobblebattle.network.ChatStatePayload)","player","participant","待验证"
"src/main/java/xiaocaoawa/minecraft/mod/cobblebattle/network/CobbleBattleNetwork.java","141","PARAMETER","sendChatState(net.minecraft.server.level.ServerPlayer,xiaocaoawa.minecraft.mod.cobblebattle.network.ChatStatePayload)","state","state","待命名"
"src/main/java/xiaocaoawa/minecraft/mod/cobblebattle/network/LeaderboardPayload.java","34","PARAMETER","<clinit>()","buf","buf","待命名"
"src/main/java/xiaocaoawa/minecraft/mod/cobblebattle/network/LeaderboardPayload.java","34","PARAMETER","<clinit>()","e","e","待命名"
"src/main/java/xiaocaoawa/minecraft/mod/cobblebattle/network/LeaderboardPayload.java","44","PARAMETER","<clinit>()","buf","buf","待命名"
"src/main/java/xiaocaoawa/minecraft/mod/cobblebattle/network/OpenAuthScreenPayload.java","23","PARAMETER","of(xiaocaoawa.minecraft.mod.cobblebattle.account.AuthMode,java.lang.String,boolean)","mode","mode","待命名"
"src/main/java/xiaocaoawa/minecraft/mod/cobblebattle/network/OpenAuthScreenPayload.java","23","PARAMETER","of(xiaocaoawa.minecraft.mod.cobblebattle.account.AuthMode,java.lang.String,boolean)","suggestedId","suggestedId","待命名"
"src/main/java/xiaocaoawa/minecraft/mod/cobblebattle/network/OpenAuthScreenPayload.java","23","PARAMETER","of(xiaocaoawa.minecraft.mod.cobblebattle.account.AuthMode,java.lang.String,boolean)","emailEnabled","emailEnabled","待命名"
"src/main/java/xiaocaoawa/minecraft/mod/cobblebattle/network/OpenMainMenuPayload.java","31","PARAMETER","<clinit>()","buf","buf","待命名"
"src/main/java/xiaocaoawa/minecraft/mod/cobblebattle/network/OpenMainMenuPayload.java","31","PARAMETER","<clinit>()","r","r","待命名"
"src/main/java/xiaocaoawa/minecraft/mod/cobblebattle/network/OpenMainMenuPayload.java","42","LOCAL_VARIABLE","<clinit>()","rule","rule","待命名"
"src/main/java/xiaocaoawa/minecraft/mod/cobblebattle/network/OpenMainMenuPayload.java","45","PARAMETER","<clinit>()","buf","buf","待命名"
"src/main/java/xiaocaoawa/minecraft/mod/cobblebattle/network/OpenMainMenuPayload.java","46","LOCAL_VARIABLE","<clinit>()","id","id","待命名"
"src/main/java/xiaocaoawa/minecraft/mod/cobblebattle/network/OpenMainMenuPayload.java","47","LOCAL_VARIABLE","<clinit>()","name","name","待命名"
"src/main/java/xiaocaoawa/minecraft/mod/cobblebattle/network/OpenMainMenuPayload.java","48","LOCAL_VARIABLE","<clinit>()","type","type","待命名"
"src/main/java/xiaocaoawa/minecraft/mod/cobblebattle/network/OpenMainMenuPayload.java","49","LOCAL_VARIABLE","<clinit>()","slots","slots","待命名"
"src/main/java/xiaocaoawa/minecraft/mod/cobblebattle/network/OpenMainMenuPayload.java","50","LOCAL_VARIABLE","<clinit>()","level","level","待命名"
"src/main/java/xiaocaoawa/minecraft/mod/cobblebattle/network/OpenMainMenuPayload.java","51","LOCAL_VARIABLE","<clinit>()","heal","heal","待命名"
"src/main/java/xiaocaoawa/minecraft/mod/cobblebattle/network/OpenMainMenuPayload.java","52","LOCAL_VARIABLE","<clinit>()","win","win","待命名"
"src/main/java/xiaocaoawa/minecraft/mod/cobblebattle/network/OpenMainMenuPayload.java","53","LOCAL_VARIABLE","<clinit>()","fail","fail","待命名"
"src/main/java/xiaocaoawa/minecraft/mod/cobblebattle/network/OpenMainMenuPayload.java","54","LOCAL_VARIABLE","<clinit>()","count","count","待命名"
"src/main/java/xiaocaoawa/minecraft/mod/cobblebattle/network/OpenMainMenuPayload.java","55","LOCAL_VARIABLE","<clinit>()","rules","rules","待命名"
"src/main/java/xiaocaoawa/minecraft/mod/cobblebattle/network/OpenMainMenuPayload.java","57","LOCAL_VARIABLE","<clinit>()","i","i","待命名"
"src/main/java/xiaocaoawa/minecraft/mod/cobblebattle/network/OpenPagePayload.java","26","PARAMETER","of(java.lang.String)","page","page","待命名"
"src/main/java/xiaocaoawa/minecraft/mod/cobblebattle/network/RoomActionPayload.java","30","PARAMETER","<clinit>()","buf","buf","待命名"
"src/main/java/xiaocaoawa/minecraft/mod/cobblebattle/network/RoomActionPayload.java","30","PARAMETER","<clinit>()","a","a","待命名"
"src/main/java/xiaocaoawa/minecraft/mod/cobblebattle/network/RoomActionPayload.java","43","PARAMETER","<clinit>()","buf","buf","待命名"
"src/main/java/xiaocaoawa/minecraft/mod/cobblebattle/network/RoomActionPayload.java","58","PARAMETER","of(java.lang.String)","action","action","待命名"
"src/main/java/xiaocaoawa/minecraft/mod/cobblebattle/network/RoomActionPayload.java","62","PARAMETER","join(java.lang.String,java.lang.String,java.lang.String,boolean,boolean)","roomId","roomId","待命名"
"src/main/java/xiaocaoawa/minecraft/mod/cobblebattle/network/RoomActionPayload.java","62","PARAMETER","join(java.lang.String,java.lang.String,java.lang.String,boolean,boolean)","password","password","待命名"
"src/main/java/xiaocaoawa/minecraft/mod/cobblebattle/network/RoomActionPayload.java","62","PARAMETER","join(java.lang.String,java.lang.String,java.lang.String,boolean,boolean)","battleType","battleType","待命名"
"src/main/java/xiaocaoawa/minecraft/mod/cobblebattle/network/RoomActionPayload.java","62","PARAMETER","join(java.lang.String,java.lang.String,java.lang.String,boolean,boolean)","hostEngine","hostEngine","待命名"
"src/main/java/xiaocaoawa/minecraft/mod/cobblebattle/network/RoomActionPayload.java","62","PARAMETER","join(java.lang.String,java.lang.String,java.lang.String,boolean,boolean)","legality","legality","待命名"
"src/main/java/xiaocaoawa/minecraft/mod/cobblebattle/network/RoomActionPayload.java","66","PARAMETER","joinByCode(java.lang.String)","inviteCode","inviteCode","待命名"
"src/main/java/xiaocaoawa/minecraft/mod/cobblebattle/network/RoomListPayload.java","40","PARAMETER","<clinit>()","buf","buf","待命名"
"src/main/java/xiaocaoawa/minecraft/mod/cobblebattle/network/RoomListPayload.java","40","PARAMETER","<clinit>()","r","r","待命名"
"src/main/java/xiaocaoawa/minecraft/mod/cobblebattle/network/RoomListPayload.java","58","PARAMETER","<clinit>()","buf","buf","待命名"
"src/main/java/xiaocaoawa/minecraft/mod/cobblebattle/network/RoomStatePayload.java","35","PARAMETER","<clinit>()","buf","buf","待命名"
"src/main/java/xiaocaoawa/minecraft/mod/cobblebattle/network/RoomStatePayload.java","35","PARAMETER","<clinit>()","s","s","待命名"
"src/main/java/xiaocaoawa/minecraft/mod/cobblebattle/network/RoomStatePayload.java","52","LOCAL_VARIABLE","<clinit>()","watcher","watcher","待命名"
"src/main/java/xiaocaoawa/minecraft/mod/cobblebattle/network/RoomStatePayload.java","58","PARAMETER","<clinit>()","buf","buf","待命名"
"src/main/java/xiaocaoawa/minecraft/mod/cobblebattle/network/RoomStatePayload.java","59","LOCAL_VARIABLE","<clinit>()","roomId","roomId","待命名"
"src/main/java/xiaocaoawa/minecraft/mod/cobblebattle/network/RoomStatePayload.java","60","LOCAL_VARIABLE","<clinit>()","inviteCode","inviteCode","待命名"
"src/main/java/xiaocaoawa/minecraft/mod/cobblebattle/network/RoomStatePayload.java","61","LOCAL_VARIABLE","<clinit>()","name","name","待命名"
"src/main/java/xiaocaoawa/minecraft/mod/cobblebattle/network/RoomStatePayload.java","62","LOCAL_VARIABLE","<clinit>()","locked","locked","待命名"
"src/main/java/xiaocaoawa/minecraft/mod/cobblebattle/network/RoomStatePayload.java","63","LOCAL_VARIABLE","<clinit>()","battleType","battleType","待命名"
"src/main/java/xiaocaoawa/minecraft/mod/cobblebattle/network/RoomStatePayload.java","64","LOCAL_VARIABLE","<clinit>()","level","level","待命名"
"src/main/java/xiaocaoawa/minecraft/mod/cobblebattle/network/RoomStatePayload.java","65","LOCAL_VARIABLE","<clinit>()","pick","pick","待命名"
"src/main/java/xiaocaoawa/minecraft/mod/cobblebattle/network/RoomStatePayload.java","66","LOCAL_VARIABLE","<clinit>()","fullHeal","fullHeal","待命名"
"src/main/java/xiaocaoawa/minecraft/mod/cobblebattle/network/RoomStatePayload.java","67","LOCAL_VARIABLE","<clinit>()","hostEngine","hostEngine","待命名"
"src/main/java/xiaocaoawa/minecraft/mod/cobblebattle/network/RoomStatePayload.java","68","LOCAL_VARIABLE","<clinit>()","legality","legality","待命名"
"src/main/java/xiaocaoawa/minecraft/mod/cobblebattle/network/RoomStatePayload.java","69","LOCAL_VARIABLE","<clinit>()","fighting","fighting","待命名"
"src/main/java/xiaocaoawa/minecraft/mod/cobblebattle/network/RoomStatePayload.java","70","LOCAL_VARIABLE","<clinit>()","host","host","待命名"
"src/main/java/xiaocaoawa/minecraft/mod/cobblebattle/network/RoomStatePayload.java","71","LOCAL_VARIABLE","<clinit>()","hasGuest","hasGuest","待命名"
"src/main/java/xiaocaoawa/minecraft/mod/cobblebattle/network/RoomStatePayload.java","72","LOCAL_VARIABLE","<clinit>()","guest","guest","待命名"
"src/main/java/xiaocaoawa/minecraft/mod/cobblebattle/network/RoomStatePayload.java","73","LOCAL_VARIABLE","<clinit>()","count","count","待命名"
"src/main/java/xiaocaoawa/minecraft/mod/cobblebattle/network/RoomStatePayload.java","74","LOCAL_VARIABLE","<clinit>()","watchers","observers","待验证"
"src/main/java/xiaocaoawa/minecraft/mod/cobblebattle/network/RoomStatePayload.java","76","LOCAL_VARIABLE","<clinit>()","i","i","待命名"
"src/main/java/xiaocaoawa/minecraft/mod/cobblebattle/network/ServerDexPayload.java","23","PARAMETER","of(java.lang.String,java.util.List<xiaocaoawa.minecraft.mod.cobblebattle.network.ServerDexPayload.Entry>)","digest","digest","待命名"
"src/main/java/xiaocaoawa/minecraft/mod/cobblebattle/network/ServerDexPayload.java","23","PARAMETER","of(java.lang.String,java.util.List<xiaocaoawa.minecraft.mod.cobblebattle.network.ServerDexPayload.Entry>)","entries","entries","待命名"
"src/main/java/xiaocaoawa/minecraft/mod/cobblebattle/network/ServerDexPayload.java","27","PARAMETER","unchanged(java.lang.String)","digest","digest","待命名"
"src/main/java/xiaocaoawa/minecraft/mod/cobblebattle/network/ServerDexPayload.java","37","PARAMETER","<clinit>()","buf","buf","待命名"
"src/main/java/xiaocaoawa/minecraft/mod/cobblebattle/network/ServerDexPayload.java","37","PARAMETER","<clinit>()","e","e","待命名"
"src/main/java/xiaocaoawa/minecraft/mod/cobblebattle/network/ServerDexPayload.java","46","PARAMETER","<clinit>()","buf","buf","待命名"
"src/main/java/xiaocaoawa/minecraft/mod/cobblebattle/network/SubmitAuthPayload.java","27","PARAMETER","of(xiaocaoawa.minecraft.mod.cobblebattle.account.AuthMode,java.lang.String,java.lang.String,java.lang.String,java.lang.String)","mode","mode","待命名"
"src/main/java/xiaocaoawa/minecraft/mod/cobblebattle/network/SubmitAuthPayload.java","27","PARAMETER","of(xiaocaoawa.minecraft.mod.cobblebattle.account.AuthMode,java.lang.String,java.lang.String,java.lang.String,java.lang.String)","accountId","accountId","待命名"
"src/main/java/xiaocaoawa/minecraft/mod/cobblebattle/network/SubmitAuthPayload.java","27","PARAMETER","of(xiaocaoawa.minecraft.mod.cobblebattle.account.AuthMode,java.lang.String,java.lang.String,java.lang.String,java.lang.String)","email","email","待命名"
"src/main/java/xiaocaoawa/minecraft/mod/cobblebattle/network/SubmitAuthPayload.java","27","PARAMETER","of(xiaocaoawa.minecraft.mod.cobblebattle.account.AuthMode,java.lang.String,java.lang.String,java.lang.String,java.lang.String)","password","password","待命名"
"src/main/java/xiaocaoawa/minecraft/mod/cobblebattle/network/SubmitAuthPayload.java","27","PARAMETER","of(xiaocaoawa.minecraft.mod.cobblebattle.account.AuthMode,java.lang.String,java.lang.String,java.lang.String,java.lang.String)","code","code","待命名"
"src/main/java/xiaocaoawa/minecraft/mod/cobblebattle/network/TeamPickPayload.java","14","PARAMETER","<clinit>()","buf","buf","待命名"
"src/main/java/xiaocaoawa/minecraft/mod/cobblebattle/network/TeamPickPayload.java","14","PARAMETER","<clinit>()","p","p","待命名"
"src/main/java/xiaocaoawa/minecraft/mod/cobblebattle/network/TeamPickPayload.java","18","LOCAL_VARIABLE","<clinit>()","pick","pick","待命名"
"src/main/java/xiaocaoawa/minecraft/mod/cobblebattle/network/TeamPickPayload.java","21","PARAMETER","<clinit>()","buf","buf","待命名"
"src/main/java/xiaocaoawa/minecraft/mod/cobblebattle/network/TeamPickPayload.java","22","LOCAL_VARIABLE","<clinit>()","battleId","battleId","待命名"
"src/main/java/xiaocaoawa/minecraft/mod/cobblebattle/network/TeamPickPayload.java","23","LOCAL_VARIABLE","<clinit>()","count","count","待命名"
"src/main/java/xiaocaoawa/minecraft/mod/cobblebattle/network/TeamPickPayload.java","24","LOCAL_VARIABLE","<clinit>()","picks","picks","待命名"
"src/main/java/xiaocaoawa/minecraft/mod/cobblebattle/network/TeamPickPayload.java","26","LOCAL_VARIABLE","<clinit>()","i","i","待命名"
"src/main/java/xiaocaoawa/minecraft/mod/cobblebattle/network/TeamPreviewPayload.java","28","PARAMETER","<clinit>()","buf","buf","待命名"
"src/main/java/xiaocaoawa/minecraft/mod/cobblebattle/network/TeamPreviewPayload.java","28","PARAMETER","<clinit>()","p","p","待命名"
"src/main/java/xiaocaoawa/minecraft/mod/cobblebattle/network/TeamPreviewPayload.java","42","PARAMETER","<clinit>()","buf","buf","待命名"
"src/main/java/xiaocaoawa/minecraft/mod/cobblebattle/network/TeamPreviewPayload.java","58","PARAMETER","writeSlots(net.minecraft.network.RegistryFriendlyByteBuf,java.util.List<xiaocaoawa.minecraft.mod.cobblebattle.network.TeamPreviewPayload.Slot>)","buf","buf","待命名"
"src/main/java/xiaocaoawa/minecraft/mod/cobblebattle/network/TeamPreviewPayload.java","58","PARAMETER","writeSlots(net.minecraft.network.RegistryFriendlyByteBuf,java.util.List<xiaocaoawa.minecraft.mod.cobblebattle.network.TeamPreviewPayload.Slot>)","slots","slots","待命名"
"src/main/java/xiaocaoawa/minecraft/mod/cobblebattle/network/TeamPreviewPayload.java","61","LOCAL_VARIABLE","writeSlots(net.minecraft.network.RegistryFriendlyByteBuf,java.util.List<xiaocaoawa.minecraft.mod.cobblebattle.network.TeamPreviewPayload.Slot>)","slot","slot","待命名"
"src/main/java/xiaocaoawa/minecraft/mod/cobblebattle/network/TeamPreviewPayload.java","66","PARAMETER","readSlots(net.minecraft.network.RegistryFriendlyByteBuf)","buf","buf","待命名"
"src/main/java/xiaocaoawa/minecraft/mod/cobblebattle/network/TeamPreviewPayload.java","67","LOCAL_VARIABLE","readSlots(net.minecraft.network.RegistryFriendlyByteBuf)","count","count","待命名"
"src/main/java/xiaocaoawa/minecraft/mod/cobblebattle/network/TeamPreviewPayload.java","68","LOCAL_VARIABLE","readSlots(net.minecraft.network.RegistryFriendlyByteBuf)","out","outputStream","待验证"
"src/main/java/xiaocaoawa/minecraft/mod/cobblebattle/network/TeamPreviewPayload.java","70","LOCAL_VARIABLE","readSlots(net.minecraft.network.RegistryFriendlyByteBuf)","i","i","待命名"
"src/main/java/xiaocaoawa/minecraft/mod/cobblebattle/network/TeamPreviewPayload.java","82","PARAMETER","<clinit>()","buf","buf","待命名"
"src/main/java/xiaocaoawa/minecraft/mod/cobblebattle/network/TeamPreviewPayload.java","82","PARAMETER","<clinit>()","s","s","待命名"
"src/main/java/xiaocaoawa/minecraft/mod/cobblebattle/network/TeamPreviewPayload.java","88","PARAMETER","<clinit>()","buf","buf","待命名"
"src/main/java/xiaocaoawa/minecraft/mod/cobblebattle/client/ServerDex.java","278","CLASS","xiaocaoawa.minecraft.mod.cobblebattle.client.ServerDex","Records","RecordFields","待验证"
"src/main/java/xiaocaoawa/minecraft/mod/cobblebattle/battle/BattleQueue.java","34","FIELD","xiaocaoawa.minecraft.mod.cobblebattle.battle.BattleQueue","service","battleService","待验证"
"src/main/java/xiaocaoawa/minecraft/mod/cobblebattle/battle/BattleQueue.java","37","PARAMETER","BattleQueue(xiaocaoawa.minecraft.mod.cobblebattle.battle.CrossServerBattleService)","service","battleService","待验证"
"src/main/java/xiaocaoawa/minecraft/mod/cobblebattle/battle/BattleQueue.java","41","METHOD","xiaocaoawa.minecraft.mod.cobblebattle.battle.BattleQueue","contains","hasWaitingTeam","待验证"
"src/main/java/xiaocaoawa/minecraft/mod/cobblebattle/battle/BattleQueue.java","45","METHOD","xiaocaoawa.minecraft.mod.cobblebattle.battle.BattleQueue","claim","claimWaitingTeam","待验证"
"src/main/java/xiaocaoawa/minecraft/mod/cobblebattle/battle/BattleQueue.java","50","METHOD","xiaocaoawa.minecraft.mod.cobblebattle.battle.BattleQueue","drop","discardWaitingTeam","待验证"
"src/main/java/xiaocaoawa/minecraft/mod/cobblebattle/battle/BattleQueue.java","54","METHOD","xiaocaoawa.minecraft.mod.cobblebattle.battle.BattleQueue","clear","clearQueueState","待验证"
"src/main/java/xiaocaoawa/minecraft/mod/cobblebattle/battle/BattleQueue.java","58","METHOD","xiaocaoawa.minecraft.mod.cobblebattle.battle.BattleQueue","claimLookupRef","claimLookupRequester","待验证"
"src/main/java/xiaocaoawa/minecraft/mod/cobblebattle/battle/BattleQueue.java","58","PARAMETER","claimLookupRef(com.google.gson.JsonElement)","ref","referenceToken","待验证"
"src/main/java/xiaocaoawa/minecraft/mod/cobblebattle/battle/BattleQueue.java","62","METHOD","xiaocaoawa.minecraft.mod.cobblebattle.battle.BattleQueue","claimRefOwner","claimRequestOwner","待验证"
"src/main/java/xiaocaoawa/minecraft/mod/cobblebattle/battle/BattleQueue.java","62","PARAMETER","claimRefOwner(com.google.gson.JsonElement)","ref","referenceToken","待验证"
"src/main/java/xiaocaoawa/minecraft/mod/cobblebattle/battle/BattleQueue.java","120","METHOD","xiaocaoawa.minecraft.mod.cobblebattle.battle.BattleQueue","join","joinCompetitionQueue","待验证"
"src/main/java/xiaocaoawa/minecraft/mod/cobblebattle/battle/BattleQueue.java","120","PARAMETER","join(net.minecraft.server.level.ServerPlayer,java.lang.String)","rankedId","competitionId","待验证"
"src/main/java/xiaocaoawa/minecraft/mod/cobblebattle/battle/BattleQueue.java","128","LOCAL_VARIABLE","join(net.minecraft.server.level.ServerPlayer,java.lang.String)","competition","rankedCompetition","待验证"
"src/main/java/xiaocaoawa/minecraft/mod/cobblebattle/battle/BattleQueue.java","130","LOCAL_VARIABLE","join(net.minecraft.server.level.ServerPlayer,java.lang.String)","tooFew","slotShortage","待验证"
"src/main/java/xiaocaoawa/minecraft/mod/cobblebattle/battle/BattleQueue.java","136","LOCAL_VARIABLE","join(net.minecraft.server.level.ServerPlayer,java.lang.String)","join","joinRequest","待验证"
"src/main/java/xiaocaoawa/minecraft/mod/cobblebattle/battle/BattleQueue.java","140","METHOD","xiaocaoawa.minecraft.mod.cobblebattle.battle.BattleQueue","createRoom","createBattleRoom","待验证"
"src/main/java/xiaocaoawa/minecraft/mod/cobblebattle/battle/BattleQueue.java","141","PARAMETER","createRoom(net.minecraft.server.level.ServerPlayer,java.lang.String,java.lang.String,java.lang.String,int,int,boolean,boolean,boolean)","name","roomName","待验证"
"src/main/java/xiaocaoawa/minecraft/mod/cobblebattle/battle/BattleQueue.java","141","PARAMETER","createRoom(net.minecraft.server.level.ServerPlayer,java.lang.String,java.lang.String,java.lang.String,int,int,boolean,boolean,boolean)","password","roomPassword","待验证"
"src/main/java/xiaocaoawa/minecraft/mod/cobblebattle/battle/BattleQueue.java","141","PARAMETER","createRoom(net.minecraft.server.level.ServerPlayer,java.lang.String,java.lang.String,java.lang.String,int,int,boolean,boolean,boolean)","battleType","roomBattleType","待验证"
"src/main/java/xiaocaoawa/minecraft/mod/cobblebattle/battle/BattleQueue.java","141","PARAMETER","createRoom(net.minecraft.server.level.ServerPlayer,java.lang.String,java.lang.String,java.lang.String,int,int,boolean,boolean,boolean)","level","targetLevel","待验证"
"src/main/java/xiaocaoawa/minecraft/mod/cobblebattle/battle/BattleQueue.java","141","PARAMETER","createRoom(net.minecraft.server.level.ServerPlayer,java.lang.String,java.lang.String,java.lang.String,int,int,boolean,boolean,boolean)","pick","leadSelectionCount","待验证"
"src/main/java/xiaocaoawa/minecraft/mod/cobblebattle/battle/BattleQueue.java","141","PARAMETER","createRoom(net.minecraft.server.level.ServerPlayer,java.lang.String,java.lang.String,java.lang.String,int,int,boolean,boolean,boolean)","fullHeal","restoreParty","待验证"
"src/main/java/xiaocaoawa/minecraft/mod/cobblebattle/battle/BattleQueue.java","141","PARAMETER","createRoom(net.minecraft.server.level.ServerPlayer,java.lang.String,java.lang.String,java.lang.String,int,int,boolean,boolean,boolean)","hostEngine","hostBattleEngine","待验证"
"src/main/java/xiaocaoawa/minecraft/mod/cobblebattle/battle/BattleQueue.java","141","PARAMETER","createRoom(net.minecraft.server.level.ServerPlayer,java.lang.String,java.lang.String,java.lang.String,int,int,boolean,boolean,boolean)","legality","enforceLegality","待验证"
"src/main/java/xiaocaoawa/minecraft/mod/cobblebattle/battle/BattleQueue.java","150","LOCAL_VARIABLE","createRoom(net.minecraft.server.level.ServerPlayer,java.lang.String,java.lang.String,java.lang.String,int,int,boolean,boolean,boolean)","tooFew","slotShortage","待验证"
"src/main/java/xiaocaoawa/minecraft/mod/cobblebattle/battle/BattleQueue.java","154","LOCAL_VARIABLE","createRoom(net.minecraft.server.level.ServerPlayer,java.lang.String,java.lang.String,java.lang.String,int,int,boolean,boolean,boolean)","create","createRequest","待验证"
"src/main/java/xiaocaoawa/minecraft/mod/cobblebattle/battle/BattleQueue.java","159","METHOD","xiaocaoawa.minecraft.mod.cobblebattle.battle.BattleQueue","joinRoom","joinBattleRoom","待验证"
"src/main/java/xiaocaoawa/minecraft/mod/cobblebattle/battle/BattleQueue.java","159","PARAMETER","joinRoom(net.minecraft.server.level.ServerPlayer,java.lang.String,java.lang.String,java.lang.String,boolean,boolean,java.lang.String)","roomId","roomIdentifier","待验证"
"src/main/java/xiaocaoawa/minecraft/mod/cobblebattle/battle/BattleQueue.java","159","PARAMETER","joinRoom(net.minecraft.server.level.ServerPlayer,java.lang.String,java.lang.String,java.lang.String,boolean,boolean,java.lang.String)","password","roomPassword","待验证"
"src/main/java/xiaocaoawa/minecraft/mod/cobblebattle/battle/BattleQueue.java","159","PARAMETER","joinRoom(net.minecraft.server.level.ServerPlayer,java.lang.String,java.lang.String,java.lang.String,boolean,boolean,java.lang.String)","battleType","roomBattleType","待验证"
"src/main/java/xiaocaoawa/minecraft/mod/cobblebattle/battle/BattleQueue.java","159","PARAMETER","joinRoom(net.minecraft.server.level.ServerPlayer,java.lang.String,java.lang.String,java.lang.String,boolean,boolean,java.lang.String)","hostEngine","hostBattleEngine","待验证"
"src/main/java/xiaocaoawa/minecraft/mod/cobblebattle/battle/BattleQueue.java","159","PARAMETER","joinRoom(net.minecraft.server.level.ServerPlayer,java.lang.String,java.lang.String,java.lang.String,boolean,boolean,java.lang.String)","legality","enforceLegality","待验证"
"src/main/java/xiaocaoawa/minecraft/mod/cobblebattle/battle/BattleQueue.java","159","PARAMETER","joinRoom(net.minecraft.server.level.ServerPlayer,java.lang.String,java.lang.String,java.lang.String,boolean,boolean,java.lang.String)","inviteCode","roomInviteCode","待验证"
"src/main/java/xiaocaoawa/minecraft/mod/cobblebattle/battle/BattleQueue.java","167","LOCAL_VARIABLE","joinRoom(net.minecraft.server.level.ServerPlayer,java.lang.String,java.lang.String,java.lang.String,boolean,boolean,java.lang.String)","tooFew","slotShortage","待验证"
"src/main/java/xiaocaoawa/minecraft/mod/cobblebattle/battle/BattleQueue.java","171","LOCAL_VARIABLE","joinRoom(net.minecraft.server.level.ServerPlayer,java.lang.String,java.lang.String,java.lang.String,boolean,boolean,java.lang.String)","join","joinRequest","待验证"
"src/main/java/xiaocaoawa/minecraft/mod/cobblebattle/battle/BattleQueue.java","176","METHOD","xiaocaoawa.minecraft.mod.cobblebattle.battle.BattleQueue","lookupRoom","findRoomByInvite","待验证"
"src/main/java/xiaocaoawa/minecraft/mod/cobblebattle/battle/BattleQueue.java","176","PARAMETER","lookupRoom(net.minecraft.server.level.ServerPlayer,java.lang.String)","inviteCode","roomInviteCode","待验证"
"src/main/java/xiaocaoawa/minecraft/mod/cobblebattle/battle/BattleQueue.java","177","LOCAL_VARIABLE","lookupRoom(net.minecraft.server.level.ServerPlayer,java.lang.String)","code","normalizedInviteCode","待验证"
"src/main/java/xiaocaoawa/minecraft/mod/cobblebattle/battle/BattleQueue.java","185","LOCAL_VARIABLE","lookupRoom(net.minecraft.server.level.ServerPlayer,java.lang.String)","client","remoteClient","待验证"
"src/main/java/xiaocaoawa/minecraft/mod/cobblebattle/battle/BattleQueue.java","186","LOCAL_VARIABLE","lookupRoom(net.minecraft.server.level.ServerPlayer,java.lang.String)","ref","requestReference","待验证"
"src/main/java/xiaocaoawa/minecraft/mod/cobblebattle/battle/BattleQueue.java","187","LOCAL_VARIABLE","lookupRoom(net.minecraft.server.level.ServerPlayer,java.lang.String)","lookup","lookupRequest","待验证"
"src/main/java/xiaocaoawa/minecraft/mod/cobblebattle/battle/BattleQueue.java","211","METHOD","xiaocaoawa.minecraft.mod.cobblebattle.battle.BattleQueue","leaveRoom","leaveBattleRoom","待验证"
"src/main/java/xiaocaoawa/minecraft/mod/cobblebattle/battle/BattleQueue.java","212","LOCAL_VARIABLE","leaveRoom(net.minecraft.server.level.ServerPlayer)","client","remoteClient","待验证"
"src/main/java/xiaocaoawa/minecraft/mod/cobblebattle/battle/BattleQueue.java","213","LOCAL_VARIABLE","leaveRoom(net.minecraft.server.level.ServerPlayer)","leave","leaveRequest","待验证"
"src/main/java/xiaocaoawa/minecraft/mod/cobblebattle/battle/BattleQueue.java","218","METHOD","xiaocaoawa.minecraft.mod.cobblebattle.battle.BattleQueue","startRoom","startBattleRoom","待验证"
"src/main/java/xiaocaoawa/minecraft/mod/cobblebattle/battle/BattleQueue.java","219","LOCAL_VARIABLE","startRoom(net.minecraft.server.level.ServerPlayer)","client","remoteClient","待验证"
"src/main/java/xiaocaoawa/minecraft/mod/cobblebattle/battle/BattleQueue.java","220","LOCAL_VARIABLE","startRoom(net.minecraft.server.level.ServerPlayer)","ref","requestReference","待验证"
"src/main/java/xiaocaoawa/minecraft/mod/cobblebattle/battle/BattleQueue.java","221","LOCAL_VARIABLE","startRoom(net.minecraft.server.level.ServerPlayer)","start","startRequest","待验证"
"src/main/java/xiaocaoawa/minecraft/mod/cobblebattle/battle/BattleQueue.java","229","METHOD","xiaocaoawa.minecraft.mod.cobblebattle.battle.BattleQueue","onRoomClosed","handleRoomClosed","待验证"
"src/main/java/xiaocaoawa/minecraft/mod/cobblebattle/battle/BattleQueue.java","234","LOCAL_VARIABLE","onRoomClosed(com.google.gson.JsonObject)","key","messageKey","待验证"
"src/main/java/xiaocaoawa/minecraft/mod/cobblebattle/battle/BattleQueue.java","257","METHOD","xiaocaoawa.minecraft.mod.cobblebattle.battle.BattleQueue","onRoomCreated","handleRoomCreated","待验证"
"src/main/java/xiaocaoawa/minecraft/mod/cobblebattle/battle/BattleQueue.java","267","PARAMETER","onRoomCreated(com.google.gson.JsonObject)","style","messageStyle","待验证"
"src/main/java/xiaocaoawa/minecraft/mod/cobblebattle/battle/BattleQueue.java","274","METHOD","xiaocaoawa.minecraft.mod.cobblebattle.battle.BattleQueue","leave","leaveMatchmakingQueue","待验证"
"src/main/java/xiaocaoawa/minecraft/mod/cobblebattle/battle/BattleQueue.java","278","LOCAL_VARIABLE","leave(net.minecraft.server.level.ServerPlayer)","client","remoteClient","待验证"
"src/main/java/xiaocaoawa/minecraft/mod/cobblebattle/battle/BattleQueue.java","279","LOCAL_VARIABLE","leave(net.minecraft.server.level.ServerPlayer)","leave","leaveRequest","待验证"
"src/main/java/xiaocaoawa/minecraft/mod/cobblebattle/battle/BattleQueue.java","295","METHOD","xiaocaoawa.minecraft.mod.cobblebattle.battle.BattleQueue","describePartyCompatibility","evaluatePartyCompatibility","待验证"
"src/main/java/xiaocaoawa/minecraft/mod/cobblebattle/battle/BattleQueue.java","296","LOCAL_VARIABLE","describePartyCompatibility(net.minecraft.server.level.ServerPlayer)","party","partyStore","待验证"
"src/main/java/xiaocaoawa/minecraft/mod/cobblebattle/battle/BattleQueue.java","303","LOCAL_VARIABLE","describePartyCompatibility(net.minecraft.server.level.ServerPlayer)","i","partySlot","待验证"
"src/main/java/xiaocaoawa/minecraft/mod/cobblebattle/battle/BattleQueue.java","311","METHOD","xiaocaoawa.minecraft.mod.cobblebattle.battle.BattleQueue","onQueueAck","handleQueueAccepted","待验证"
"src/main/java/xiaocaoawa/minecraft/mod/cobblebattle/battle/BattleQueue.java","327","METHOD","xiaocaoawa.minecraft.mod.cobblebattle.battle.BattleQueue","onQueueLeft","handleQueueDeparted","待验证"
"src/main/java/xiaocaoawa/minecraft/mod/cobblebattle/battle/BattleQueue.java","331","LOCAL_VARIABLE","onQueueLeft(com.google.gson.JsonObject)","key","messageKey","待验证"
"src/main/java/xiaocaoawa/minecraft/mod/cobblebattle/battle/BattleQueue.java","339","METHOD","xiaocaoawa.minecraft.mod.cobblebattle.battle.BattleQueue","onQueueWait","handleQueuePosition","待验证"
"src/main/java/xiaocaoawa/minecraft/mod/cobblebattle/battle/BattleQueue.java","340","LOCAL_VARIABLE","onQueueWait(com.google.gson.JsonObject)","position","queuePosition","待验证"
"src/main/java/xiaocaoawa/minecraft/mod/cobblebattle/battle/BattleQueue.java","28","CLASS","xiaocaoawa.minecraft.mod.cobblebattle.battle","BattleQueue","MatchmakingQueueCoordinator","待验证"
"src/main/java/xiaocaoawa/minecraft/mod/cobblebattle/battle/BattleQueue.java","429","RECORD","xiaocaoawa.minecraft.mod.cobblebattle.battle.BattleQueue","QueuedTeam","ClaimedQueueTeam","待验证"
"src/main/java/xiaocaoawa/minecraft/mod/cobblebattle/client/SettingsScreen.java","14","FIELD","xiaocaoawa.minecraft.mod.cobblebattle.client.SettingsScreen","BASE","FRAME_TEXTURE","待验证"
"src/main/java/xiaocaoawa/minecraft/mod/cobblebattle/client/SettingsScreen.java","15","FIELD","xiaocaoawa.minecraft.mod.cobblebattle.client.SettingsScreen","SCREEN","PANEL_TEXTURE","待验证"
"src/main/java/xiaocaoawa/minecraft/mod/cobblebattle/client/SettingsScreen.java","16","FIELD","xiaocaoawa.minecraft.mod.cobblebattle.client.SettingsScreen","WIDTH","PANEL_WIDTH","待验证"
"src/main/java/xiaocaoawa/minecraft/mod/cobblebattle/client/SettingsScreen.java","17","FIELD","xiaocaoawa.minecraft.mod.cobblebattle.client.SettingsScreen","HEIGHT","PANEL_HEIGHT","待验证"
"src/main/java/xiaocaoawa/minecraft/mod/cobblebattle/client/SettingsScreen.java","18","FIELD","xiaocaoawa.minecraft.mod.cobblebattle.client.SettingsScreen","HOLE_X","CONTENT_CLIP_OFFSET_X","待验证"
"src/main/java/xiaocaoawa/minecraft/mod/cobblebattle/client/SettingsScreen.java","19","FIELD","xiaocaoawa.minecraft.mod.cobblebattle.client.SettingsScreen","HOLE_Y","CONTENT_CLIP_OFFSET_Y","待验证"
"src/main/java/xiaocaoawa/minecraft/mod/cobblebattle/client/SettingsScreen.java","20","FIELD","xiaocaoawa.minecraft.mod.cobblebattle.client.SettingsScreen","HOLE_W","CONTENT_CLIP_WIDTH","待验证"
"src/main/java/xiaocaoawa/minecraft/mod/cobblebattle/client/SettingsScreen.java","21","FIELD","xiaocaoawa.minecraft.mod.cobblebattle.client.SettingsScreen","HOLE_H","CONTENT_CLIP_HEIGHT","待验证"
"src/main/java/xiaocaoawa/minecraft/mod/cobblebattle/client/SettingsScreen.java","22","FIELD","xiaocaoawa.minecraft.mod.cobblebattle.client.SettingsScreen","TAB_X","BACK_TAB_OFFSET_X","待验证"
"src/main/java/xiaocaoawa/minecraft/mod/cobblebattle/client/SettingsScreen.java","23","FIELD","xiaocaoawa.minecraft.mod.cobblebattle.client.SettingsScreen","TAB_Y","BACK_TAB_OFFSET_Y","待验证"
"src/main/java/xiaocaoawa/minecraft/mod/cobblebattle/client/SettingsScreen.java","24","FIELD","xiaocaoawa.minecraft.mod.cobblebattle.client.SettingsScreen","TAB_W","BACK_TAB_WIDTH","待验证"
"src/main/java/xiaocaoawa/minecraft/mod/cobblebattle/client/SettingsScreen.java","25","FIELD","xiaocaoawa.minecraft.mod.cobblebattle.client.SettingsScreen","ROW_X","OPTION_ROW_OFFSET_X","待验证"
"src/main/java/xiaocaoawa/minecraft/mod/cobblebattle/client/SettingsScreen.java","26","FIELD","xiaocaoawa.minecraft.mod.cobblebattle.client.SettingsScreen","ROW_Y","FIRST_OPTION_ROW_OFFSET_Y","待验证"
"src/main/java/xiaocaoawa/minecraft/mod/cobblebattle/client/SettingsScreen.java","27","FIELD","xiaocaoawa.minecraft.mod.cobblebattle.client.SettingsScreen","ROW_W","OPTION_ROW_WIDTH","待验证"
"src/main/java/xiaocaoawa/minecraft/mod/cobblebattle/client/SettingsScreen.java","28","FIELD","xiaocaoawa.minecraft.mod.cobblebattle.client.SettingsScreen","ROW_H","OPTION_ROW_HEIGHT","待验证"
"src/main/java/xiaocaoawa/minecraft/mod/cobblebattle/client/SettingsScreen.java","29","FIELD","xiaocaoawa.minecraft.mod.cobblebattle.client.SettingsScreen","ROW_GAP","OPTION_ROW_GAP","待验证"
"src/main/java/xiaocaoawa/minecraft/mod/cobblebattle/client/SettingsScreen.java","30","FIELD","xiaocaoawa.minecraft.mod.cobblebattle.client.SettingsScreen","TOGGLE_W","TOGGLE_WIDTH","待验证"
"src/main/java/xiaocaoawa/minecraft/mod/cobblebattle/client/SettingsScreen.java","31","FIELD","xiaocaoawa.minecraft.mod.cobblebattle.client.SettingsScreen","ROW_FILL","OPTION_BACKGROUND_COLOR","待验证"
"src/main/java/xiaocaoawa/minecraft/mod/cobblebattle/client/SettingsScreen.java","32","FIELD","xiaocaoawa.minecraft.mod.cobblebattle.client.SettingsScreen","ROW_FILL_HOVER","OPTION_HOVER_COLOR","待验证"
"src/main/java/xiaocaoawa/minecraft/mod/cobblebattle/client/SettingsScreen.java","33","FIELD","xiaocaoawa.minecraft.mod.cobblebattle.client.SettingsScreen","ROW_EDGE","OPTION_BORDER_COLOR","待验证"
"src/main/java/xiaocaoawa/minecraft/mod/cobblebattle/client/SettingsScreen.java","34","FIELD","xiaocaoawa.minecraft.mod.cobblebattle.client.SettingsScreen","TEXT","PRIMARY_TEXT_COLOR","待验证"
"src/main/java/xiaocaoawa/minecraft/mod/cobblebattle/client/SettingsScreen.java","35","FIELD","xiaocaoawa.minecraft.mod.cobblebattle.client.SettingsScreen","TEXT_SOFT","SECONDARY_TEXT_COLOR","待验证"
"src/main/java/xiaocaoawa/minecraft/mod/cobblebattle/client/SettingsScreen.java","36","FIELD","xiaocaoawa.minecraft.mod.cobblebattle.client.SettingsScreen","ON_FILL","ENABLED_TOGGLE_COLOR","待验证"
"src/main/java/xiaocaoawa/minecraft/mod/cobblebattle/client/SettingsScreen.java","37","FIELD","xiaocaoawa.minecraft.mod.cobblebattle.client.SettingsScreen","OFF_FILL","DISABLED_TOGGLE_COLOR","待验证"
"src/main/java/xiaocaoawa/minecraft/mod/cobblebattle/client/SettingsScreen.java","38","FIELD","xiaocaoawa.minecraft.mod.cobblebattle.client.SettingsScreen","parent","previousScreen","待验证"
"src/main/java/xiaocaoawa/minecraft/mod/cobblebattle/client/SettingsScreen.java","39","FIELD","xiaocaoawa.minecraft.mod.cobblebattle.client.SettingsScreen","rows","preferenceRows","待验证"
"src/main/java/xiaocaoawa/minecraft/mod/cobblebattle/client/SettingsScreen.java","47","FIELD","xiaocaoawa.minecraft.mod.cobblebattle.client.SettingsScreen","originX","panelLeft","待验证"
"src/main/java/xiaocaoawa/minecraft/mod/cobblebattle/client/SettingsScreen.java","48","FIELD","xiaocaoawa.minecraft.mod.cobblebattle.client.SettingsScreen","originY","panelTop","待验证"
"src/main/java/xiaocaoawa/minecraft/mod/cobblebattle/client/SettingsScreen.java","50","PARAMETER","SettingsScreen(net.minecraft.client.gui.screens.Screen)","parent","previousScreen","待验证"
"src/main/java/xiaocaoawa/minecraft/mod/cobblebattle/client/SettingsScreen.java","64","PARAMETER","render(net.minecraft.client.gui.GuiGraphics,int,int,float)","graphics","canvas","待验证"
"src/main/java/xiaocaoawa/minecraft/mod/cobblebattle/client/SettingsScreen.java","64","PARAMETER","render(net.minecraft.client.gui.GuiGraphics,int,int,float)","mouseX","pointerX","待验证"
"src/main/java/xiaocaoawa/minecraft/mod/cobblebattle/client/SettingsScreen.java","64","PARAMETER","render(net.minecraft.client.gui.GuiGraphics,int,int,float)","mouseY","pointerY","待验证"
"src/main/java/xiaocaoawa/minecraft/mod/cobblebattle/client/SettingsScreen.java","64","PARAMETER","render(net.minecraft.client.gui.GuiGraphics,int,int,float)","partialTick","frameDelta","待验证"
"src/main/java/xiaocaoawa/minecraft/mod/cobblebattle/client/SettingsScreen.java","68","LOCAL_VARIABLE","render(net.minecraft.client.gui.GuiGraphics,int,int,float)","left","clipLeft","待验证"
"src/main/java/xiaocaoawa/minecraft/mod/cobblebattle/client/SettingsScreen.java","69","LOCAL_VARIABLE","render(net.minecraft.client.gui.GuiGraphics,int,int,float)","top","clipTop","待验证"
"src/main/java/xiaocaoawa/minecraft/mod/cobblebattle/client/SettingsScreen.java","74","LOCAL_VARIABLE","render(net.minecraft.client.gui.GuiGraphics,int,int,float)","page","heading","待验证"
"src/main/java/xiaocaoawa/minecraft/mod/cobblebattle/client/SettingsScreen.java","74","PARAMETER","render(net.minecraft.client.gui.GuiGraphics,int,int,float)","style","textStyle","待验证"
"src/main/java/xiaocaoawa/minecraft/mod/cobblebattle/client/SettingsScreen.java","77","LOCAL_VARIABLE","render(net.minecraft.client.gui.GuiGraphics,int,int,float)","i","rowIndex","待验证"
"src/main/java/xiaocaoawa/minecraft/mod/cobblebattle/client/SettingsScreen.java","87","METHOD","xiaocaoawa.minecraft.mod.cobblebattle.client.SettingsScreen","drawRow","renderPreferenceRow","待验证"
"src/main/java/xiaocaoawa/minecraft/mod/cobblebattle/client/SettingsScreen.java","87","PARAMETER","drawRow(net.minecraft.client.gui.GuiGraphics,xiaocaoawa.minecraft.mod.cobblebattle.client.SettingsScreen.Row,int,boolean)","graphics","canvas","待验证"
"src/main/java/xiaocaoawa/minecraft/mod/cobblebattle/client/SettingsScreen.java","87","PARAMETER","drawRow(net.minecraft.client.gui.GuiGraphics,xiaocaoawa.minecraft.mod.cobblebattle.client.SettingsScreen.Row,int,boolean)","row","preference","待验证"
"src/main/java/xiaocaoawa/minecraft/mod/cobblebattle/client/SettingsScreen.java","87","PARAMETER","drawRow(net.minecraft.client.gui.GuiGraphics,xiaocaoawa.minecraft.mod.cobblebattle.client.SettingsScreen.Row,int,boolean)","y","rowTop","待验证"
"src/main/java/xiaocaoawa/minecraft/mod/cobblebattle/client/SettingsScreen.java","87","PARAMETER","drawRow(net.minecraft.client.gui.GuiGraphics,xiaocaoawa.minecraft.mod.cobblebattle.client.SettingsScreen.Row,int,boolean)","hover","hovered","待验证"
"src/main/java/xiaocaoawa/minecraft/mod/cobblebattle/client/SettingsScreen.java","88","LOCAL_VARIABLE","drawRow(net.minecraft.client.gui.GuiGraphics,xiaocaoawa.minecraft.mod.cobblebattle.client.SettingsScreen.Row,int,boolean)","x","rowLeft","待验证"
"src/main/java/xiaocaoawa/minecraft/mod/cobblebattle/client/SettingsScreen.java","96","LOCAL_VARIABLE","drawRow(net.minecraft.client.gui.GuiGraphics,xiaocaoawa.minecraft.mod.cobblebattle.client.SettingsScreen.Row,int,boolean)","on","enabled","待验证"
"src/main/java/xiaocaoawa/minecraft/mod/cobblebattle/client/SettingsScreen.java","97","LOCAL_VARIABLE","drawRow(net.minecraft.client.gui.GuiGraphics,xiaocaoawa.minecraft.mod.cobblebattle.client.SettingsScreen.Row,int,boolean)","tx","toggleLeft","待验证"
"src/main/java/xiaocaoawa/minecraft/mod/cobblebattle/client/SettingsScreen.java","98","LOCAL_VARIABLE","drawRow(net.minecraft.client.gui.GuiGraphics,xiaocaoawa.minecraft.mod.cobblebattle.client.SettingsScreen.Row,int,boolean)","ty","toggleTop","待验证"
"src/main/java/xiaocaoawa/minecraft/mod/cobblebattle/client/SettingsScreen.java","107","METHOD","xiaocaoawa.minecraft.mod.cobblebattle.client.SettingsScreen","rowY","preferenceRowTop","待验证"
"src/main/java/xiaocaoawa/minecraft/mod/cobblebattle/client/SettingsScreen.java","107","PARAMETER","rowY(int)","index","rowIndex","待验证"
"src/main/java/xiaocaoawa/minecraft/mod/cobblebattle/client/SettingsScreen.java","111","METHOD","xiaocaoawa.minecraft.mod.cobblebattle.client.SettingsScreen","inRow","isPointerOverPreference","待验证"
"src/main/java/xiaocaoawa/minecraft/mod/cobblebattle/client/SettingsScreen.java","111","PARAMETER","inRow(double,double,int)","mouseX","pointerX","待验证"
"src/main/java/xiaocaoawa/minecraft/mod/cobblebattle/client/SettingsScreen.java","111","PARAMETER","inRow(double,double,int)","mouseY","pointerY","待验证"
"src/main/java/xiaocaoawa/minecraft/mod/cobblebattle/client/SettingsScreen.java","111","PARAMETER","inRow(double,double,int)","index","rowIndex","待验证"
"src/main/java/xiaocaoawa/minecraft/mod/cobblebattle/client/SettingsScreen.java","112","LOCAL_VARIABLE","inRow(double,double,int)","x","rowLeft","待验证"
"src/main/java/xiaocaoawa/minecraft/mod/cobblebattle/client/SettingsScreen.java","113","LOCAL_VARIABLE","inRow(double,double,int)","y","rowTop","待验证"
"src/main/java/xiaocaoawa/minecraft/mod/cobblebattle/client/SettingsScreen.java","117","METHOD","xiaocaoawa.minecraft.mod.cobblebattle.client.SettingsScreen","inBack","isPointerOverBackButton","待验证"
"src/main/java/xiaocaoawa/minecraft/mod/cobblebattle/client/SettingsScreen.java","117","PARAMETER","inBack(double,double)","mouseX","pointerX","待验证"
"src/main/java/xiaocaoawa/minecraft/mod/cobblebattle/client/SettingsScreen.java","117","PARAMETER","inBack(double,double)","mouseY","pointerY","待验证"
"src/main/java/xiaocaoawa/minecraft/mod/cobblebattle/client/SettingsScreen.java","121","PARAMETER","mouseClicked(double,double,int)","mouseX","pointerX","待验证"
"src/main/java/xiaocaoawa/minecraft/mod/cobblebattle/client/SettingsScreen.java","121","PARAMETER","mouseClicked(double,double,int)","mouseY","pointerY","待验证"
"src/main/java/xiaocaoawa/minecraft/mod/cobblebattle/client/SettingsScreen.java","121","PARAMETER","mouseClicked(double,double,int)","button","mouseButton","待验证"
"src/main/java/xiaocaoawa/minecraft/mod/cobblebattle/client/SettingsScreen.java","128","LOCAL_VARIABLE","mouseClicked(double,double,int)","i","rowIndex","待验证"
"src/main/java/xiaocaoawa/minecraft/mod/cobblebattle/client/SettingsScreen.java","130","LOCAL_VARIABLE","mouseClicked(double,double,int)","row","selectedPreference","待验证"
"src/main/java/xiaocaoawa/minecraft/mod/cobblebattle/client/SettingsScreen.java","144","RECORD","xiaocaoawa.minecraft.mod.cobblebattle.client.SettingsScreen","Row","PreferenceToggle","待验证"
"src/main/java/xiaocaoawa/minecraft/mod/cobblebattle/client/Ui.java","17","PARAMETER","of(net.minecraft.network.chat.Component)","text","content","待验证"
"src/main/java/xiaocaoawa/minecraft/mod/cobblebattle/client/Ui.java","18","PARAMETER","of(net.minecraft.network.chat.Component)","style","fontStyle","待验证"
"src/main/java/xiaocaoawa/minecraft/mod/cobblebattle/client/Ui.java","21","PARAMETER","of(java.lang.String)","text","content","待验证"
"src/main/java/xiaocaoawa/minecraft/mod/cobblebattle/client/Ui.java","22","PARAMETER","of(java.lang.String)","style","fontStyle","待验证"
"src/main/java/xiaocaoawa/minecraft/mod/cobblebattle/client/Ui.java","25","PARAMETER","plain(java.lang.String)","text","content","待验证"
"src/main/java/xiaocaoawa/minecraft/mod/cobblebattle/client/Ui.java","26","PARAMETER","plain(java.lang.String)","style","fontStyle","待验证"
"src/main/java/xiaocaoawa/minecraft/mod/cobblebattle/client/Ui.java","29","PARAMETER","join(net.minecraft.network.chat.Component...)","parts","segments","待验证"
"src/main/java/xiaocaoawa/minecraft/mod/cobblebattle/client/Ui.java","32","LOCAL_VARIABLE","join(net.minecraft.network.chat.Component...)","i","segmentIndex","待验证"
"src/main/java/xiaocaoawa/minecraft/mod/cobblebattle/client/Ui.java","43","PARAMETER","draw(net.minecraft.client.gui.GuiGraphics,net.minecraft.client.gui.Font,java.lang.String,int,int,int)","graphics","canvas","待验证"
"src/main/java/xiaocaoawa/minecraft/mod/cobblebattle/client/Ui.java","43","PARAMETER","draw(net.minecraft.client.gui.GuiGraphics,net.minecraft.client.gui.Font,java.lang.String,int,int,int)","font","textRenderer","待验证"
"src/main/java/xiaocaoawa/minecraft/mod/cobblebattle/client/Ui.java","43","PARAMETER","draw(net.minecraft.client.gui.GuiGraphics,net.minecraft.client.gui.Font,java.lang.String,int,int,int)","text","content","待验证"
"src/main/java/xiaocaoawa/minecraft/mod/cobblebattle/client/Ui.java","43","PARAMETER","draw(net.minecraft.client.gui.GuiGraphics,net.minecraft.client.gui.Font,java.lang.String,int,int,int)","x","horizontalPosition","待验证"
"src/main/java/xiaocaoawa/minecraft/mod/cobblebattle/client/Ui.java","43","PARAMETER","draw(net.minecraft.client.gui.GuiGraphics,net.minecraft.client.gui.Font,java.lang.String,int,int,int)","y","verticalPosition","待验证"
"src/main/java/xiaocaoawa/minecraft/mod/cobblebattle/client/Ui.java","43","PARAMETER","draw(net.minecraft.client.gui.GuiGraphics,net.minecraft.client.gui.Font,java.lang.String,int,int,int)","colour","color","待验证"
"src/main/java/xiaocaoawa/minecraft/mod/cobblebattle/client/Ui.java","47","PARAMETER","draw(net.minecraft.client.gui.GuiGraphics,net.minecraft.client.gui.Font,java.lang.String,int,int,int,boolean)","graphics","canvas","待验证"
"src/main/java/xiaocaoawa/minecraft/mod/cobblebattle/client/Ui.java","47","PARAMETER","draw(net.minecraft.client.gui.GuiGraphics,net.minecraft.client.gui.Font,java.lang.String,int,int,int,boolean)","font","textRenderer","待验证"
"src/main/java/xiaocaoawa/minecraft/mod/cobblebattle/client/Ui.java","47","PARAMETER","draw(net.minecraft.client.gui.GuiGraphics,net.minecraft.client.gui.Font,java.lang.String,int,int,int,boolean)","text","content","待验证"
"src/main/java/xiaocaoawa/minecraft/mod/cobblebattle/client/Ui.java","47","PARAMETER","draw(net.minecraft.client.gui.GuiGraphics,net.minecraft.client.gui.Font,java.lang.String,int,int,int,boolean)","x","horizontalPosition","待验证"
"src/main/java/xiaocaoawa/minecraft/mod/cobblebattle/client/Ui.java","47","PARAMETER","draw(net.minecraft.client.gui.GuiGraphics,net.minecraft.client.gui.Font,java.lang.String,int,int,int,boolean)","y","verticalPosition","待验证"
"src/main/java/xiaocaoawa/minecraft/mod/cobblebattle/client/Ui.java","47","PARAMETER","draw(net.minecraft.client.gui.GuiGraphics,net.minecraft.client.gui.Font,java.lang.String,int,int,int,boolean)","colour","color","待验证"
"src/main/java/xiaocaoawa/minecraft/mod/cobblebattle/client/Ui.java","47","PARAMETER","draw(net.minecraft.client.gui.GuiGraphics,net.minecraft.client.gui.Font,java.lang.String,int,int,int,boolean)","shadow","drawShadow","待验证"
"src/main/java/xiaocaoawa/minecraft/mod/cobblebattle/client/Ui.java","51","PARAMETER","draw(net.minecraft.client.gui.GuiGraphics,net.minecraft.client.gui.Font,net.minecraft.network.chat.Component,int,int,int)","graphics","canvas","待验证"
"src/main/java/xiaocaoawa/minecraft/mod/cobblebattle/client/Ui.java","51","PARAMETER","draw(net.minecraft.client.gui.GuiGraphics,net.minecraft.client.gui.Font,net.minecraft.network.chat.Component,int,int,int)","font","textRenderer","待验证"
"src/main/java/xiaocaoawa/minecraft/mod/cobblebattle/client/Ui.java","51","PARAMETER","draw(net.minecraft.client.gui.GuiGraphics,net.minecraft.client.gui.Font,net.minecraft.network.chat.Component,int,int,int)","text","content","待验证"
"src/main/java/xiaocaoawa/minecraft/mod/cobblebattle/client/Ui.java","51","PARAMETER","draw(net.minecraft.client.gui.GuiGraphics,net.minecraft.client.gui.Font,net.minecraft.network.chat.Component,int,int,int)","x","horizontalPosition","待验证"
"src/main/java/xiaocaoawa/minecraft/mod/cobblebattle/client/Ui.java","51","PARAMETER","draw(net.minecraft.client.gui.GuiGraphics,net.minecraft.client.gui.Font,net.minecraft.network.chat.Component,int,int,int)","y","verticalPosition","待验证"
"src/main/java/xiaocaoawa/minecraft/mod/cobblebattle/client/Ui.java","51","PARAMETER","draw(net.minecraft.client.gui.GuiGraphics,net.minecraft.client.gui.Font,net.minecraft.network.chat.Component,int,int,int)","colour","color","待验证"
"src/main/java/xiaocaoawa/minecraft/mod/cobblebattle/client/Ui.java","55","PARAMETER","draw(net.minecraft.client.gui.GuiGraphics,net.minecraft.client.gui.Font,net.minecraft.network.chat.Component,int,int,int,boolean)","graphics","canvas","待验证"
"src/main/java/xiaocaoawa/minecraft/mod/cobblebattle/client/Ui.java","55","PARAMETER","draw(net.minecraft.client.gui.GuiGraphics,net.minecraft.client.gui.Font,net.minecraft.network.chat.Component,int,int,int,boolean)","font","textRenderer","待验证"
"src/main/java/xiaocaoawa/minecraft/mod/cobblebattle/client/Ui.java","55","PARAMETER","draw(net.minecraft.client.gui.GuiGraphics,net.minecraft.client.gui.Font,net.minecraft.network.chat.Component,int,int,int,boolean)","text","content","待验证"
"src/main/java/xiaocaoawa/minecraft/mod/cobblebattle/client/Ui.java","55","PARAMETER","draw(net.minecraft.client.gui.GuiGraphics,net.minecraft.client.gui.Font,net.minecraft.network.chat.Component,int,int,int,boolean)","x","horizontalPosition","待验证"
"src/main/java/xiaocaoawa/minecraft/mod/cobblebattle/client/Ui.java","55","PARAMETER","draw(net.minecraft.client.gui.GuiGraphics,net.minecraft.client.gui.Font,net.minecraft.network.chat.Component,int,int,int,boolean)","y","verticalPosition","待验证"
"src/main/java/xiaocaoawa/minecraft/mod/cobblebattle/client/Ui.java","55","PARAMETER","draw(net.minecraft.client.gui.GuiGraphics,net.minecraft.client.gui.Font,net.minecraft.network.chat.Component,int,int,int,boolean)","colour","color","待验证"
"src/main/java/xiaocaoawa/minecraft/mod/cobblebattle/client/Ui.java","55","PARAMETER","draw(net.minecraft.client.gui.GuiGraphics,net.minecraft.client.gui.Font,net.minecraft.network.chat.Component,int,int,int,boolean)","shadow","drawShadow","待验证"
"src/main/java/xiaocaoawa/minecraft/mod/cobblebattle/client/Ui.java","59","PARAMETER","drawCentered(net.minecraft.client.gui.GuiGraphics,net.minecraft.client.gui.Font,java.lang.String,int,int,int)","graphics","canvas","待验证"
"src/main/java/xiaocaoawa/minecraft/mod/cobblebattle/client/Ui.java","59","PARAMETER","drawCentered(net.minecraft.client.gui.GuiGraphics,net.minecraft.client.gui.Font,java.lang.String,int,int,int)","font","textRenderer","待验证"
"src/main/java/xiaocaoawa/minecraft/mod/cobblebattle/client/Ui.java","59","PARAMETER","drawCentered(net.minecraft.client.gui.GuiGraphics,net.minecraft.client.gui.Font,java.lang.String,int,int,int)","text","content","待验证"
"src/main/java/xiaocaoawa/minecraft/mod/cobblebattle/client/Ui.java","59","PARAMETER","drawCentered(net.minecraft.client.gui.GuiGraphics,net.minecraft.client.gui.Font,java.lang.String,int,int,int)","x","horizontalPosition","待验证"
"src/main/java/xiaocaoawa/minecraft/mod/cobblebattle/client/Ui.java","59","PARAMETER","drawCentered(net.minecraft.client.gui.GuiGraphics,net.minecraft.client.gui.Font,java.lang.String,int,int,int)","y","verticalPosition","待验证"
"src/main/java/xiaocaoawa/minecraft/mod/cobblebattle/client/Ui.java","59","PARAMETER","drawCentered(net.minecraft.client.gui.GuiGraphics,net.minecraft.client.gui.Font,java.lang.String,int,int,int)","colour","color","待验证"
"src/main/java/xiaocaoawa/minecraft/mod/cobblebattle/client/Ui.java","63","PARAMETER","drawCentered(net.minecraft.client.gui.GuiGraphics,net.minecraft.client.gui.Font,net.minecraft.network.chat.Component,int,int,int)","graphics","canvas","待验证"
"src/main/java/xiaocaoawa/minecraft/mod/cobblebattle/client/Ui.java","63","PARAMETER","drawCentered(net.minecraft.client.gui.GuiGraphics,net.minecraft.client.gui.Font,net.minecraft.network.chat.Component,int,int,int)","font","textRenderer","待验证"
"src/main/java/xiaocaoawa/minecraft/mod/cobblebattle/client/Ui.java","63","PARAMETER","drawCentered(net.minecraft.client.gui.GuiGraphics,net.minecraft.client.gui.Font,net.minecraft.network.chat.Component,int,int,int)","text","content","待验证"
"src/main/java/xiaocaoawa/minecraft/mod/cobblebattle/client/Ui.java","63","PARAMETER","drawCentered(net.minecraft.client.gui.GuiGraphics,net.minecraft.client.gui.Font,net.minecraft.network.chat.Component,int,int,int)","x","horizontalPosition","待验证"
"src/main/java/xiaocaoawa/minecraft/mod/cobblebattle/client/Ui.java","63","PARAMETER","drawCentered(net.minecraft.client.gui.GuiGraphics,net.minecraft.client.gui.Font,net.minecraft.network.chat.Component,int,int,int)","y","verticalPosition","待验证"
"src/main/java/xiaocaoawa/minecraft/mod/cobblebattle/client/Ui.java","63","PARAMETER","drawCentered(net.minecraft.client.gui.GuiGraphics,net.minecraft.client.gui.Font,net.minecraft.network.chat.Component,int,int,int)","colour","color","待验证"
"src/main/java/xiaocaoawa/minecraft/mod/cobblebattle/client/Ui.java","67","PARAMETER","drawCenteredPlain(net.minecraft.client.gui.GuiGraphics,net.minecraft.client.gui.Font,java.lang.String,int,int,int)","graphics","canvas","待验证"
"src/main/java/xiaocaoawa/minecraft/mod/cobblebattle/client/Ui.java","67","PARAMETER","drawCenteredPlain(net.minecraft.client.gui.GuiGraphics,net.minecraft.client.gui.Font,java.lang.String,int,int,int)","font","textRenderer","待验证"
"src/main/java/xiaocaoawa/minecraft/mod/cobblebattle/client/Ui.java","67","PARAMETER","drawCenteredPlain(net.minecraft.client.gui.GuiGraphics,net.minecraft.client.gui.Font,java.lang.String,int,int,int)","text","content","待验证"
"src/main/java/xiaocaoawa/minecraft/mod/cobblebattle/client/Ui.java","67","PARAMETER","drawCenteredPlain(net.minecraft.client.gui.GuiGraphics,net.minecraft.client.gui.Font,java.lang.String,int,int,int)","x","horizontalPosition","待验证"
"src/main/java/xiaocaoawa/minecraft/mod/cobblebattle/client/Ui.java","67","PARAMETER","drawCenteredPlain(net.minecraft.client.gui.GuiGraphics,net.minecraft.client.gui.Font,java.lang.String,int,int,int)","y","verticalPosition","待验证"
"src/main/java/xiaocaoawa/minecraft/mod/cobblebattle/client/Ui.java","67","PARAMETER","drawCenteredPlain(net.minecraft.client.gui.GuiGraphics,net.minecraft.client.gui.Font,java.lang.String,int,int,int)","colour","color","待验证"
"src/main/java/xiaocaoawa/minecraft/mod/cobblebattle/client/Ui.java","71","PARAMETER","width(net.minecraft.client.gui.Font,java.lang.String)","font","textRenderer","待验证"
"src/main/java/xiaocaoawa/minecraft/mod/cobblebattle/client/Ui.java","71","PARAMETER","width(net.minecraft.client.gui.Font,java.lang.String)","text","content","待验证"
"src/main/java/xiaocaoawa/minecraft/mod/cobblebattle/client/Ui.java","75","PARAMETER","width(net.minecraft.client.gui.Font,net.minecraft.network.chat.Component)","font","textRenderer","待验证"
"src/main/java/xiaocaoawa/minecraft/mod/cobblebattle/client/Ui.java","75","PARAMETER","width(net.minecraft.client.gui.Font,net.minecraft.network.chat.Component)","text","content","待验证"
"src/main/java/xiaocaoawa/minecraft/mod/cobblebattle/client/Ui.java","79","PARAMETER","width(net.minecraft.client.gui.Font,net.minecraft.network.chat.FormattedText)","font","textRenderer","待验证"
"src/main/java/xiaocaoawa/minecraft/mod/cobblebattle/client/Ui.java","79","PARAMETER","width(net.minecraft.client.gui.Font,net.minecraft.network.chat.FormattedText)","text","content","待验证"
"src/main/java/xiaocaoawa/minecraft/mod/cobblebattle/client/Ui.java","80","BINDING_VARIABLE","width(net.minecraft.client.gui.Font,net.minecraft.network.chat.FormattedText)","component","styledComponent","待验证"
"src/main/java/xiaocaoawa/minecraft/mod/cobblebattle/client/ChatHud.java","13","FIELD","xiaocaoawa.minecraft.mod.cobblebattle.client.ChatHud","ROWS_PER_NOTCH","CHAT_LINES_PER_SCROLL_STEP","待验证"
"src/main/java/xiaocaoawa/minecraft/mod/cobblebattle/client/ChatHud.java","18","PARAMETER","render(net.minecraft.client.gui.GuiGraphics)","graphics","canvas","待验证"
"src/main/java/xiaocaoawa/minecraft/mod/cobblebattle/client/ChatHud.java","19","LOCAL_VARIABLE","render(net.minecraft.client.gui.GuiGraphics)","minecraft","gameClient","待验证"
"src/main/java/xiaocaoawa/minecraft/mod/cobblebattle/client/ChatHud.java","27","PARAMETER","drawOver(net.minecraft.client.gui.screens.Screen,net.minecraft.client.gui.GuiGraphics,int,int)","screen","activeScreen","待验证"
"src/main/java/xiaocaoawa/minecraft/mod/cobblebattle/client/ChatHud.java","27","PARAMETER","drawOver(net.minecraft.client.gui.screens.Screen,net.minecraft.client.gui.GuiGraphics,int,int)","graphics","canvas","待验证"
"src/main/java/xiaocaoawa/minecraft/mod/cobblebattle/client/ChatHud.java","27","PARAMETER","drawOver(net.minecraft.client.gui.screens.Screen,net.minecraft.client.gui.GuiGraphics,int,int)","mouseX","pointerX","待验证"
"src/main/java/xiaocaoawa/minecraft/mod/cobblebattle/client/ChatHud.java","27","PARAMETER","drawOver(net.minecraft.client.gui.screens.Screen,net.minecraft.client.gui.GuiGraphics,int,int)","mouseY","pointerY","待验证"
"src/main/java/xiaocaoawa/minecraft/mod/cobblebattle/client/ChatHud.java","28","LOCAL_VARIABLE","drawOver(net.minecraft.client.gui.screens.Screen,net.minecraft.client.gui.GuiGraphics,int,int)","minecraft","gameClient","待验证"
"src/main/java/xiaocaoawa/minecraft/mod/cobblebattle/client/ChatHud.java","37","PARAMETER","drawNameCard(net.minecraft.client.gui.GuiGraphics,int,int)","graphics","canvas","待验证"
"src/main/java/xiaocaoawa/minecraft/mod/cobblebattle/client/ChatHud.java","37","PARAMETER","drawNameCard(net.minecraft.client.gui.GuiGraphics,int,int)","mouseX","pointerX","待验证"
"src/main/java/xiaocaoawa/minecraft/mod/cobblebattle/client/ChatHud.java","37","PARAMETER","drawNameCard(net.minecraft.client.gui.GuiGraphics,int,int)","mouseY","pointerY","待验证"
"src/main/java/xiaocaoawa/minecraft/mod/cobblebattle/client/ChatHud.java","38","LOCAL_VARIABLE","drawNameCard(net.minecraft.client.gui.GuiGraphics,int,int)","line","hoveredLine","待验证"
"src/main/java/xiaocaoawa/minecraft/mod/cobblebattle/client/ChatHud.java","40","LOCAL_VARIABLE","drawNameCard(net.minecraft.client.gui.GuiGraphics,int,int)","card","identityTooltipLines","待验证"
"src/main/java/xiaocaoawa/minecraft/mod/cobblebattle/client/ChatHud.java","49","PARAMETER","interactiveOver(net.minecraft.client.gui.screens.Screen)","screen","activeScreen","待验证"
"src/main/java/xiaocaoawa/minecraft/mod/cobblebattle/client/ChatHud.java","55","METHOD","xiaocaoawa.minecraft.mod.cobblebattle.client.ChatHud","draw","drawChatPanel","待验证"
"src/main/java/xiaocaoawa/minecraft/mod/cobblebattle/client/ChatHud.java","55","PARAMETER","draw(net.minecraft.client.gui.GuiGraphics,int,int,java.lang.String)","graphics","canvas","待验证"
"src/main/java/xiaocaoawa/minecraft/mod/cobblebattle/client/ChatHud.java","55","PARAMETER","draw(net.minecraft.client.gui.GuiGraphics,int,int,java.lang.String)","screenWidth","viewportWidth","待验证"
"src/main/java/xiaocaoawa/minecraft/mod/cobblebattle/client/ChatHud.java","55","PARAMETER","draw(net.minecraft.client.gui.GuiGraphics,int,int,java.lang.String)","screenHeight","viewportHeight","待验证"
"src/main/java/xiaocaoawa/minecraft/mod/cobblebattle/client/ChatHud.java","55","PARAMETER","draw(net.minecraft.client.gui.GuiGraphics,int,int,java.lang.String)","draft","inputDraft","待验证"
"src/main/java/xiaocaoawa/minecraft/mod/cobblebattle/client/ChatHud.java","56","LOCAL_VARIABLE","draw(net.minecraft.client.gui.GuiGraphics,int,int,java.lang.String)","minecraft","gameClient","待验证"
"src/main/java/xiaocaoawa/minecraft/mod/cobblebattle/client/ChatHud.java","57","LOCAL_VARIABLE","draw(net.minecraft.client.gui.GuiGraphics,int,int,java.lang.String)","originX","panelLeft","待验证"
"src/main/java/xiaocaoawa/minecraft/mod/cobblebattle/client/ChatHud.java","58","LOCAL_VARIABLE","draw(net.minecraft.client.gui.GuiGraphics,int,int,java.lang.String)","originY","panelTop","待验证"
"src/main/java/xiaocaoawa/minecraft/mod/cobblebattle/client/ChatHud.java","61","LOCAL_VARIABLE","draw(net.minecraft.client.gui.GuiGraphics,int,int,java.lang.String)","empty","emptyStateMessage","待验证"
"src/main/java/xiaocaoawa/minecraft/mod/cobblebattle/client/ChatHud.java","72","PARAMETER","scroll(double)","notches","scrollWheelDelta","待验证"
"src/main/java/xiaocaoawa/minecraft/mod/cobblebattle/client/ChatHud.java","73","LOCAL_VARIABLE","scroll(double)","connectionRequested","targetScrollOffset","待验证"
"src/main/java/xiaocaoawa/minecraft/mod/cobblebattle/client/ChatHud.java","74","LOCAL_VARIABLE","scroll(double)","max","maximumScroll","待验证"
"src/main/java/xiaocaoawa/minecraft/mod/cobblebattle/client/ChatHud.java","78","METHOD","xiaocaoawa.minecraft.mod.cobblebattle.client.ChatHud","drawHint","drawInputHint","待验证"
"src/main/java/xiaocaoawa/minecraft/mod/cobblebattle/client/ChatHud.java","78","PARAMETER","drawHint(net.minecraft.client.gui.GuiGraphics,int,int)","graphics","canvas","待验证"
"src/main/java/xiaocaoawa/minecraft/mod/cobblebattle/client/ChatHud.java","78","PARAMETER","drawHint(net.minecraft.client.gui.GuiGraphics,int,int)","originX","panelLeft","待验证"
"src/main/java/xiaocaoawa/minecraft/mod/cobblebattle/client/ChatHud.java","78","PARAMETER","drawHint(net.minecraft.client.gui.GuiGraphics,int,int)","originY","panelTop","待验证"
"src/main/java/xiaocaoawa/minecraft/mod/cobblebattle/client/ChatHud.java","79","LOCAL_VARIABLE","drawHint(net.minecraft.client.gui.GuiGraphics,int,int)","minecraft","gameClient","待验证"
"src/main/java/xiaocaoawa/minecraft/mod/cobblebattle/client/ChatHud.java","80","LOCAL_VARIABLE","drawHint(net.minecraft.client.gui.GuiGraphics,int,int)","hint","inputHint","待验证"
"src/main/java/xiaocaoawa/minecraft/mod/cobblebattle/client/ChatHud.java","81","LOCAL_VARIABLE","drawHint(net.minecraft.client.gui.GuiGraphics,int,int)","left","inputLeft","待验证"
"src/main/java/xiaocaoawa/minecraft/mod/cobblebattle/client/ChatHud.java","82","LOCAL_VARIABLE","drawHint(net.minecraft.client.gui.GuiGraphics,int,int)","top","inputTop","待验证"
"src/main/java/xiaocaoawa/minecraft/mod/cobblebattle/client/ChatHud.java","88","METHOD","xiaocaoawa.minecraft.mod.cobblebattle.client.ChatHud","drawDraft","drawInputDraft","待验证"
"src/main/java/xiaocaoawa/minecraft/mod/cobblebattle/client/ChatHud.java","88","PARAMETER","drawDraft(net.minecraft.client.gui.GuiGraphics,int,int,java.lang.String)","graphics","canvas","待验证"
"src/main/java/xiaocaoawa/minecraft/mod/cobblebattle/client/ChatHud.java","88","PARAMETER","drawDraft(net.minecraft.client.gui.GuiGraphics,int,int,java.lang.String)","originX","panelLeft","待验证"
"src/main/java/xiaocaoawa/minecraft/mod/cobblebattle/client/ChatHud.java","88","PARAMETER","drawDraft(net.minecraft.client.gui.GuiGraphics,int,int,java.lang.String)","originY","panelTop","待验证"
"src/main/java/xiaocaoawa/minecraft/mod/cobblebattle/client/ChatHud.java","88","PARAMETER","drawDraft(net.minecraft.client.gui.GuiGraphics,int,int,java.lang.String)","draft","inputDraft","待验证"
"src/main/java/xiaocaoawa/minecraft/mod/cobblebattle/client/ChatHud.java","89","LOCAL_VARIABLE","drawDraft(net.minecraft.client.gui.GuiGraphics,int,int,java.lang.String)","minecraft","gameClient","待验证"
"src/main/java/xiaocaoawa/minecraft/mod/cobblebattle/client/ChatHud.java","90","LOCAL_VARIABLE","drawDraft(net.minecraft.client.gui.GuiGraphics,int,int,java.lang.String)","left","inputLeft","待验证"
"src/main/java/xiaocaoawa/minecraft/mod/cobblebattle/client/ChatHud.java","91","LOCAL_VARIABLE","drawDraft(net.minecraft.client.gui.GuiGraphics,int,int,java.lang.String)","top","inputTop","待验证"
"src/main/java/xiaocaoawa/minecraft/mod/cobblebattle/client/ChatHud.java","92","LOCAL_VARIABLE","drawDraft(net.minecraft.client.gui.GuiGraphics,int,int,java.lang.String)","usable","availableTextWidth","待验证"
"src/main/java/xiaocaoawa/minecraft/mod/cobblebattle/client/ChatHud.java","93","LOCAL_VARIABLE","drawDraft(net.minecraft.client.gui.GuiGraphics,int,int,java.lang.String)","shown","visibleDraft","待验证"
"src/main/java/xiaocaoawa/minecraft/mod/cobblebattle/client/ChatHud.java","99","LOCAL_VARIABLE","drawDraft(net.minecraft.client.gui.GuiGraphics,int,int,java.lang.String)","textY","textTop","待验证"
"src/main/java/xiaocaoawa/minecraft/mod/cobblebattle/client/ChatHud.java","103","LOCAL_VARIABLE","drawDraft(net.minecraft.client.gui.GuiGraphics,int,int,java.lang.String)","caretX","caretLeft","待验证"
"src/main/java/xiaocaoawa/minecraft/mod/cobblebattle/lang/Msg.java","18","FIELD","xiaocaoawa.minecraft.mod.cobblebattle.lang.Msg","LOGGER","LOG","待验证"
"src/main/java/xiaocaoawa/minecraft/mod/cobblebattle/lang/Msg.java","19","FIELD","xiaocaoawa.minecraft.mod.cobblebattle.lang.Msg","FALLBACK","DEFAULT_LANGUAGE_CODE","待验证"
"src/main/java/xiaocaoawa/minecraft/mod/cobblebattle/lang/Msg.java","20","FIELD","xiaocaoawa.minecraft.mod.cobblebattle.lang.Msg","RESOURCE_DIR","BUNDLED_CATALOGUE_DIRECTORY","待验证"
"src/main/java/xiaocaoawa/minecraft/mod/cobblebattle/lang/Msg.java","21","FIELD","xiaocaoawa.minecraft.mod.cobblebattle.lang.Msg","EXTERNAL_DIR","EXTERNAL_CATALOGUE_DIRECTORY","待验证"
"src/main/java/xiaocaoawa/minecraft/mod/cobblebattle/lang/Msg.java","22","FIELD","xiaocaoawa.minecraft.mod.cobblebattle.lang.Msg","strings","activeMessages","待验证"
"src/main/java/xiaocaoawa/minecraft/mod/cobblebattle/lang/Msg.java","23","FIELD","xiaocaoawa.minecraft.mod.cobblebattle.lang.Msg","language","activeLanguageCode","待验证"
"src/main/java/xiaocaoawa/minecraft/mod/cobblebattle/lang/Msg.java","32","PARAMETER","init(java.lang.String)","code","languageCode","待验证"
"src/main/java/xiaocaoawa/minecraft/mod/cobblebattle/lang/Msg.java","33","LOCAL_VARIABLE","init(java.lang.String)","connectionRequested","resolvedLanguageCode","待验证"
"src/main/java/xiaocaoawa/minecraft/mod/cobblebattle/lang/Msg.java","34","LOCAL_VARIABLE","init(java.lang.String)","fallback","fallbackMessages","待验证"
"src/main/java/xiaocaoawa/minecraft/mod/cobblebattle/lang/Msg.java","40","LOCAL_VARIABLE","init(java.lang.String)","chosen","mergedMessages","待验证"
"src/main/java/xiaocaoawa/minecraft/mod/cobblebattle/lang/Msg.java","43","LOCAL_VARIABLE","init(java.lang.String)","bundled","localizedMessages","待验证"
"src/main/java/xiaocaoawa/minecraft/mod/cobblebattle/lang/Msg.java","52","LOCAL_VARIABLE","init(java.lang.String)","external","overrideMessages","待验证"
"src/main/java/xiaocaoawa/minecraft/mod/cobblebattle/lang/Msg.java","61","METHOD","xiaocaoawa.minecraft.mod.cobblebattle.lang.Msg","loadBundled","loadBundledCatalogue","待验证"
"src/main/java/xiaocaoawa/minecraft/mod/cobblebattle/lang/Msg.java","61","PARAMETER","loadBundled(java.lang.String)","code","languageCode","待验证"
"src/main/java/xiaocaoawa/minecraft/mod/cobblebattle/lang/Msg.java","62","LOCAL_VARIABLE","loadBundled(java.lang.String)","name","resourcePath","待验证"
"src/main/java/xiaocaoawa/minecraft/mod/cobblebattle/lang/Msg.java","65","LOCAL_VARIABLE","loadBundled(java.lang.String)","var4","loadedCatalogue","待验证"
"src/main/java/xiaocaoawa/minecraft/mod/cobblebattle/lang/Msg.java","66","RESOURCE_VARIABLE","loadBundled(java.lang.String)","in","resourceStream","待验证"
"src/main/java/xiaocaoawa/minecraft/mod/cobblebattle/lang/Msg.java","71","LOCAL_VARIABLE","loadBundled(java.lang.String)","p","catalogue","待验证"
"src/main/java/xiaocaoawa/minecraft/mod/cobblebattle/lang/Msg.java","83","METHOD","xiaocaoawa.minecraft.mod.cobblebattle.lang.Msg","loadExternal","loadExternalCatalogue","待验证"
"src/main/java/xiaocaoawa/minecraft/mod/cobblebattle/lang/Msg.java","83","PARAMETER","loadExternal(java.lang.String)","code","languageCode","待验证"
"src/main/java/xiaocaoawa/minecraft/mod/cobblebattle/lang/Msg.java","84","LOCAL_VARIABLE","loadExternal(java.lang.String)","file","catalogueFile","待验证"
"src/main/java/xiaocaoawa/minecraft/mod/cobblebattle/lang/Msg.java","89","LOCAL_VARIABLE","loadExternal(java.lang.String)","var4","loadedCatalogue","待验证"
"src/main/java/xiaocaoawa/minecraft/mod/cobblebattle/lang/Msg.java","90","RESOURCE_VARIABLE","loadExternal(java.lang.String)","reader","catalogueReader","待验证"
"src/main/java/xiaocaoawa/minecraft/mod/cobblebattle/lang/Msg.java","91","LOCAL_VARIABLE","loadExternal(java.lang.String)","p","catalogue","待验证"
"src/main/java/xiaocaoawa/minecraft/mod/cobblebattle/lang/Msg.java","105","PARAMETER","raw(java.lang.String,java.lang.Object...)","key","messageKey","待验证"
"src/main/java/xiaocaoawa/minecraft/mod/cobblebattle/lang/Msg.java","105","PARAMETER","raw(java.lang.String,java.lang.Object...)","args","substitutions","待验证"
"src/main/java/xiaocaoawa/minecraft/mod/cobblebattle/lang/Msg.java","106","LOCAL_VARIABLE","raw(java.lang.String,java.lang.Object...)","template","messageTemplate","待验证"
"src/main/java/xiaocaoawa/minecraft/mod/cobblebattle/lang/Msg.java","111","LOCAL_VARIABLE","raw(java.lang.String,java.lang.Object...)","outputStream","renderedText","待验证"
"src/main/java/xiaocaoawa/minecraft/mod/cobblebattle/lang/Msg.java","113","LOCAL_VARIABLE","raw(java.lang.String,java.lang.Object...)","i","substitutionIndex","待验证"
"src/main/java/xiaocaoawa/minecraft/mod/cobblebattle/lang/Msg.java","121","PARAMETER","of(java.lang.String,java.lang.Object...)","key","messageKey","待验证"
"src/main/java/xiaocaoawa/minecraft/mod/cobblebattle/lang/Msg.java","121","PARAMETER","of(java.lang.String,java.lang.Object...)","args","substitutions","待验证"
"src/main/java/xiaocaoawa/minecraft/mod/cobblebattle/lang/Msg.java","125","PARAMETER","of(net.minecraft.ChatFormatting,java.lang.String,java.lang.Object...)","style","textStyle","待验证"
"src/main/java/xiaocaoawa/minecraft/mod/cobblebattle/lang/Msg.java","125","PARAMETER","of(net.minecraft.ChatFormatting,java.lang.String,java.lang.Object...)","key","messageKey","待验证"
"src/main/java/xiaocaoawa/minecraft/mod/cobblebattle/lang/Msg.java","125","PARAMETER","of(net.minecraft.ChatFormatting,java.lang.String,java.lang.Object...)","args","substitutions","待验证"
"src/main/java/xiaocaoawa/minecraft/mod/cobblebattle/lang/Msg.java","129","PARAMETER","compose(java.lang.String,java.lang.Object...)","key","messageKey","待验证"
"src/main/java/xiaocaoawa/minecraft/mod/cobblebattle/lang/Msg.java","129","PARAMETER","compose(java.lang.String,java.lang.Object...)","args","substitutions","待验证"
"src/main/java/xiaocaoawa/minecraft/mod/cobblebattle/lang/Msg.java","130","LOCAL_VARIABLE","compose(java.lang.String,java.lang.Object...)","template","messageTemplate","待验证"
"src/main/java/xiaocaoawa/minecraft/mod/cobblebattle/lang/Msg.java","135","LOCAL_VARIABLE","compose(java.lang.String,java.lang.Object...)","outputStream","assembledMessage","待验证"
"src/main/java/xiaocaoawa/minecraft/mod/cobblebattle/lang/Msg.java","136","LOCAL_VARIABLE","compose(java.lang.String,java.lang.Object...)","plain","literalBuffer","待验证"
"src/main/java/xiaocaoawa/minecraft/mod/cobblebattle/lang/Msg.java","138","LOCAL_VARIABLE","compose(java.lang.String,java.lang.Object...)","i","cursorIndex","待验证"
"src/main/java/xiaocaoawa/minecraft/mod/cobblebattle/lang/Msg.java","139","LOCAL_VARIABLE","compose(java.lang.String,java.lang.Object...)","c","currentCharacter","待验证"
"src/main/java/xiaocaoawa/minecraft/mod/cobblebattle/lang/Msg.java","140","LOCAL_VARIABLE","compose(java.lang.String,java.lang.Object...)","close","placeholderEnd","待验证"
"src/main/java/xiaocaoawa/minecraft/mod/cobblebattle/lang/Msg.java","141","LOCAL_VARIABLE","compose(java.lang.String,java.lang.Object...)","index","substitutionIndex","待验证"
"src/main/java/xiaocaoawa/minecraft/mod/cobblebattle/lang/Msg.java","155","LOCAL_VARIABLE","compose(java.lang.String,java.lang.Object...)","arg","substitution","待验证"
"src/main/java/xiaocaoawa/minecraft/mod/cobblebattle/lang/Msg.java","156","BINDING_VARIABLE","compose(java.lang.String,java.lang.Object...)","component","componentSubstitution","待验证"
"src/main/java/xiaocaoawa/minecraft/mod/cobblebattle/lang/Msg.java","171","PARAMETER","compose(net.minecraft.ChatFormatting,java.lang.String,java.lang.Object...)","style","textStyle","待验证"
"src/main/java/xiaocaoawa/minecraft/mod/cobblebattle/lang/Msg.java","171","PARAMETER","compose(net.minecraft.ChatFormatting,java.lang.String,java.lang.Object...)","key","messageKey","待验证"
"src/main/java/xiaocaoawa/minecraft/mod/cobblebattle/lang/Msg.java","171","PARAMETER","compose(net.minecraft.ChatFormatting,java.lang.String,java.lang.Object...)","args","substitutions","待验证"
